ISO-10303-21;
HEADER;

/* File generated by Shapr3D Version 26.180.0.11819 */

FILE_DESCRIPTION(('HOOPS Exchange Step'),'2;1');

FILE_NAME('/Users/user/Library/Containers/com.shapr3d.shapr/Data/tmp/export/temp_export',
'2026-09-18T02:53:18+02:00',
('user'),
('Shapr3D Limited'),
'HOOPS Exchange 2026.7',
'Shapr3D',
'Authorized');

FILE_SCHEMA( ('AP242_MANAGED_MODEL_BASED_3D_ENGINEERING_MIM_LF {1 0 10303 442 1 1 4}') );

ENDSEC;

DATA;
#3=(NAMED_UNIT(*)PLANE_ANGLE_UNIT()SI_UNIT($,.RADIAN.));
#4=PLANE_ANGLE_MEASURE_WITH_UNIT(PLANE_ANGLE_MEASURE(0.0174532925),#3);
#5=(CONVERSION_BASED_UNIT('DEGREE',#4)NAMED_UNIT(#6)PLANE_ANGLE_UNIT());
#6=DIMENSIONAL_EXPONENTS(0.,0.,0.,0.,0.,0.,0.);
#7=(NAMED_UNIT(*)SI_UNIT($,.STERADIAN.)SOLID_ANGLE_UNIT());
#8=(LENGTH_UNIT()NAMED_UNIT(*)SI_UNIT(.MILLI.,.METRE.));
#9=UNCERTAINTY_MEASURE_WITH_UNIT(LENGTH_MEASURE(1.000000E-03),#8,'DISTANCE_ACCURACY_VALUE','Maximum Tolerance applied to model');
#10=(GEOMETRIC_REPRESENTATION_CONTEXT(3)GLOBAL_UNCERTAINTY_ASSIGNED_CONTEXT((#9))GLOBAL_UNIT_ASSIGNED_CONTEXT((#8,#5,#7))REPRESENTATION_CONTEXT('','root'));
#12=CARTESIAN_POINT('',(0.,0.,0.));
#13=DIRECTION('',(0.,0.,1.));
#14=DIRECTION('',(1.,0.,0.));
#15=AXIS2_PLACEMENT_3D('',#12,#13,#14);
#26=(NAMED_UNIT(*)PLANE_ANGLE_UNIT()SI_UNIT($,.RADIAN.));
#27=PLANE_ANGLE_MEASURE_WITH_UNIT(PLANE_ANGLE_MEASURE(0.0174532925),#26);
#28=(CONVERSION_BASED_UNIT('DEGREE',#27)NAMED_UNIT(#29)PLANE_ANGLE_UNIT());
#29=DIMENSIONAL_EXPONENTS(0.,0.,0.,0.,0.,0.,0.);
#30=(NAMED_UNIT(*)SI_UNIT($,.STERADIAN.)SOLID_ANGLE_UNIT());
#31=(LENGTH_UNIT()NAMED_UNIT(*)SI_UNIT(.MILLI.,.METRE.));
#32=UNCERTAINTY_MEASURE_WITH_UNIT(LENGTH_MEASURE(1.000000E-05),#31,'DISTANCE_ACCURACY_VALUE','Maximum Tolerance applied to model');
#33=(GEOMETRIC_REPRESENTATION_CONTEXT(3)GLOBAL_UNCERTAINTY_ASSIGNED_CONTEXT((#32))GLOBAL_UNIT_ASSIGNED_CONTEXT((#31,#28,#30))REPRESENTATION_CONTEXT('','Monolithic Laptop Passive Cooler'));
#45=CARTESIAN_POINT('',(0.,0.,0.));
#46=DIRECTION('',(0.,0.,1.));
#47=DIRECTION('',(1.,0.,-0.));
#48=AXIS2_PLACEMENT_3D('',#45,#46,#47);
#49=ITEM_DEFINED_TRANSFORMATION('','',#48,#15);
#50=(REPRESENTATION_RELATIONSHIP('','',#35,#16)REPRESENTATION_RELATIONSHIP_WITH_TRANSFORMATION(#49)SHAPE_REPRESENTATION_RELATIONSHIP());
#51=NEXT_ASSEMBLY_USAGE_OCCURRENCE('Monolithic Laptop Passive Cooler_1','Monolithic Laptop Passive Cooler','Monolithic Laptop Passive Cooler',#25,#44,$);
#52=PRODUCT_DEFINITION_SHAPE('','',#51);
#53=CONTEXT_DEPENDENT_SHAPE_REPRESENTATION(#50,#52);
#55=CARTESIAN_POINT('',(-102.5,-15.094633876,10.));
#56=DIRECTION('',(-0.,-0.,1.));
#57=DIRECTION('',(0.,-1.,-0.));
#58=AXIS2_PLACEMENT_3D('',#55,#56,#57);
#59=PLANE('',#58);
#60=CARTESIAN_POINT('',(-112.5,-43.875109611,10.));
#61=VERTEX_POINT('',#60);
#62=CARTESIAN_POINT('',(-112.5,29.190510639,10.));
#63=VERTEX_POINT('',#62);
#64=CARTESIAN_POINT('',(-112.5,-43.875109611,10.));
#65=DIRECTION('',(0.,1.,0.));
#66=VECTOR('',#65,73.06562025);
#67=LINE('',#64,#66);
#68=EDGE_CURVE('',#61,#63,#67,.T.);
#69=ORIENTED_EDGE('',*,*,#68,.T.);
#70=CARTESIAN_POINT('',(-107.5,29.190510639,10.));
#71=VERTEX_POINT('',#70);
#72=CARTESIAN_POINT('',(-112.5,29.190510639,10.));
#73=DIRECTION('',(1.,-0.,0.));
#74=VECTOR('',#73,5.);
#75=LINE('',#72,#74);
#76=EDGE_CURVE('',#63,#71,#75,.T.);
#77=ORIENTED_EDGE('',*,*,#76,.T.);
#78=CARTESIAN_POINT('',(-107.5,-43.875109611,10.));
#79=VERTEX_POINT('',#78);
#80=CARTESIAN_POINT('',(-107.5,-43.875109611,10.));
#81=DIRECTION('',(0.,1.,0.));
#82=VECTOR('',#81,73.06562025);
#83=LINE('',#80,#82);
#84=EDGE_CURVE('',#79,#71,#83,.T.);
#85=ORIENTED_EDGE('',*,*,#84,.F.);
#86=CARTESIAN_POINT('',(-107.5,-43.875109611,10.));
#87=DIRECTION('',(-1.,0.,0.));
#88=VECTOR('',#87,5.);
#89=LINE('',#86,#88);
#90=EDGE_CURVE('',#79,#61,#89,.T.);
#91=ORIENTED_EDGE('',*,*,#90,.T.);
#92=EDGE_LOOP('',(#69,#77,#85,#91));
#93=FACE_BOUND('',#92,.T.);
#94=ADVANCED_FACE('',(#93),#59,.F.);
#95=CARTESIAN_POINT('',(-107.5,-2.5,0.));
#96=DIRECTION('',(1.,-0.,0.));
#97=DIRECTION('',(0.,1.,0.));
#98=AXIS2_PLACEMENT_3D('',#95,#96,#97);
#99=PLANE('',#98);
#100=CARTESIAN_POINT('',(-107.5,-95.682673428,0.769230769));
#101=VERTEX_POINT('',#100);
#102=CARTESIAN_POINT('',(-107.5,-43.875109611,-140.));
#103=DIRECTION('',(1.,-0.,0.));
#104=DIRECTION('',(0.,1.,0.));
#105=AXIS2_PLACEMENT_3D('',#102,#103,#104);
#106=CIRCLE('',#105,150.);
#107=EDGE_CURVE('',#79,#101,#106,.T.);
#108=ORIENTED_EDGE('',*,*,#107,.F.);
#109=ORIENTED_EDGE('',*,*,#84,.T.);
#110=CARTESIAN_POINT('',(-107.5,79.170098309,1.428571429));
#111=VERTEX_POINT('',#110);
#112=CARTESIAN_POINT('',(-107.5,29.190510639,-140.));
#113=DIRECTION('',(-1.,0.,-0.));
#114=DIRECTION('',(0.,1.,0.));
#115=AXIS2_PLACEMENT_3D('',#112,#113,#114);
#116=CIRCLE('',#115,150.);
#117=EDGE_CURVE('',#71,#111,#116,.T.);
#118=ORIENTED_EDGE('',*,*,#117,.T.);
#119=CARTESIAN_POINT('',(-107.5,112.500029587,25.));
#120=VERTEX_POINT('',#119);
#121=CARTESIAN_POINT('',(-107.5,87.500029587,25.));
#122=DIRECTION('',(1.,-0.,0.));
#123=DIRECTION('',(0.,1.,0.));
#124=AXIS2_PLACEMENT_3D('',#121,#122,#123);
#125=CIRCLE('',#124,25.);
#126=EDGE_CURVE('',#111,#120,#125,.T.);
#127=ORIENTED_EDGE('',*,*,#126,.T.);
#128=CARTESIAN_POINT('',(-107.5,112.500029587,65.782861893));
#129=VERTEX_POINT('',#128);
#130=CARTESIAN_POINT('',(-107.5,112.500029587,65.782861893));
#131=DIRECTION('',(0.,0.,-1.));
#132=VECTOR('',#131,40.782861893);
#133=LINE('',#130,#132);
#134=EDGE_CURVE('',#129,#120,#133,.T.);
#135=ORIENTED_EDGE('',*,*,#134,.F.);
#136=CARTESIAN_POINT('',(-107.5,77.932943778,88.879850206));
#137=VERTEX_POINT('',#136);
#138=CARTESIAN_POINT('',(-107.5,87.500029587,65.782861893));
#139=DIRECTION('',(1.,-0.,0.));
#140=DIRECTION('',(0.,0.,-1.));
#141=AXIS2_PLACEMENT_3D('',#138,#139,#140);
#142=CIRCLE('',#141,25.);
#143=EDGE_CURVE('',#129,#137,#142,.T.);
#144=ORIENTED_EDGE('',*,*,#143,.T.);
#145=CARTESIAN_POINT('',(-107.5,75.623244947,87.923141625));
#146=VERTEX_POINT('',#145);
#147=CARTESIAN_POINT('',(-107.5,77.932943778,88.879850206));
#148=DIRECTION('',(-0.,-0.923879533,-0.382683432));
#149=VECTOR('',#148,2.5);
#150=LINE('',#147,#149);
#151=EDGE_CURVE('',#137,#146,#150,.T.);
#152=ORIENTED_EDGE('',*,*,#151,.T.);
#153=CARTESIAN_POINT('',(-107.5,78.493370689,80.994045131));
#154=VERTEX_POINT('',#153);
#155=CARTESIAN_POINT('',(-107.5,75.623244947,87.923141625));
#156=DIRECTION('',(0.,0.382683432,-0.923879533));
#157=VECTOR('',#156,7.5);
#158=LINE('',#155,#157);
#159=EDGE_CURVE('',#146,#154,#158,.T.);
#160=ORIENTED_EDGE('',*,*,#159,.T.);
#161=CARTESIAN_POINT('',(-107.5,-108.650301032,3.476598192));
#162=VERTEX_POINT('',#161);
#163=CARTESIAN_POINT('',(-107.5,78.493370689,80.994045131));
#164=DIRECTION('',(-0.,-0.923879533,-0.382683432));
#165=VECTOR('',#164,202.562850605);
#166=LINE('',#163,#165);
#167=EDGE_CURVE('',#154,#162,#166,.T.);
#168=ORIENTED_EDGE('',*,*,#167,.T.);
#169=CARTESIAN_POINT('',(-107.5,-99.999970413,12.5));
#170=DIRECTION('',(1.,-0.,0.));
#171=DIRECTION('',(0.,1.,0.));
#172=AXIS2_PLACEMENT_3D('',#169,#170,#171);
#173=CIRCLE('',#172,12.5);
#174=EDGE_CURVE('',#162,#101,#173,.T.);
#175=ORIENTED_EDGE('',*,*,#174,.T.);
#176=EDGE_LOOP('',(#108,#109,#118,#127,#135,#144,#152,#160,#168,#175));
#177=FACE_BOUND('',#176,.T.);
#178=ADVANCED_FACE('',(#177),#99,.T.);
#179=CARTESIAN_POINT('',(-112.5,-2.5,0.));
#180=DIRECTION('',(1.,-0.,0.));
#181=DIRECTION('',(0.,1.,0.));
#182=AXIS2_PLACEMENT_3D('',#179,#180,#181);
#183=PLANE('',#182);
#184=CARTESIAN_POINT('',(-112.5,-112.398181311,10.908030613));
#185=VERTEX_POINT('',#184);
#186=CARTESIAN_POINT('',(-112.5,-95.682673428,0.769230769));
#187=VERTEX_POINT('',#186);
#188=CARTESIAN_POINT('',(-112.5,-99.999970413,12.5));
#189=DIRECTION('',(1.,-0.,0.));
#190=DIRECTION('',(-0.,-0.991856872,-0.127357551));
#191=AXIS2_PLACEMENT_3D('',#188,#189,#190);
#192=CIRCLE('',#191,12.5);
#193=EDGE_CURVE('',#185,#187,#192,.T.);
#194=ORIENTED_EDGE('',*,*,#193,.F.);
#195=CARTESIAN_POINT('',(-112.5,-104.700395666,14.096557827));
#196=VERTEX_POINT('',#195);
#197=CARTESIAN_POINT('',(-112.5,-112.398181311,10.908030613));
#198=DIRECTION('',(0.,0.923879533,0.382683432));
#199=VECTOR('',#198,8.332023142);
#200=LINE('',#197,#199);
#201=EDGE_CURVE('',#185,#196,#200,.T.);
#202=ORIENTED_EDGE('',*,*,#201,.T.);
#203=CARTESIAN_POINT('',(-112.5,-102.700749763,14.05892452));
#204=VERTEX_POINT('',#203);
#205=CARTESIAN_POINT('',(-112.5,-103.657458344,16.368623351));
#206=DIRECTION('',(-1.,0.,-0.));
#207=DIRECTION('',(0.,1.,0.));
#208=AXIS2_PLACEMENT_3D('',#205,#206,#207);
#209=CIRCLE('',#208,2.5);
#210=EDGE_CURVE('',#204,#196,#209,.T.);
#211=ORIENTED_EDGE('',*,*,#210,.F.);
#212=CARTESIAN_POINT('',(-112.5,77.932943778,88.879850206));
#213=VERTEX_POINT('',#212);
#214=CARTESIAN_POINT('',(-112.5,77.932943778,88.879850206));
#215=DIRECTION('',(-0.,-0.923879533,-0.382683432));
#216=VECTOR('',#215,195.516500999);
#217=LINE('',#214,#216);
#218=EDGE_CURVE('',#213,#204,#217,.T.);
#219=ORIENTED_EDGE('',*,*,#218,.F.);
#220=CARTESIAN_POINT('',(-112.5,112.500029587,65.782861893));
#221=VERTEX_POINT('',#220);
#222=CARTESIAN_POINT('',(-112.5,87.500029587,65.782861893));
#223=DIRECTION('',(1.,-0.,0.));
#224=DIRECTION('',(0.,0.,-1.));
#225=AXIS2_PLACEMENT_3D('',#222,#223,#224);
#226=CIRCLE('',#225,25.);
#227=EDGE_CURVE('',#221,#213,#226,.T.);
#228=ORIENTED_EDGE('',*,*,#227,.F.);
#229=CARTESIAN_POINT('',(-112.5,112.500029587,25.));
#230=VERTEX_POINT('',#229);
#231=CARTESIAN_POINT('',(-112.5,112.500029587,65.782861893));
#232=DIRECTION('',(0.,0.,-1.));
#233=VECTOR('',#232,40.782861893);
#234=LINE('',#231,#233);
#235=EDGE_CURVE('',#221,#230,#234,.T.);
#236=ORIENTED_EDGE('',*,*,#235,.T.);
#237=CARTESIAN_POINT('',(-112.5,79.170098309,1.428571429));
#238=VERTEX_POINT('',#237);
#239=CARTESIAN_POINT('',(-112.5,87.500029587,25.));
#240=DIRECTION('',(-1.,0.,-0.));
#241=DIRECTION('',(0.,1.,0.));
#242=AXIS2_PLACEMENT_3D('',#239,#240,#241);
#243=CIRCLE('',#242,25.);
#244=EDGE_CURVE('',#230,#238,#243,.T.);
#245=ORIENTED_EDGE('',*,*,#244,.T.);
#246=CARTESIAN_POINT('',(-112.5,29.190510639,-140.));
#247=DIRECTION('',(1.,-0.,0.));
#248=DIRECTION('',(0.,1.,0.));
#249=AXIS2_PLACEMENT_3D('',#246,#247,#248);
#250=CIRCLE('',#249,150.);
#251=EDGE_CURVE('',#238,#63,#250,.T.);
#252=ORIENTED_EDGE('',*,*,#251,.T.);
#253=ORIENTED_EDGE('',*,*,#68,.F.);
#254=CARTESIAN_POINT('',(-112.5,-43.875109611,-140.));
#255=DIRECTION('',(1.,-0.,0.));
#256=DIRECTION('',(-0.,-0.,1.));
#257=AXIS2_PLACEMENT_3D('',#254,#255,#256);
#258=CIRCLE('',#257,150.);
#259=EDGE_CURVE('',#61,#187,#258,.T.);
#260=ORIENTED_EDGE('',*,*,#259,.T.);
#261=EDGE_LOOP('',(#194,#202,#211,#219,#228,#236,#245,#252,#253,#260));
#262=FACE_BOUND('',#261,.T.);
#263=ADVANCED_FACE('',(#262),#183,.F.);
#264=CARTESIAN_POINT('',(-102.5,-99.999970413,12.5));
#265=DIRECTION('',(-1.,0.,0.));
#266=DIRECTION('',(-0.,-1.,0.));
#267=AXIS2_PLACEMENT_3D('',#264,#265,#266);
#268=CYLINDRICAL_SURFACE('',#267,12.5);
#269=CARTESIAN_POINT('',(-112.219270634,-112.499970413,12.5));
#270=VERTEX_POINT('',#269);
#271=CARTESIAN_POINT('',(-112.219270634,-112.499970413,12.5));
#272=CARTESIAN_POINT('',(-112.311247689,-112.499970413,12.241555691));
#273=CARTESIAN_POINT('',(-112.380794737,-112.491964021,11.979667976));
#274=CARTESIAN_POINT('',(-112.427975856,-112.475258816,11.714392426));
#275=CARTESIAN_POINT('',(-112.475156974,-112.458553611,11.449116876));
#276=CARTESIAN_POINT('',(-112.5,-112.433161798,11.18045762));
#277=CARTESIAN_POINT('',(-112.5,-112.398181311,10.908030613));
#278=B_SPLINE_CURVE_WITH_KNOTS('',3,(#271,#272,#273,#274,#275,#276,#277),.UNSPECIFIED.,.F.,.F.,(4,3,4),(0.,0.000809867,0.001619733),.UNSPECIFIED.);
#279=EDGE_CURVE('',#270,#185,#278,.T.);
#280=ORIENTED_EDGE('',*,*,#279,.T.);
#281=ORIENTED_EDGE('',*,*,#193,.T.);
#282=CARTESIAN_POINT('',(-107.5,-95.682673428,0.769230769));
#283=DIRECTION('',(-1.,0.,0.));
#284=VECTOR('',#283,5.);
#285=LINE('',#282,#284);
#286=EDGE_CURVE('',#101,#187,#285,.T.);
#287=ORIENTED_EDGE('',*,*,#286,.F.);
#288=ORIENTED_EDGE('',*,*,#174,.F.);
#289=CARTESIAN_POINT('',(-105.,-110.343435912,5.481259264));
#290=VERTEX_POINT('',#289);
#291=CARTESIAN_POINT('',(-107.5,-108.650301032,3.476598192));
#292=CARTESIAN_POINT('',(-107.5,-108.772702041,3.59393855));
#293=CARTESIAN_POINT('',(-107.485656522,-108.890961994,3.712086176));
#294=CARTESIAN_POINT('',(-107.456735058,-109.005259618,3.830815128));
#295=CARTESIAN_POINT('',(-107.427813594,-109.119557241,3.949544081));
#296=CARTESIAN_POINT('',(-107.383785639,-109.230811293,4.069900994));
#297=CARTESIAN_POINT('',(-107.324719828,-109.335935318,4.187975019));
#298=CARTESIAN_POINT('',(-107.265654018,-109.441059344,4.306049044));
#299=CARTESIAN_POINT('',(-107.192583529,-109.538818366,4.42035097));
#300=CARTESIAN_POINT('',(-107.105273388,-109.629767155,4.530243749));
#301=CARTESIAN_POINT('',(-107.017963246,-109.720715944,4.640136528));
#302=CARTESIAN_POINT('',(-106.914903048,-109.805725137,4.746785032));
#303=CARTESIAN_POINT('',(-106.800447355,-109.8811547,4.84413969));
#304=CARTESIAN_POINT('',(-106.685991661,-109.956584263,4.941494348));
#305=CARTESIAN_POINT('',(-106.560434966,-110.022797787,5.029896056));
#306=CARTESIAN_POINT('',(-106.423616366,-110.080495417,5.108585004));
#307=CARTESIAN_POINT('',(-106.286797767,-110.138193047,5.187273952));
#308=CARTESIAN_POINT('',(-106.138027767,-110.187238927,5.256099303));
#309=CARTESIAN_POINT('',(-105.984636521,-110.225972357,5.311197302));
#310=CARTESIAN_POINT('',(-105.677854029,-110.303439219,5.4213933));
#311=CARTESIAN_POINT('',(-105.341137323,-110.343322034,5.48109145));
#312=CARTESIAN_POINT('',(-105.001464042,-110.343435664,5.481258901));
#313=CARTESIAN_POINT('',(-104.831627402,-110.343492479,5.481342627));
#314=CARTESIAN_POINT('',(-104.664716065,-110.333758758,5.466936286));
#315=CARTESIAN_POINT('',(-104.500691971,-110.314457919,5.438743207));
#316=CARTESIAN_POINT('',(-104.336667877,-110.29515708,5.410550129));
#317=CARTESIAN_POINT('',(-104.17371586,-110.265748623,5.36779627));
#318=CARTESIAN_POINT('',(-104.019592372,-110.227037368,5.312712507));
#319=CARTESIAN_POINT('',(-103.865468884,-110.188326112,5.257628745));
#320=CARTESIAN_POINT('',(-103.719687421,-110.140537113,5.190526852));
#321=CARTESIAN_POINT('',(-103.582238105,-110.082956138,5.111942146));
#322=CARTESIAN_POINT('',(-103.513513447,-110.054165651,5.072649793));
#323=CARTESIAN_POINT('',(-103.446573329,-110.022716959,5.030218193));
#324=CARTESIAN_POINT('',(-103.383108426,-109.989308334,4.985804907));
#325=CARTESIAN_POINT('',(-103.319643523,-109.955899708,4.94139162));
#326=CARTESIAN_POINT('',(-103.259401487,-109.9204615,4.89489585));
#327=CARTESIAN_POINT('',(-103.202285228,-109.882952382,4.846460466));
#328=CARTESIAN_POINT('',(-103.08805271,-109.807934147,4.749589699));
#329=CARTESIAN_POINT('',(-102.985827841,-109.724250731,4.644480116));
#330=CARTESIAN_POINT('',(-102.897151684,-109.632287691,4.533290274));
#331=CARTESIAN_POINT('',(-102.808475526,-109.54032465,4.422100432));
#332=CARTESIAN_POINT('',(-102.735230936,-109.442243448,4.307433182));
#333=CARTESIAN_POINT('',(-102.676343177,-109.337823728,4.190096543));
#334=CARTESIAN_POINT('',(-102.617455419,-109.233404008,4.072759904));
#335=CARTESIAN_POINT('',(-102.572823551,-109.121607884,3.951709594));
#336=CARTESIAN_POINT('',(-102.543588079,-109.00653408,3.832139196));
#337=CARTESIAN_POINT('',(-102.514352607,-108.891460276,3.712568798));
#338=CARTESIAN_POINT('',(-102.5,-108.772753212,3.593987605));
#339=CARTESIAN_POINT('',(-102.5,-108.650301032,3.476598192));
#340=B_SPLINE_CURVE_WITH_KNOTS('',3,(#291,#292,#293,#294,#295,#296,#297,#298,#299,#300,#301,#302,#303,#304,#305,#306,#307,#308,#309,#310,#311,#312,#313,#314,#315,#316,
#317,#318,#319,#320,#321,#322,#323,#324,#325,#326,#327,#328,#329,#330,#331,#332,#333,#334,#335,#336,#337,#338,#339),.UNSPECIFIED.,.F.,.F.,(4,3,3,3,3,3,3,3,3,3,3,3,3,3,3,3,4),(0.,0.000501913,0.001003825,0.001505738,0.002007651,0.002509564,0.003011476,0.004015302,0.004517215,0.005019127,0.00552104,0.005771996,0.006022953,0.006524866,0.007026778,0.007528691,0.008030604),.UNSPECIFIED.);
#341=EDGE_CURVE('',#162,#290,#340,.T.);
#342=ORIENTED_EDGE('',*,*,#341,.T.);
#343=CARTESIAN_POINT('',(-102.5,-108.650301032,3.476598192));
#344=VERTEX_POINT('',#343);
#345=CARTESIAN_POINT('',(-107.5,-108.650301032,3.476598192));
#346=CARTESIAN_POINT('',(-107.5,-108.772702041,3.59393855));
#347=CARTESIAN_POINT('',(-107.485656522,-108.890961994,3.712086176));
#348=CARTESIAN_POINT('',(-107.456735058,-109.005259618,3.830815128));
#349=CARTESIAN_POINT('',(-107.427813594,-109.119557241,3.949544081));
#350=CARTESIAN_POINT('',(-107.383785639,-109.230811293,4.069900994));
#351=CARTESIAN_POINT('',(-107.324719828,-109.335935318,4.187975019));
#352=CARTESIAN_POINT('',(-107.265654018,-109.441059344,4.306049044));
#353=CARTESIAN_POINT('',(-107.192583529,-109.538818366,4.42035097));
#354=CARTESIAN_POINT('',(-107.105273388,-109.629767155,4.530243749));
#355=CARTESIAN_POINT('',(-107.017963246,-109.720715944,4.640136528));
#356=CARTESIAN_POINT('',(-106.914903048,-109.805725137,4.746785032));
#357=CARTESIAN_POINT('',(-106.800447355,-109.8811547,4.84413969));
#358=CARTESIAN_POINT('',(-106.685991661,-109.956584263,4.941494348));
#359=CARTESIAN_POINT('',(-106.560434966,-110.022797787,5.029896056));
#360=CARTESIAN_POINT('',(-106.423616366,-110.080495417,5.108585004));
#361=CARTESIAN_POINT('',(-106.286797767,-110.138193047,5.187273952));
#362=CARTESIAN_POINT('',(-106.138027767,-110.187238927,5.256099303));
#363=CARTESIAN_POINT('',(-105.984636521,-110.225972357,5.311197302));
#364=CARTESIAN_POINT('',(-105.677854029,-110.303439219,5.4213933));
#365=CARTESIAN_POINT('',(-105.341137323,-110.343322034,5.48109145));
#366=CARTESIAN_POINT('',(-105.001464042,-110.343435664,5.481258901));
#367=CARTESIAN_POINT('',(-104.831627402,-110.343492479,5.481342627));
#368=CARTESIAN_POINT('',(-104.664716065,-110.333758758,5.466936286));
#369=CARTESIAN_POINT('',(-104.500691971,-110.314457919,5.438743207));
#370=CARTESIAN_POINT('',(-104.336667877,-110.29515708,5.410550129));
#371=CARTESIAN_POINT('',(-104.17371586,-110.265748623,5.36779627));
#372=CARTESIAN_POINT('',(-104.019592372,-110.227037368,5.312712507));
#373=CARTESIAN_POINT('',(-103.865468884,-110.188326112,5.257628745));
#374=CARTESIAN_POINT('',(-103.719687421,-110.140537113,5.190526852));
#375=CARTESIAN_POINT('',(-103.582238105,-110.082956138,5.111942146));
#376=CARTESIAN_POINT('',(-103.513513447,-110.054165651,5.072649793));
#377=CARTESIAN_POINT('',(-103.446573329,-110.022716959,5.030218193));
#378=CARTESIAN_POINT('',(-103.383108426,-109.989308334,4.985804907));
#379=CARTESIAN_POINT('',(-103.319643523,-109.955899708,4.94139162));
#380=CARTESIAN_POINT('',(-103.259401487,-109.9204615,4.89489585));
#381=CARTESIAN_POINT('',(-103.202285228,-109.882952382,4.846460466));
#382=CARTESIAN_POINT('',(-103.08805271,-109.807934147,4.749589699));
#383=CARTESIAN_POINT('',(-102.985827841,-109.724250731,4.644480116));
#384=CARTESIAN_POINT('',(-102.897151684,-109.632287691,4.533290274));
#385=CARTESIAN_POINT('',(-102.808475526,-109.54032465,4.422100432));
#386=CARTESIAN_POINT('',(-102.735230936,-109.442243448,4.307433182));
#387=CARTESIAN_POINT('',(-102.676343177,-109.337823728,4.190096543));
#388=CARTESIAN_POINT('',(-102.617455419,-109.233404008,4.072759904));
#389=CARTESIAN_POINT('',(-102.572823551,-109.121607884,3.951709594));
#390=CARTESIAN_POINT('',(-102.543588079,-109.00653408,3.832139196));
#391=CARTESIAN_POINT('',(-102.514352607,-108.891460276,3.712568798));
#392=CARTESIAN_POINT('',(-102.5,-108.772753212,3.593987605));
#393=CARTESIAN_POINT('',(-102.5,-108.650301032,3.476598192));
#394=B_SPLINE_CURVE_WITH_KNOTS('',3,(#345,#346,#347,#348,#349,#350,#351,#352,#353,#354,#355,#356,#357,#358,#359,#360,#361,#362,#363,#364,#365,#366,#367,#368,#369,#370,
#371,#372,#373,#374,#375,#376,#377,#378,#379,#380,#381,#382,#383,#384,#385,#386,#387,#388,#389,#390,#391,#392,#393),.UNSPECIFIED.,.F.,.F.,(4,3,3,3,3,3,3,3,3,3,3,3,3,3,3,3,4),(0.,0.000501913,0.001003825,0.001505738,0.002007651,0.002509564,0.003011476,0.004015302,0.004517215,0.005019127,0.00552104,0.005771996,0.006022953,0.006524866,0.007026778,0.007528691,0.008030604),.UNSPECIFIED.);
#395=EDGE_CURVE('',#290,#344,#394,.T.);
#396=ORIENTED_EDGE('',*,*,#395,.T.);
#397=CARTESIAN_POINT('',(-102.5,-95.682673428,0.769230769));
#398=VERTEX_POINT('',#397);
#399=CARTESIAN_POINT('',(-102.5,-99.999970413,12.5));
#400=DIRECTION('',(1.,-0.,0.));
#401=DIRECTION('',(0.,0.,-1.));
#402=AXIS2_PLACEMENT_3D('',#399,#400,#401);
#403=CIRCLE('',#402,12.5);
#404=EDGE_CURVE('',#344,#398,#403,.T.);
#405=ORIENTED_EDGE('',*,*,#404,.T.);
#406=CARTESIAN_POINT('',(-97.5,-95.682673428,0.769230769));
#407=VERTEX_POINT('',#406);
#408=CARTESIAN_POINT('',(-97.5,-95.682673428,0.769230769));
#409=DIRECTION('',(-1.,0.,0.));
#410=VECTOR('',#409,5.);
#411=LINE('',#408,#410);
#412=EDGE_CURVE('',#407,#398,#411,.T.);
#413=ORIENTED_EDGE('',*,*,#412,.F.);
#414=CARTESIAN_POINT('',(-97.5,-108.650301032,3.476598192));
#415=VERTEX_POINT('',#414);
#416=CARTESIAN_POINT('',(-97.5,-99.999970413,12.5));
#417=DIRECTION('',(1.,-0.,0.));
#418=DIRECTION('',(0.,0.,-1.));
#419=AXIS2_PLACEMENT_3D('',#416,#417,#418);
#420=CIRCLE('',#419,12.5);
#421=EDGE_CURVE('',#415,#407,#420,.T.);
#422=ORIENTED_EDGE('',*,*,#421,.F.);
#423=CARTESIAN_POINT('',(-95.,-110.343435912,5.481259264));
#424=VERTEX_POINT('',#423);
#425=CARTESIAN_POINT('',(-97.5,-108.650301032,3.476598192));
#426=CARTESIAN_POINT('',(-97.5,-108.772702041,3.59393855));
#427=CARTESIAN_POINT('',(-97.485656522,-108.890961994,3.712086176));
#428=CARTESIAN_POINT('',(-97.456735058,-109.005259618,3.830815128));
#429=CARTESIAN_POINT('',(-97.427813594,-109.119557241,3.949544081));
#430=CARTESIAN_POINT('',(-97.383785639,-109.230811293,4.069900994));
#431=CARTESIAN_POINT('',(-97.324719828,-109.335935318,4.187975019));
#432=CARTESIAN_POINT('',(-97.265654018,-109.441059344,4.306049044));
#433=CARTESIAN_POINT('',(-97.192583529,-109.538818366,4.42035097));
#434=CARTESIAN_POINT('',(-97.105273388,-109.629767155,4.530243749));
#435=CARTESIAN_POINT('',(-97.017963246,-109.720715944,4.640136528));
#436=CARTESIAN_POINT('',(-96.914903048,-109.805725137,4.746785032));
#437=CARTESIAN_POINT('',(-96.800447355,-109.8811547,4.84413969));
#438=CARTESIAN_POINT('',(-96.685991661,-109.956584263,4.941494348));
#439=CARTESIAN_POINT('',(-96.560434966,-110.022797787,5.029896056));
#440=CARTESIAN_POINT('',(-96.423616366,-110.080495417,5.108585004));
#441=CARTESIAN_POINT('',(-96.286797767,-110.138193047,5.187273952));
#442=CARTESIAN_POINT('',(-96.138027767,-110.187238927,5.256099303));
#443=CARTESIAN_POINT('',(-95.984636521,-110.225972357,5.311197302));
#444=CARTESIAN_POINT('',(-95.677854029,-110.303439219,5.4213933));
#445=CARTESIAN_POINT('',(-95.341137323,-110.343322034,5.48109145));
#446=CARTESIAN_POINT('',(-95.001464042,-110.343435664,5.481258901));
#447=CARTESIAN_POINT('',(-94.831627402,-110.343492479,5.481342627));
#448=CARTESIAN_POINT('',(-94.664716065,-110.333758758,5.466936286));
#449=CARTESIAN_POINT('',(-94.500691971,-110.314457919,5.438743207));
#450=CARTESIAN_POINT('',(-94.336667877,-110.29515708,5.410550129));
#451=CARTESIAN_POINT('',(-94.17371586,-110.265748623,5.36779627));
#452=CARTESIAN_POINT('',(-94.019592372,-110.227037368,5.312712507));
#453=CARTESIAN_POINT('',(-93.865468884,-110.188326112,5.257628745));
#454=CARTESIAN_POINT('',(-93.719687421,-110.140537113,5.190526852));
#455=CARTESIAN_POINT('',(-93.582238105,-110.082956138,5.111942146));
#456=CARTESIAN_POINT('',(-93.513513447,-110.054165651,5.072649793));
#457=CARTESIAN_POINT('',(-93.446573329,-110.022716959,5.030218193));
#458=CARTESIAN_POINT('',(-93.383108426,-109.989308334,4.985804907));
#459=CARTESIAN_POINT('',(-93.319643523,-109.955899708,4.94139162));
#460=CARTESIAN_POINT('',(-93.259401487,-109.9204615,4.89489585));
#461=CARTESIAN_POINT('',(-93.202285228,-109.882952382,4.846460466));
#462=CARTESIAN_POINT('',(-93.08805271,-109.807934147,4.749589699));
#463=CARTESIAN_POINT('',(-92.985827841,-109.724250731,4.644480116));
#464=CARTESIAN_POINT('',(-92.897151684,-109.632287691,4.533290274));
#465=CARTESIAN_POINT('',(-92.808475526,-109.54032465,4.422100432));
#466=CARTESIAN_POINT('',(-92.735230936,-109.442243448,4.307433182));
#467=CARTESIAN_POINT('',(-92.676343177,-109.337823728,4.190096543));
#468=CARTESIAN_POINT('',(-92.617455419,-109.233404008,4.072759904));
#469=CARTESIAN_POINT('',(-92.572823551,-109.121607884,3.951709594));
#470=CARTESIAN_POINT('',(-92.543588079,-109.00653408,3.832139196));
#471=CARTESIAN_POINT('',(-92.514352607,-108.891460276,3.712568798));
#472=CARTESIAN_POINT('',(-92.5,-108.772753212,3.593987605));
#473=CARTESIAN_POINT('',(-92.5,-108.650301032,3.476598192));
#474=B_SPLINE_CURVE_WITH_KNOTS('',3,(#425,#426,#427,#428,#429,#430,#431,#432,#433,#434,#435,#436,#437,#438,#439,#440,#441,#442,#443,#444,#445,#446,#447,#448,#449,#450,
#451,#452,#453,#454,#455,#456,#457,#458,#459,#460,#461,#462,#463,#464,#465,#466,#467,#468,#469,#470,#471,#472,#473),.UNSPECIFIED.,.F.,.F.,(4,3,3,3,3,3,3,3,3,3,3,3,3,3,3,3,4),(0.,0.000501913,0.001003825,0.001505738,0.002007651,0.002509564,0.003011476,0.004015302,0.004517215,0.005019127,0.00552104,0.005771996,0.006022953,0.006524866,0.007026778,0.007528691,0.008030604),.UNSPECIFIED.);
#475=EDGE_CURVE('',#415,#424,#474,.T.);
#476=ORIENTED_EDGE('',*,*,#475,.T.);
#477=CARTESIAN_POINT('',(-92.5,-108.650301032,3.476598192));
#478=VERTEX_POINT('',#477);
#479=CARTESIAN_POINT('',(-97.5,-108.650301032,3.476598192));
#480=CARTESIAN_POINT('',(-97.5,-108.772702041,3.59393855));
#481=CARTESIAN_POINT('',(-97.485656522,-108.890961994,3.712086176));
#482=CARTESIAN_POINT('',(-97.456735058,-109.005259618,3.830815128));
#483=CARTESIAN_POINT('',(-97.427813594,-109.119557241,3.949544081));
#484=CARTESIAN_POINT('',(-97.383785639,-109.230811293,4.069900994));
#485=CARTESIAN_POINT('',(-97.324719828,-109.335935318,4.187975019));
#486=CARTESIAN_POINT('',(-97.265654018,-109.441059344,4.306049044));
#487=CARTESIAN_POINT('',(-97.192583529,-109.538818366,4.42035097));
#488=CARTESIAN_POINT('',(-97.105273388,-109.629767155,4.530243749));
#489=CARTESIAN_POINT('',(-97.017963246,-109.720715944,4.640136528));
#490=CARTESIAN_POINT('',(-96.914903048,-109.805725137,4.746785032));
#491=CARTESIAN_POINT('',(-96.800447355,-109.8811547,4.84413969));
#492=CARTESIAN_POINT('',(-96.685991661,-109.956584263,4.941494348));
#493=CARTESIAN_POINT('',(-96.560434966,-110.022797787,5.029896056));
#494=CARTESIAN_POINT('',(-96.423616366,-110.080495417,5.108585004));
#495=CARTESIAN_POINT('',(-96.286797767,-110.138193047,5.187273952));
#496=CARTESIAN_POINT('',(-96.138027767,-110.187238927,5.256099303));
#497=CARTESIAN_POINT('',(-95.984636521,-110.225972357,5.311197302));
#498=CARTESIAN_POINT('',(-95.677854029,-110.303439219,5.4213933));
#499=CARTESIAN_POINT('',(-95.341137323,-110.343322034,5.48109145));
#500=CARTESIAN_POINT('',(-95.001464042,-110.343435664,5.481258901));
#501=CARTESIAN_POINT('',(-94.831627402,-110.343492479,5.481342627));
#502=CARTESIAN_POINT('',(-94.664716065,-110.333758758,5.466936286));
#503=CARTESIAN_POINT('',(-94.500691971,-110.314457919,5.438743207));
#504=CARTESIAN_POINT('',(-94.336667877,-110.29515708,5.410550129));
#505=CARTESIAN_POINT('',(-94.17371586,-110.265748623,5.36779627));
#506=CARTESIAN_POINT('',(-94.019592372,-110.227037368,5.312712507));
#507=CARTESIAN_POINT('',(-93.865468884,-110.188326112,5.257628745));
#508=CARTESIAN_POINT('',(-93.719687421,-110.140537113,5.190526852));
#509=CARTESIAN_POINT('',(-93.582238105,-110.082956138,5.111942146));
#510=CARTESIAN_POINT('',(-93.513513447,-110.054165651,5.072649793));
#511=CARTESIAN_POINT('',(-93.446573329,-110.022716959,5.030218193));
#512=CARTESIAN_POINT('',(-93.383108426,-109.989308334,4.985804907));
#513=CARTESIAN_POINT('',(-93.319643523,-109.955899708,4.94139162));
#514=CARTESIAN_POINT('',(-93.259401487,-109.9204615,4.89489585));
#515=CARTESIAN_POINT('',(-93.202285228,-109.882952382,4.846460466));
#516=CARTESIAN_POINT('',(-93.08805271,-109.807934147,4.749589699));
#517=CARTESIAN_POINT('',(-92.985827841,-109.724250731,4.644480116));
#518=CARTESIAN_POINT('',(-92.897151684,-109.632287691,4.533290274));
#519=CARTESIAN_POINT('',(-92.808475526,-109.54032465,4.422100432));
#520=CARTESIAN_POINT('',(-92.735230936,-109.442243448,4.307433182));
#521=CARTESIAN_POINT('',(-92.676343177,-109.337823728,4.190096543));
#522=CARTESIAN_POINT('',(-92.617455419,-109.233404008,4.072759904));
#523=CARTESIAN_POINT('',(-92.572823551,-109.121607884,3.951709594));
#524=CARTESIAN_POINT('',(-92.543588079,-109.00653408,3.832139196));
#525=CARTESIAN_POINT('',(-92.514352607,-108.891460276,3.712568798));
#526=CARTESIAN_POINT('',(-92.5,-108.772753212,3.593987605));
#527=CARTESIAN_POINT('',(-92.5,-108.650301032,3.476598192));
#528=B_SPLINE_CURVE_WITH_KNOTS('',3,(#479,#480,#481,#482,#483,#484,#485,#486,#487,#488,#489,#490,#491,#492,#493,#494,#495,#496,#497,#498,#499,#500,#501,#502,#503,#504,
#505,#506,#507,#508,#509,#510,#511,#512,#513,#514,#515,#516,#517,#518,#519,#520,#521,#522,#523,#524,#525,#526,#527),.UNSPECIFIED.,.F.,.F.,(4,3,3,3,3,3,3,3,3,3,3,3,3,3,3,3,4),(0.,0.000501913,0.001003825,0.001505738,0.002007651,0.002509564,0.003011476,0.004015302,0.004517215,0.005019127,0.00552104,0.005771996,0.006022953,0.006524866,0.007026778,0.007528691,0.008030604),.UNSPECIFIED.);
#529=EDGE_CURVE('',#424,#478,#528,.T.);
#530=ORIENTED_EDGE('',*,*,#529,.T.);
#531=CARTESIAN_POINT('',(-92.5,-95.682673428,0.769230769));
#532=VERTEX_POINT('',#531);
#533=CARTESIAN_POINT('',(-92.5,-99.999970413,12.5));
#534=DIRECTION('',(1.,-0.,0.));
#535=DIRECTION('',(0.,0.,-1.));
#536=AXIS2_PLACEMENT_3D('',#533,#534,#535);
#537=CIRCLE('',#536,12.5);
#538=EDGE_CURVE('',#478,#532,#537,.T.);
#539=ORIENTED_EDGE('',*,*,#538,.T.);
#540=CARTESIAN_POINT('',(-87.5,-95.682673428,0.769230769));
#541=VERTEX_POINT('',#540);
#542=CARTESIAN_POINT('',(-87.5,-95.682673428,0.769230769));
#543=DIRECTION('',(-1.,0.,0.));
#544=VECTOR('',#543,5.);
#545=LINE('',#542,#544);
#546=EDGE_CURVE('',#541,#532,#545,.T.);
#547=ORIENTED_EDGE('',*,*,#546,.F.);
#548=CARTESIAN_POINT('',(-87.5,-108.650301032,3.476598192));
#549=VERTEX_POINT('',#548);
#550=CARTESIAN_POINT('',(-87.5,-99.999970413,12.5));
#551=DIRECTION('',(1.,-0.,0.));
#552=DIRECTION('',(0.,0.,-1.));
#553=AXIS2_PLACEMENT_3D('',#550,#551,#552);
#554=CIRCLE('',#553,12.5);
#555=EDGE_CURVE('',#549,#541,#554,.T.);
#556=ORIENTED_EDGE('',*,*,#555,.F.);
#557=CARTESIAN_POINT('',(-82.5,-108.650301032,3.476598192));
#558=VERTEX_POINT('',#557);
#559=CARTESIAN_POINT('',(-87.5,-108.650301032,3.476598192));
#560=CARTESIAN_POINT('',(-87.5,-108.772702041,3.59393855));
#561=CARTESIAN_POINT('',(-87.485656522,-108.890961994,3.712086176));
#562=CARTESIAN_POINT('',(-87.456735058,-109.005259618,3.830815128));
#563=CARTESIAN_POINT('',(-87.427813594,-109.119557241,3.949544081));
#564=CARTESIAN_POINT('',(-87.383785639,-109.230811293,4.069900994));
#565=CARTESIAN_POINT('',(-87.324719828,-109.335935318,4.187975019));
#566=CARTESIAN_POINT('',(-87.265654018,-109.441059344,4.306049044));
#567=CARTESIAN_POINT('',(-87.192583529,-109.538818366,4.42035097));
#568=CARTESIAN_POINT('',(-87.105273388,-109.629767155,4.530243749));
#569=CARTESIAN_POINT('',(-87.017963246,-109.720715944,4.640136528));
#570=CARTESIAN_POINT('',(-86.914903048,-109.805725137,4.746785032));
#571=CARTESIAN_POINT('',(-86.800447355,-109.8811547,4.84413969));
#572=CARTESIAN_POINT('',(-86.685991661,-109.956584263,4.941494348));
#573=CARTESIAN_POINT('',(-86.560434966,-110.022797787,5.029896056));
#574=CARTESIAN_POINT('',(-86.423616366,-110.080495417,5.108585004));
#575=CARTESIAN_POINT('',(-86.286797767,-110.138193047,5.187273952));
#576=CARTESIAN_POINT('',(-86.138027767,-110.187238927,5.256099303));
#577=CARTESIAN_POINT('',(-85.984636521,-110.225972357,5.311197302));
#578=CARTESIAN_POINT('',(-85.677854029,-110.303439219,5.4213933));
#579=CARTESIAN_POINT('',(-85.341137323,-110.343322034,5.48109145));
#580=CARTESIAN_POINT('',(-85.001464042,-110.343435664,5.481258901));
#581=CARTESIAN_POINT('',(-84.831627402,-110.343492479,5.481342627));
#582=CARTESIAN_POINT('',(-84.664716065,-110.333758758,5.466936286));
#583=CARTESIAN_POINT('',(-84.500691971,-110.314457919,5.438743207));
#584=CARTESIAN_POINT('',(-84.336667877,-110.29515708,5.410550129));
#585=CARTESIAN_POINT('',(-84.17371586,-110.265748623,5.36779627));
#586=CARTESIAN_POINT('',(-84.019592372,-110.227037368,5.312712507));
#587=CARTESIAN_POINT('',(-83.865468884,-110.188326112,5.257628745));
#588=CARTESIAN_POINT('',(-83.719687421,-110.140537113,5.190526852));
#589=CARTESIAN_POINT('',(-83.582238105,-110.082956138,5.111942146));
#590=CARTESIAN_POINT('',(-83.513513447,-110.054165651,5.072649793));
#591=CARTESIAN_POINT('',(-83.446573329,-110.022716959,5.030218193));
#592=CARTESIAN_POINT('',(-83.383108426,-109.989308334,4.985804907));
#593=CARTESIAN_POINT('',(-83.319643523,-109.955899708,4.94139162));
#594=CARTESIAN_POINT('',(-83.259401487,-109.9204615,4.89489585));
#595=CARTESIAN_POINT('',(-83.202285228,-109.882952382,4.846460466));
#596=CARTESIAN_POINT('',(-83.08805271,-109.807934147,4.749589699));
#597=CARTESIAN_POINT('',(-82.985827841,-109.724250731,4.644480116));
#598=CARTESIAN_POINT('',(-82.897151684,-109.632287691,4.533290274));
#599=CARTESIAN_POINT('',(-82.808475526,-109.54032465,4.422100432));
#600=CARTESIAN_POINT('',(-82.735230936,-109.442243448,4.307433182));
#601=CARTESIAN_POINT('',(-82.676343177,-109.337823728,4.190096543));
#602=CARTESIAN_POINT('',(-82.617455419,-109.233404008,4.072759904));
#603=CARTESIAN_POINT('',(-82.572823551,-109.121607884,3.951709594));
#604=CARTESIAN_POINT('',(-82.543588079,-109.00653408,3.832139196));
#605=CARTESIAN_POINT('',(-82.514352607,-108.891460276,3.712568798));
#606=CARTESIAN_POINT('',(-82.5,-108.772753212,3.593987605));
#607=CARTESIAN_POINT('',(-82.5,-108.650301032,3.476598192));
#608=B_SPLINE_CURVE_WITH_KNOTS('',3,(#559,#560,#561,#562,#563,#564,#565,#566,#567,#568,#569,#570,#571,#572,#573,#574,#575,#576,#577,#578,#579,#580,#581,#582,#583,#584,
#585,#586,#587,#588,#589,#590,#591,#592,#593,#594,#595,#596,#597,#598,#599,#600,#601,#602,#603,#604,#605,#606,#607),.UNSPECIFIED.,.F.,.F.,(4,3,3,3,3,3,3,3,3,3,3,3,3,3,3,3,4),(-0.004019832,-0.003517533,-0.003015235,-0.002512936,-0.002010637,-0.001508339,-0.00100604,-0.000001443,0.000500855,0.001003154,0.001505452,0.001756602,0.002007751,0.002510049,0.003012348,0.003514646,0.004016945),.UNSPECIFIED.);
#609=EDGE_CURVE('',#549,#558,#608,.T.);
#610=ORIENTED_EDGE('',*,*,#609,.T.);
#611=CARTESIAN_POINT('',(-82.5,-95.682673428,0.769230769));
#612=VERTEX_POINT('',#611);
#613=CARTESIAN_POINT('',(-82.5,-99.999970413,12.5));
#614=DIRECTION('',(1.,-0.,0.));
#615=DIRECTION('',(0.,0.,-1.));
#616=AXIS2_PLACEMENT_3D('',#613,#614,#615);
#617=CIRCLE('',#616,12.5);
#618=EDGE_CURVE('',#558,#612,#617,.T.);
#619=ORIENTED_EDGE('',*,*,#618,.T.);
#620=CARTESIAN_POINT('',(-77.5,-95.682673428,0.769230769));
#621=VERTEX_POINT('',#620);
#622=CARTESIAN_POINT('',(-77.5,-95.682673428,0.769230769));
#623=DIRECTION('',(-1.,0.,0.));
#624=VECTOR('',#623,5.);
#625=LINE('',#622,#624);
#626=EDGE_CURVE('',#621,#612,#625,.T.);
#627=ORIENTED_EDGE('',*,*,#626,.F.);
#628=CARTESIAN_POINT('',(-77.5,-108.650301032,3.476598192));
#629=VERTEX_POINT('',#628);
#630=CARTESIAN_POINT('',(-77.5,-99.999970413,12.5));
#631=DIRECTION('',(1.,-0.,0.));
#632=DIRECTION('',(0.,0.,-1.));
#633=AXIS2_PLACEMENT_3D('',#630,#631,#632);
#634=CIRCLE('',#633,12.5);
#635=EDGE_CURVE('',#629,#621,#634,.T.);
#636=ORIENTED_EDGE('',*,*,#635,.F.);
#637=CARTESIAN_POINT('',(-75.,-110.343435912,5.481259264));
#638=VERTEX_POINT('',#637);
#639=CARTESIAN_POINT('',(-77.5,-108.650301032,3.476598192));
#640=CARTESIAN_POINT('',(-77.5,-108.772702041,3.59393855));
#641=CARTESIAN_POINT('',(-77.485656522,-108.890961994,3.712086176));
#642=CARTESIAN_POINT('',(-77.456735058,-109.005259618,3.830815128));
#643=CARTESIAN_POINT('',(-77.427813594,-109.119557241,3.949544081));
#644=CARTESIAN_POINT('',(-77.383785639,-109.230811293,4.069900994));
#645=CARTESIAN_POINT('',(-77.324719828,-109.335935318,4.187975019));
#646=CARTESIAN_POINT('',(-77.265654018,-109.441059344,4.306049044));
#647=CARTESIAN_POINT('',(-77.192583529,-109.538818366,4.42035097));
#648=CARTESIAN_POINT('',(-77.105273388,-109.629767155,4.530243749));
#649=CARTESIAN_POINT('',(-77.017963246,-109.720715944,4.640136528));
#650=CARTESIAN_POINT('',(-76.914903048,-109.805725137,4.746785032));
#651=CARTESIAN_POINT('',(-76.800447355,-109.8811547,4.84413969));
#652=CARTESIAN_POINT('',(-76.685991661,-109.956584263,4.941494348));
#653=CARTESIAN_POINT('',(-76.560434966,-110.022797787,5.029896056));
#654=CARTESIAN_POINT('',(-76.423616366,-110.080495417,5.108585004));
#655=CARTESIAN_POINT('',(-76.286797767,-110.138193047,5.187273952));
#656=CARTESIAN_POINT('',(-76.138027767,-110.187238927,5.256099303));
#657=CARTESIAN_POINT('',(-75.984636521,-110.225972357,5.311197302));
#658=CARTESIAN_POINT('',(-75.677854029,-110.303439219,5.4213933));
#659=CARTESIAN_POINT('',(-75.341137323,-110.343322034,5.48109145));
#660=CARTESIAN_POINT('',(-75.001464042,-110.343435664,5.481258901));
#661=CARTESIAN_POINT('',(-74.831627402,-110.343492479,5.481342627));
#662=CARTESIAN_POINT('',(-74.664716065,-110.333758758,5.466936286));
#663=CARTESIAN_POINT('',(-74.500691971,-110.314457919,5.438743207));
#664=CARTESIAN_POINT('',(-74.336667877,-110.29515708,5.410550129));
#665=CARTESIAN_POINT('',(-74.17371586,-110.265748623,5.36779627));
#666=CARTESIAN_POINT('',(-74.019592372,-110.227037368,5.312712507));
#667=CARTESIAN_POINT('',(-73.865468884,-110.188326112,5.257628745));
#668=CARTESIAN_POINT('',(-73.719687421,-110.140537113,5.190526852));
#669=CARTESIAN_POINT('',(-73.582238105,-110.082956138,5.111942146));
#670=CARTESIAN_POINT('',(-73.513513447,-110.054165651,5.072649793));
#671=CARTESIAN_POINT('',(-73.446573329,-110.022716959,5.030218193));
#672=CARTESIAN_POINT('',(-73.383108426,-109.989308334,4.985804907));
#673=CARTESIAN_POINT('',(-73.319643523,-109.955899708,4.94139162));
#674=CARTESIAN_POINT('',(-73.259401487,-109.9204615,4.89489585));
#675=CARTESIAN_POINT('',(-73.202285228,-109.882952382,4.846460466));
#676=CARTESIAN_POINT('',(-73.08805271,-109.807934147,4.749589699));
#677=CARTESIAN_POINT('',(-72.985827841,-109.724250731,4.644480116));
#678=CARTESIAN_POINT('',(-72.897151684,-109.632287691,4.533290274));
#679=CARTESIAN_POINT('',(-72.808475526,-109.54032465,4.422100432));
#680=CARTESIAN_POINT('',(-72.735230936,-109.442243448,4.307433182));
#681=CARTESIAN_POINT('',(-72.676343177,-109.337823728,4.190096543));
#682=CARTESIAN_POINT('',(-72.617455419,-109.233404008,4.072759904));
#683=CARTESIAN_POINT('',(-72.572823551,-109.121607884,3.951709594));
#684=CARTESIAN_POINT('',(-72.543588079,-109.00653408,3.832139196));
#685=CARTESIAN_POINT('',(-72.514352607,-108.891460276,3.712568798));
#686=CARTESIAN_POINT('',(-72.5,-108.772753212,3.593987605));
#687=CARTESIAN_POINT('',(-72.5,-108.650301032,3.476598192));
#688=B_SPLINE_CURVE_WITH_KNOTS('',3,(#639,#640,#641,#642,#643,#644,#645,#646,#647,#648,#649,#650,#651,#652,#653,#654,#655,#656,#657,#658,#659,#660,#661,#662,#663,#664,
#665,#666,#667,#668,#669,#670,#671,#672,#673,#674,#675,#676,#677,#678,#679,#680,#681,#682,#683,#684,#685,#686,#687),.UNSPECIFIED.,.F.,.F.,(4,3,3,3,3,3,3,3,3,3,3,3,3,3,3,3,4),(0.,0.000501913,0.001003825,0.001505738,0.002007651,0.002509564,0.003011476,0.004015302,0.004517215,0.005019127,0.00552104,0.005771996,0.006022953,0.006524866,0.007026778,0.007528691,0.008030604),.UNSPECIFIED.);
#689=EDGE_CURVE('',#629,#638,#688,.T.);
#690=ORIENTED_EDGE('',*,*,#689,.T.);
#691=CARTESIAN_POINT('',(-72.5,-108.650301032,3.476598192));
#692=VERTEX_POINT('',#691);
#693=CARTESIAN_POINT('',(-77.5,-108.650301032,3.476598192));
#694=CARTESIAN_POINT('',(-77.5,-108.772702041,3.59393855));
#695=CARTESIAN_POINT('',(-77.485656522,-108.890961994,3.712086176));
#696=CARTESIAN_POINT('',(-77.456735058,-109.005259618,3.830815128));
#697=CARTESIAN_POINT('',(-77.427813594,-109.119557241,3.949544081));
#698=CARTESIAN_POINT('',(-77.383785639,-109.230811293,4.069900994));
#699=CARTESIAN_POINT('',(-77.324719828,-109.335935318,4.187975019));
#700=CARTESIAN_POINT('',(-77.265654018,-109.441059344,4.306049044));
#701=CARTESIAN_POINT('',(-77.192583529,-109.538818366,4.42035097));
#702=CARTESIAN_POINT('',(-77.105273388,-109.629767155,4.530243749));
#703=CARTESIAN_POINT('',(-77.017963246,-109.720715944,4.640136528));
#704=CARTESIAN_POINT('',(-76.914903048,-109.805725137,4.746785032));
#705=CARTESIAN_POINT('',(-76.800447355,-109.8811547,4.84413969));
#706=CARTESIAN_POINT('',(-76.685991661,-109.956584263,4.941494348));
#707=CARTESIAN_POINT('',(-76.560434966,-110.022797787,5.029896056));
#708=CARTESIAN_POINT('',(-76.423616366,-110.080495417,5.108585004));
#709=CARTESIAN_POINT('',(-76.286797767,-110.138193047,5.187273952));
#710=CARTESIAN_POINT('',(-76.138027767,-110.187238927,5.256099303));
#711=CARTESIAN_POINT('',(-75.984636521,-110.225972357,5.311197302));
#712=CARTESIAN_POINT('',(-75.677854029,-110.303439219,5.4213933));
#713=CARTESIAN_POINT('',(-75.341137323,-110.343322034,5.48109145));
#714=CARTESIAN_POINT('',(-75.001464042,-110.343435664,5.481258901));
#715=CARTESIAN_POINT('',(-74.831627402,-110.343492479,5.481342627));
#716=CARTESIAN_POINT('',(-74.664716065,-110.333758758,5.466936286));
#717=CARTESIAN_POINT('',(-74.500691971,-110.314457919,5.438743207));
#718=CARTESIAN_POINT('',(-74.336667877,-110.29515708,5.410550129));
#719=CARTESIAN_POINT('',(-74.17371586,-110.265748623,5.36779627));
#720=CARTESIAN_POINT('',(-74.019592372,-110.227037368,5.312712507));
#721=CARTESIAN_POINT('',(-73.865468884,-110.188326112,5.257628745));
#722=CARTESIAN_POINT('',(-73.719687421,-110.140537113,5.190526852));
#723=CARTESIAN_POINT('',(-73.582238105,-110.082956138,5.111942146));
#724=CARTESIAN_POINT('',(-73.513513447,-110.054165651,5.072649793));
#725=CARTESIAN_POINT('',(-73.446573329,-110.022716959,5.030218193));
#726=CARTESIAN_POINT('',(-73.383108426,-109.989308334,4.985804907));
#727=CARTESIAN_POINT('',(-73.319643523,-109.955899708,4.94139162));
#728=CARTESIAN_POINT('',(-73.259401487,-109.9204615,4.89489585));
#729=CARTESIAN_POINT('',(-73.202285228,-109.882952382,4.846460466));
#730=CARTESIAN_POINT('',(-73.08805271,-109.807934147,4.749589699));
#731=CARTESIAN_POINT('',(-72.985827841,-109.724250731,4.644480116));
#732=CARTESIAN_POINT('',(-72.897151684,-109.632287691,4.533290274));
#733=CARTESIAN_POINT('',(-72.808475526,-109.54032465,4.422100432));
#734=CARTESIAN_POINT('',(-72.735230936,-109.442243448,4.307433182));
#735=CARTESIAN_POINT('',(-72.676343177,-109.337823728,4.190096543));
#736=CARTESIAN_POINT('',(-72.617455419,-109.233404008,4.072759904));
#737=CARTESIAN_POINT('',(-72.572823551,-109.121607884,3.951709594));
#738=CARTESIAN_POINT('',(-72.543588079,-109.00653408,3.832139196));
#739=CARTESIAN_POINT('',(-72.514352607,-108.891460276,3.712568798));
#740=CARTESIAN_POINT('',(-72.5,-108.772753212,3.593987605));
#741=CARTESIAN_POINT('',(-72.5,-108.650301032,3.476598192));
#742=B_SPLINE_CURVE_WITH_KNOTS('',3,(#693,#694,#695,#696,#697,#698,#699,#700,#701,#702,#703,#704,#705,#706,#707,#708,#709,#710,#711,#712,#713,#714,#715,#716,#717,#718,
#719,#720,#721,#722,#723,#724,#725,#726,#727,#728,#729,#730,#731,#732,#733,#734,#735,#736,#737,#738,#739,#740,#741),.UNSPECIFIED.,.F.,.F.,(4,3,3,3,3,3,3,3,3,3,3,3,3,3,3,3,4),(0.,0.000501913,0.001003825,0.001505738,0.002007651,0.002509564,0.003011476,0.004015302,0.004517215,0.005019127,0.00552104,0.005771996,0.006022953,0.006524866,0.007026778,0.007528691,0.008030604),.UNSPECIFIED.);
#743=EDGE_CURVE('',#638,#692,#742,.T.);
#744=ORIENTED_EDGE('',*,*,#743,.T.);
#745=CARTESIAN_POINT('',(-72.5,-95.682673428,0.769230769));
#746=VERTEX_POINT('',#745);
#747=CARTESIAN_POINT('',(-72.5,-99.999970413,12.5));
#748=DIRECTION('',(1.,-0.,0.));
#749=DIRECTION('',(0.,0.,-1.));
#750=AXIS2_PLACEMENT_3D('',#747,#748,#749);
#751=CIRCLE('',#750,12.5);
#752=EDGE_CURVE('',#692,#746,#751,.T.);
#753=ORIENTED_EDGE('',*,*,#752,.T.);
#754=CARTESIAN_POINT('',(-67.5,-95.682673428,0.769230769));
#755=VERTEX_POINT('',#754);
#756=CARTESIAN_POINT('',(-67.5,-95.682673428,0.769230769));
#757=DIRECTION('',(-1.,0.,0.));
#758=VECTOR('',#757,5.);
#759=LINE('',#756,#758);
#760=EDGE_CURVE('',#755,#746,#759,.T.);
#761=ORIENTED_EDGE('',*,*,#760,.F.);
#762=CARTESIAN_POINT('',(-67.5,-108.650301032,3.476598192));
#763=VERTEX_POINT('',#762);
#764=CARTESIAN_POINT('',(-67.5,-99.999970413,12.5));
#765=DIRECTION('',(1.,-0.,0.));
#766=DIRECTION('',(0.,0.,-1.));
#767=AXIS2_PLACEMENT_3D('',#764,#765,#766);
#768=CIRCLE('',#767,12.5);
#769=EDGE_CURVE('',#763,#755,#768,.T.);
#770=ORIENTED_EDGE('',*,*,#769,.F.);
#771=CARTESIAN_POINT('',(-62.5,-108.650301032,3.476598192));
#772=VERTEX_POINT('',#771);
#773=CARTESIAN_POINT('',(-67.5,-108.650301032,3.476598192));
#774=CARTESIAN_POINT('',(-67.5,-108.772702041,3.59393855));
#775=CARTESIAN_POINT('',(-67.485656522,-108.890961994,3.712086176));
#776=CARTESIAN_POINT('',(-67.456735058,-109.005259618,3.830815128));
#777=CARTESIAN_POINT('',(-67.427813594,-109.119557241,3.949544081));
#778=CARTESIAN_POINT('',(-67.383785639,-109.230811293,4.069900994));
#779=CARTESIAN_POINT('',(-67.324719828,-109.335935318,4.187975019));
#780=CARTESIAN_POINT('',(-67.265654018,-109.441059344,4.306049044));
#781=CARTESIAN_POINT('',(-67.192583529,-109.538818366,4.42035097));
#782=CARTESIAN_POINT('',(-67.105273388,-109.629767155,4.530243749));
#783=CARTESIAN_POINT('',(-67.017963246,-109.720715944,4.640136528));
#784=CARTESIAN_POINT('',(-66.914903048,-109.805725137,4.746785032));
#785=CARTESIAN_POINT('',(-66.800447355,-109.8811547,4.84413969));
#786=CARTESIAN_POINT('',(-66.685991661,-109.956584263,4.941494348));
#787=CARTESIAN_POINT('',(-66.560434966,-110.022797787,5.029896056));
#788=CARTESIAN_POINT('',(-66.423616366,-110.080495417,5.108585004));
#789=CARTESIAN_POINT('',(-66.286797767,-110.138193047,5.187273952));
#790=CARTESIAN_POINT('',(-66.138027767,-110.187238927,5.256099303));
#791=CARTESIAN_POINT('',(-65.984636521,-110.225972357,5.311197302));
#792=CARTESIAN_POINT('',(-65.677854029,-110.303439219,5.4213933));
#793=CARTESIAN_POINT('',(-65.341137323,-110.343322034,5.48109145));
#794=CARTESIAN_POINT('',(-65.001464042,-110.343435664,5.481258901));
#795=CARTESIAN_POINT('',(-64.831627402,-110.343492479,5.481342627));
#796=CARTESIAN_POINT('',(-64.664716065,-110.333758758,5.466936286));
#797=CARTESIAN_POINT('',(-64.500691971,-110.314457919,5.438743207));
#798=CARTESIAN_POINT('',(-64.336667877,-110.29515708,5.410550129));
#799=CARTESIAN_POINT('',(-64.17371586,-110.265748623,5.36779627));
#800=CARTESIAN_POINT('',(-64.019592372,-110.227037368,5.312712507));
#801=CARTESIAN_POINT('',(-63.865468884,-110.188326112,5.257628745));
#802=CARTESIAN_POINT('',(-63.719687421,-110.140537113,5.190526852));
#803=CARTESIAN_POINT('',(-63.582238105,-110.082956138,5.111942146));
#804=CARTESIAN_POINT('',(-63.513513447,-110.054165651,5.072649793));
#805=CARTESIAN_POINT('',(-63.446573329,-110.022716959,5.030218193));
#806=CARTESIAN_POINT('',(-63.383108426,-109.989308334,4.985804907));
#807=CARTESIAN_POINT('',(-63.319643523,-109.955899708,4.94139162));
#808=CARTESIAN_POINT('',(-63.259401487,-109.9204615,4.89489585));
#809=CARTESIAN_POINT('',(-63.202285228,-109.882952382,4.846460466));
#810=CARTESIAN_POINT('',(-63.08805271,-109.807934147,4.749589699));
#811=CARTESIAN_POINT('',(-62.985827841,-109.724250731,4.644480116));
#812=CARTESIAN_POINT('',(-62.897151684,-109.632287691,4.533290274));
#813=CARTESIAN_POINT('',(-62.808475526,-109.54032465,4.422100432));
#814=CARTESIAN_POINT('',(-62.735230936,-109.442243448,4.307433182));
#815=CARTESIAN_POINT('',(-62.676343177,-109.337823728,4.190096543));
#816=CARTESIAN_POINT('',(-62.617455419,-109.233404008,4.072759904));
#817=CARTESIAN_POINT('',(-62.572823551,-109.121607884,3.951709594));
#818=CARTESIAN_POINT('',(-62.543588079,-109.00653408,3.832139196));
#819=CARTESIAN_POINT('',(-62.514352607,-108.891460276,3.712568798));
#820=CARTESIAN_POINT('',(-62.5,-108.772753212,3.593987605));
#821=CARTESIAN_POINT('',(-62.5,-108.650301032,3.476598192));
#822=B_SPLINE_CURVE_WITH_KNOTS('',3,(#773,#774,#775,#776,#777,#778,#779,#780,#781,#782,#783,#784,#785,#786,#787,#788,#789,#790,#791,#792,#793,#794,#795,#796,#797,#798,
#799,#800,#801,#802,#803,#804,#805,#806,#807,#808,#809,#810,#811,#812,#813,#814,#815,#816,#817,#818,#819,#820,#821),.UNSPECIFIED.,.F.,.F.,(4,3,3,3,3,3,3,3,3,3,3,3,3,3,3,3,4),(-0.004019832,-0.003517533,-0.003015235,-0.002512936,-0.002010637,-0.001508339,-0.00100604,-0.000001443,0.000500855,0.001003154,0.001505452,0.001756602,0.002007751,0.002510049,0.003012348,0.003514646,0.004016945),.UNSPECIFIED.);
#823=EDGE_CURVE('',#763,#772,#822,.T.);
#824=ORIENTED_EDGE('',*,*,#823,.T.);
#825=CARTESIAN_POINT('',(-62.5,-95.682673428,0.769230769));
#826=VERTEX_POINT('',#825);
#827=CARTESIAN_POINT('',(-62.5,-99.999970413,12.5));
#828=DIRECTION('',(1.,-0.,0.));
#829=DIRECTION('',(0.,0.,-1.));
#830=AXIS2_PLACEMENT_3D('',#827,#828,#829);
#831=CIRCLE('',#830,12.5);
#832=EDGE_CURVE('',#772,#826,#831,.T.);
#833=ORIENTED_EDGE('',*,*,#832,.T.);
#834=CARTESIAN_POINT('',(-57.5,-95.682673428,0.769230769));
#835=VERTEX_POINT('',#834);
#836=CARTESIAN_POINT('',(-57.5,-95.682673428,0.769230769));
#837=DIRECTION('',(-1.,0.,0.));
#838=VECTOR('',#837,5.);
#839=LINE('',#836,#838);
#840=EDGE_CURVE('',#835,#826,#839,.T.);
#841=ORIENTED_EDGE('',*,*,#840,.F.);
#842=CARTESIAN_POINT('',(-57.5,-108.650301032,3.476598192));
#843=VERTEX_POINT('',#842);
#844=CARTESIAN_POINT('',(-57.5,-99.999970413,12.5));
#845=DIRECTION('',(1.,-0.,0.));
#846=DIRECTION('',(0.,0.,-1.));
#847=AXIS2_PLACEMENT_3D('',#844,#845,#846);
#848=CIRCLE('',#847,12.5);
#849=EDGE_CURVE('',#843,#835,#848,.T.);
#850=ORIENTED_EDGE('',*,*,#849,.F.);
#851=CARTESIAN_POINT('',(-55.,-110.343435912,5.481259264));
#852=VERTEX_POINT('',#851);
#853=CARTESIAN_POINT('',(-57.5,-108.650301032,3.476598192));
#854=CARTESIAN_POINT('',(-57.5,-108.772702041,3.59393855));
#855=CARTESIAN_POINT('',(-57.485656522,-108.890961994,3.712086176));
#856=CARTESIAN_POINT('',(-57.456735058,-109.005259618,3.830815128));
#857=CARTESIAN_POINT('',(-57.427813594,-109.119557241,3.949544081));
#858=CARTESIAN_POINT('',(-57.383785639,-109.230811293,4.069900994));
#859=CARTESIAN_POINT('',(-57.324719828,-109.335935318,4.187975019));
#860=CARTESIAN_POINT('',(-57.265654018,-109.441059344,4.306049044));
#861=CARTESIAN_POINT('',(-57.192583529,-109.538818366,4.42035097));
#862=CARTESIAN_POINT('',(-57.105273388,-109.629767155,4.530243749));
#863=CARTESIAN_POINT('',(-57.017963246,-109.720715944,4.640136528));
#864=CARTESIAN_POINT('',(-56.914903048,-109.805725137,4.746785032));
#865=CARTESIAN_POINT('',(-56.800447355,-109.8811547,4.84413969));
#866=CARTESIAN_POINT('',(-56.685991661,-109.956584263,4.941494348));
#867=CARTESIAN_POINT('',(-56.560434966,-110.022797787,5.029896056));
#868=CARTESIAN_POINT('',(-56.423616366,-110.080495417,5.108585004));
#869=CARTESIAN_POINT('',(-56.286797767,-110.138193047,5.187273952));
#870=CARTESIAN_POINT('',(-56.138027767,-110.187238927,5.256099303));
#871=CARTESIAN_POINT('',(-55.984636521,-110.225972357,5.311197302));
#872=CARTESIAN_POINT('',(-55.677854029,-110.303439219,5.4213933));
#873=CARTESIAN_POINT('',(-55.341137323,-110.343322034,5.48109145));
#874=CARTESIAN_POINT('',(-55.001464042,-110.343435664,5.481258901));
#875=CARTESIAN_POINT('',(-54.831627402,-110.343492479,5.481342627));
#876=CARTESIAN_POINT('',(-54.664716065,-110.333758758,5.466936286));
#877=CARTESIAN_POINT('',(-54.500691971,-110.314457919,5.438743207));
#878=CARTESIAN_POINT('',(-54.336667877,-110.29515708,5.410550129));
#879=CARTESIAN_POINT('',(-54.17371586,-110.265748623,5.36779627));
#880=CARTESIAN_POINT('',(-54.019592372,-110.227037368,5.312712507));
#881=CARTESIAN_POINT('',(-53.865468884,-110.188326112,5.257628745));
#882=CARTESIAN_POINT('',(-53.719687421,-110.140537113,5.190526852));
#883=CARTESIAN_POINT('',(-53.582238105,-110.082956138,5.111942146));
#884=CARTESIAN_POINT('',(-53.513513447,-110.054165651,5.072649793));
#885=CARTESIAN_POINT('',(-53.446573329,-110.022716959,5.030218193));
#886=CARTESIAN_POINT('',(-53.383108426,-109.989308334,4.985804907));
#887=CARTESIAN_POINT('',(-53.319643523,-109.955899708,4.94139162));
#888=CARTESIAN_POINT('',(-53.259401487,-109.9204615,4.89489585));
#889=CARTESIAN_POINT('',(-53.202285228,-109.882952382,4.846460466));
#890=CARTESIAN_POINT('',(-53.08805271,-109.807934147,4.749589699));
#891=CARTESIAN_POINT('',(-52.985827841,-109.724250731,4.644480116));
#892=CARTESIAN_POINT('',(-52.897151684,-109.632287691,4.533290274));
#893=CARTESIAN_POINT('',(-52.808475526,-109.54032465,4.422100432));
#894=CARTESIAN_POINT('',(-52.735230936,-109.442243448,4.307433182));
#895=CARTESIAN_POINT('',(-52.676343177,-109.337823728,4.190096543));
#896=CARTESIAN_POINT('',(-52.617455419,-109.233404008,4.072759904));
#897=CARTESIAN_POINT('',(-52.572823551,-109.121607884,3.951709594));
#898=CARTESIAN_POINT('',(-52.543588079,-109.00653408,3.832139196));
#899=CARTESIAN_POINT('',(-52.514352607,-108.891460276,3.712568798));
#900=CARTESIAN_POINT('',(-52.5,-108.772753212,3.593987605));
#901=CARTESIAN_POINT('',(-52.5,-108.650301032,3.476598192));
#902=B_SPLINE_CURVE_WITH_KNOTS('',3,(#853,#854,#855,#856,#857,#858,#859,#860,#861,#862,#863,#864,#865,#866,#867,#868,#869,#870,#871,#872,#873,#874,#875,#876,#877,#878,
#879,#880,#881,#882,#883,#884,#885,#886,#887,#888,#889,#890,#891,#892,#893,#894,#895,#896,#897,#898,#899,#900,#901),.UNSPECIFIED.,.F.,.F.,(4,3,3,3,3,3,3,3,3,3,3,3,3,3,3,3,4),(-0.004019832,-0.003517533,-0.003015235,-0.002512936,-0.002010637,-0.001508339,-0.00100604,-0.000001443,0.000500855,0.001003154,0.001505452,0.001756602,0.002007751,0.002510049,0.003012348,0.003514646,0.004016945),.UNSPECIFIED.);
#903=EDGE_CURVE('',#843,#852,#902,.T.);
#904=ORIENTED_EDGE('',*,*,#903,.T.);
#905=CARTESIAN_POINT('',(-52.5,-108.650301032,3.476598192));
#906=VERTEX_POINT('',#905);
#907=CARTESIAN_POINT('',(-57.5,-108.650301032,3.476598192));
#908=CARTESIAN_POINT('',(-57.5,-108.772702041,3.59393855));
#909=CARTESIAN_POINT('',(-57.485656522,-108.890961994,3.712086176));
#910=CARTESIAN_POINT('',(-57.456735058,-109.005259618,3.830815128));
#911=CARTESIAN_POINT('',(-57.427813594,-109.119557241,3.949544081));
#912=CARTESIAN_POINT('',(-57.383785639,-109.230811293,4.069900994));
#913=CARTESIAN_POINT('',(-57.324719828,-109.335935318,4.187975019));
#914=CARTESIAN_POINT('',(-57.265654018,-109.441059344,4.306049044));
#915=CARTESIAN_POINT('',(-57.192583529,-109.538818366,4.42035097));
#916=CARTESIAN_POINT('',(-57.105273388,-109.629767155,4.530243749));
#917=CARTESIAN_POINT('',(-57.017963246,-109.720715944,4.640136528));
#918=CARTESIAN_POINT('',(-56.914903048,-109.805725137,4.746785032));
#919=CARTESIAN_POINT('',(-56.800447355,-109.8811547,4.84413969));
#920=CARTESIAN_POINT('',(-56.685991661,-109.956584263,4.941494348));
#921=CARTESIAN_POINT('',(-56.560434966,-110.022797787,5.029896056));
#922=CARTESIAN_POINT('',(-56.423616366,-110.080495417,5.108585004));
#923=CARTESIAN_POINT('',(-56.286797767,-110.138193047,5.187273952));
#924=CARTESIAN_POINT('',(-56.138027767,-110.187238927,5.256099303));
#925=CARTESIAN_POINT('',(-55.984636521,-110.225972357,5.311197302));
#926=CARTESIAN_POINT('',(-55.677854029,-110.303439219,5.4213933));
#927=CARTESIAN_POINT('',(-55.341137323,-110.343322034,5.48109145));
#928=CARTESIAN_POINT('',(-55.001464042,-110.343435664,5.481258901));
#929=CARTESIAN_POINT('',(-54.831627402,-110.343492479,5.481342627));
#930=CARTESIAN_POINT('',(-54.664716065,-110.333758758,5.466936286));
#931=CARTESIAN_POINT('',(-54.500691971,-110.314457919,5.438743207));
#932=CARTESIAN_POINT('',(-54.336667877,-110.29515708,5.410550129));
#933=CARTESIAN_POINT('',(-54.17371586,-110.265748623,5.36779627));
#934=CARTESIAN_POINT('',(-54.019592372,-110.227037368,5.312712507));
#935=CARTESIAN_POINT('',(-53.865468884,-110.188326112,5.257628745));
#936=CARTESIAN_POINT('',(-53.719687421,-110.140537113,5.190526852));
#937=CARTESIAN_POINT('',(-53.582238105,-110.082956138,5.111942146));
#938=CARTESIAN_POINT('',(-53.513513447,-110.054165651,5.072649793));
#939=CARTESIAN_POINT('',(-53.446573329,-110.022716959,5.030218193));
#940=CARTESIAN_POINT('',(-53.383108426,-109.989308334,4.985804907));
#941=CARTESIAN_POINT('',(-53.319643523,-109.955899708,4.94139162));
#942=CARTESIAN_POINT('',(-53.259401487,-109.9204615,4.89489585));
#943=CARTESIAN_POINT('',(-53.202285228,-109.882952382,4.846460466));
#944=CARTESIAN_POINT('',(-53.08805271,-109.807934147,4.749589699));
#945=CARTESIAN_POINT('',(-52.985827841,-109.724250731,4.644480116));
#946=CARTESIAN_POINT('',(-52.897151684,-109.632287691,4.533290274));
#947=CARTESIAN_POINT('',(-52.808475526,-109.54032465,4.422100432));
#948=CARTESIAN_POINT('',(-52.735230936,-109.442243448,4.307433182));
#949=CARTESIAN_POINT('',(-52.676343177,-109.337823728,4.190096543));
#950=CARTESIAN_POINT('',(-52.617455419,-109.233404008,4.072759904));
#951=CARTESIAN_POINT('',(-52.572823551,-109.121607884,3.951709594));
#952=CARTESIAN_POINT('',(-52.543588079,-109.00653408,3.832139196));
#953=CARTESIAN_POINT('',(-52.514352607,-108.891460276,3.712568798));
#954=CARTESIAN_POINT('',(-52.5,-108.772753212,3.593987605));
#955=CARTESIAN_POINT('',(-52.5,-108.650301032,3.476598192));
#956=B_SPLINE_CURVE_WITH_KNOTS('',3,(#907,#908,#909,#910,#911,#912,#913,#914,#915,#916,#917,#918,#919,#920,#921,#922,#923,#924,#925,#926,#927,#928,#929,#930,#931,#932,
#933,#934,#935,#936,#937,#938,#939,#940,#941,#942,#943,#944,#945,#946,#947,#948,#949,#950,#951,#952,#953,#954,#955),.UNSPECIFIED.,.F.,.F.,(4,3,3,3,3,3,3,3,3,3,3,3,3,3,3,3,4),(-0.004019832,-0.003517533,-0.003015235,-0.002512936,-0.002010637,-0.001508339,-0.00100604,-0.000001443,0.000500855,0.001003154,0.001505452,0.001756602,0.002007751,0.002510049,0.003012348,0.003514646,0.004016945),.UNSPECIFIED.);
#957=EDGE_CURVE('',#852,#906,#956,.T.);
#958=ORIENTED_EDGE('',*,*,#957,.T.);
#959=CARTESIAN_POINT('',(-52.5,-95.682673428,0.769230769));
#960=VERTEX_POINT('',#959);
#961=CARTESIAN_POINT('',(-52.5,-99.999970413,12.5));
#962=DIRECTION('',(1.,-0.,0.));
#963=DIRECTION('',(0.,0.,-1.));
#964=AXIS2_PLACEMENT_3D('',#961,#962,#963);
#965=CIRCLE('',#964,12.5);
#966=EDGE_CURVE('',#906,#960,#965,.T.);
#967=ORIENTED_EDGE('',*,*,#966,.T.);
#968=CARTESIAN_POINT('',(-47.5,-95.682673428,0.769230769));
#969=VERTEX_POINT('',#968);
#970=CARTESIAN_POINT('',(-47.5,-95.682673428,0.769230769));
#971=DIRECTION('',(-1.,0.,0.));
#972=VECTOR('',#971,5.);
#973=LINE('',#970,#972);
#974=EDGE_CURVE('',#969,#960,#973,.T.);
#975=ORIENTED_EDGE('',*,*,#974,.F.);
#976=CARTESIAN_POINT('',(-47.5,-108.650301032,3.476598192));
#977=VERTEX_POINT('',#976);
#978=CARTESIAN_POINT('',(-47.5,-99.999970413,12.5));
#979=DIRECTION('',(1.,-0.,0.));
#980=DIRECTION('',(0.,0.,-1.));
#981=AXIS2_PLACEMENT_3D('',#978,#979,#980);
#982=CIRCLE('',#981,12.5);
#983=EDGE_CURVE('',#977,#969,#982,.T.);
#984=ORIENTED_EDGE('',*,*,#983,.F.);
#985=CARTESIAN_POINT('',(-42.5,-108.650301032,3.476598192));
#986=VERTEX_POINT('',#985);
#987=CARTESIAN_POINT('',(-47.5,-108.650301032,3.476598192));
#988=CARTESIAN_POINT('',(-47.5,-108.772702041,3.59393855));
#989=CARTESIAN_POINT('',(-47.485656522,-108.890961994,3.712086176));
#990=CARTESIAN_POINT('',(-47.456735058,-109.005259618,3.830815128));
#991=CARTESIAN_POINT('',(-47.427813594,-109.119557241,3.949544081));
#992=CARTESIAN_POINT('',(-47.383785639,-109.230811293,4.069900994));
#993=CARTESIAN_POINT('',(-47.324719828,-109.335935318,4.187975019));
#994=CARTESIAN_POINT('',(-47.265654018,-109.441059344,4.306049044));
#995=CARTESIAN_POINT('',(-47.192583529,-109.538818366,4.42035097));
#996=CARTESIAN_POINT('',(-47.105273388,-109.629767155,4.530243749));
#997=CARTESIAN_POINT('',(-47.017963246,-109.720715944,4.640136528));
#998=CARTESIAN_POINT('',(-46.914903048,-109.805725137,4.746785032));
#999=CARTESIAN_POINT('',(-46.800447355,-109.8811547,4.84413969));
#1000=CARTESIAN_POINT('',(-46.685991661,-109.956584263,4.941494348));
#1001=CARTESIAN_POINT('',(-46.560434966,-110.022797787,5.029896056));
#1002=CARTESIAN_POINT('',(-46.423616366,-110.080495417,5.108585004));
#1003=CARTESIAN_POINT('',(-46.286797767,-110.138193047,5.187273952));
#1004=CARTESIAN_POINT('',(-46.138027767,-110.187238927,5.256099303));
#1005=CARTESIAN_POINT('',(-45.984636521,-110.225972357,5.311197302));
#1006=CARTESIAN_POINT('',(-45.677854029,-110.303439219,5.4213933));
#1007=CARTESIAN_POINT('',(-45.341137323,-110.343322034,5.48109145));
#1008=CARTESIAN_POINT('',(-45.001464042,-110.343435664,5.481258901));
#1009=CARTESIAN_POINT('',(-44.831627402,-110.343492479,5.481342627));
#1010=CARTESIAN_POINT('',(-44.664716065,-110.333758758,5.466936286));
#1011=CARTESIAN_POINT('',(-44.500691971,-110.314457919,5.438743207));
#1012=CARTESIAN_POINT('',(-44.336667877,-110.29515708,5.410550129));
#1013=CARTESIAN_POINT('',(-44.17371586,-110.265748623,5.36779627));
#1014=CARTESIAN_POINT('',(-44.019592372,-110.227037368,5.312712507));
#1015=CARTESIAN_POINT('',(-43.865468884,-110.188326112,5.257628745));
#1016=CARTESIAN_POINT('',(-43.719687421,-110.140537113,5.190526852));
#1017=CARTESIAN_POINT('',(-43.582238105,-110.082956138,5.111942146));
#1018=CARTESIAN_POINT('',(-43.513513447,-110.054165651,5.072649793));
#1019=CARTESIAN_POINT('',(-43.446573329,-110.022716959,5.030218193));
#1020=CARTESIAN_POINT('',(-43.383108426,-109.989308334,4.985804907));
#1021=CARTESIAN_POINT('',(-43.319643523,-109.955899708,4.94139162));
#1022=CARTESIAN_POINT('',(-43.259401487,-109.9204615,4.89489585));
#1023=CARTESIAN_POINT('',(-43.202285228,-109.882952382,4.846460466));
#1024=CARTESIAN_POINT('',(-43.08805271,-109.807934147,4.749589699));
#1025=CARTESIAN_POINT('',(-42.985827841,-109.724250731,4.644480116));
#1026=CARTESIAN_POINT('',(-42.897151684,-109.632287691,4.533290274));
#1027=CARTESIAN_POINT('',(-42.808475526,-109.54032465,4.422100432));
#1028=CARTESIAN_POINT('',(-42.735230936,-109.442243448,4.307433182));
#1029=CARTESIAN_POINT('',(-42.676343177,-109.337823728,4.190096543));
#1030=CARTESIAN_POINT('',(-42.617455419,-109.233404008,4.072759904));
#1031=CARTESIAN_POINT('',(-42.572823551,-109.121607884,3.951709594));
#1032=CARTESIAN_POINT('',(-42.543588079,-109.00653408,3.832139196));
#1033=CARTESIAN_POINT('',(-42.514352607,-108.891460276,3.712568798));
#1034=CARTESIAN_POINT('',(-42.5,-108.772753212,3.593987605));
#1035=CARTESIAN_POINT('',(-42.5,-108.650301032,3.476598192));
#1036=B_SPLINE_CURVE_WITH_KNOTS('',3,(#987,#988,#989,#990,#991,#992,#993,#994,#995,#996,#997,#998,#999,#1000,#1001,#1002,#1003,#1004,#1005,#1006,#1007,#1008,#1009,#1010,#1011,#1012,
#1013,#1014,#1015,#1016,#1017,#1018,#1019,#1020,#1021,#1022,#1023,#1024,#1025,#1026,#1027,#1028,#1029,#1030,#1031,#1032,#1033,#1034,#1035),.UNSPECIFIED.,.F.,.F.,(4,3,3,3,3,3,3,3,3,3,3,3,3,3,3,3,4),(-0.004019832,-0.003517533,-0.003015235,-0.002512936,-0.002010637,-0.001508339,-0.00100604,-0.000001443,0.000500855,0.001003154,0.001505452,0.001756602,0.002007751,0.002510049,0.003012348,0.003514646,0.004016945),.UNSPECIFIED.);
#1037=EDGE_CURVE('',#977,#986,#1036,.T.);
#1038=ORIENTED_EDGE('',*,*,#1037,.T.);
#1039=CARTESIAN_POINT('',(-42.5,-95.682673428,0.769230769));
#1040=VERTEX_POINT('',#1039);
#1041=CARTESIAN_POINT('',(-42.5,-99.999970413,12.5));
#1042=DIRECTION('',(1.,-0.,0.));
#1043=DIRECTION('',(0.,0.,-1.));
#1044=AXIS2_PLACEMENT_3D('',#1041,#1042,#1043);
#1045=CIRCLE('',#1044,12.5);
#1046=EDGE_CURVE('',#986,#1040,#1045,.T.);
#1047=ORIENTED_EDGE('',*,*,#1046,.T.);
#1048=CARTESIAN_POINT('',(-37.5,-95.682673428,0.769230769));
#1049=VERTEX_POINT('',#1048);
#1050=CARTESIAN_POINT('',(-37.5,-95.682673428,0.769230769));
#1051=DIRECTION('',(-1.,0.,0.));
#1052=VECTOR('',#1051,5.);
#1053=LINE('',#1050,#1052);
#1054=EDGE_CURVE('',#1049,#1040,#1053,.T.);
#1055=ORIENTED_EDGE('',*,*,#1054,.F.);
#1056=CARTESIAN_POINT('',(-37.5,-108.650301032,3.476598192));
#1057=VERTEX_POINT('',#1056);
#1058=CARTESIAN_POINT('',(-37.5,-99.999970413,12.5));
#1059=DIRECTION('',(1.,-0.,0.));
#1060=DIRECTION('',(0.,0.,-1.));
#1061=AXIS2_PLACEMENT_3D('',#1058,#1059,#1060);
#1062=CIRCLE('',#1061,12.5);
#1063=EDGE_CURVE('',#1057,#1049,#1062,.T.);
#1064=ORIENTED_EDGE('',*,*,#1063,.F.);
#1065=CARTESIAN_POINT('',(-35.,-110.343435912,5.481259264));
#1066=VERTEX_POINT('',#1065);
#1067=CARTESIAN_POINT('',(-37.5,-108.650301032,3.476598192));
#1068=CARTESIAN_POINT('',(-37.5,-108.772702041,3.59393855));
#1069=CARTESIAN_POINT('',(-37.485656522,-108.890961994,3.712086176));
#1070=CARTESIAN_POINT('',(-37.456735058,-109.005259618,3.830815128));
#1071=CARTESIAN_POINT('',(-37.427813594,-109.119557241,3.949544081));
#1072=CARTESIAN_POINT('',(-37.383785639,-109.230811293,4.069900994));
#1073=CARTESIAN_POINT('',(-37.324719828,-109.335935318,4.187975019));
#1074=CARTESIAN_POINT('',(-37.265654018,-109.441059344,4.306049044));
#1075=CARTESIAN_POINT('',(-37.192583529,-109.538818366,4.42035097));
#1076=CARTESIAN_POINT('',(-37.105273388,-109.629767155,4.530243749));
#1077=CARTESIAN_POINT('',(-37.017963246,-109.720715944,4.640136528));
#1078=CARTESIAN_POINT('',(-36.914903048,-109.805725137,4.746785032));
#1079=CARTESIAN_POINT('',(-36.800447355,-109.8811547,4.84413969));
#1080=CARTESIAN_POINT('',(-36.685991661,-109.956584263,4.941494348));
#1081=CARTESIAN_POINT('',(-36.560434966,-110.022797787,5.029896056));
#1082=CARTESIAN_POINT('',(-36.423616366,-110.080495417,5.108585004));
#1083=CARTESIAN_POINT('',(-36.286797767,-110.138193047,5.187273952));
#1084=CARTESIAN_POINT('',(-36.138027767,-110.187238927,5.256099303));
#1085=CARTESIAN_POINT('',(-35.984636521,-110.225972357,5.311197302));
#1086=CARTESIAN_POINT('',(-35.677854029,-110.303439219,5.4213933));
#1087=CARTESIAN_POINT('',(-35.341137323,-110.343322034,5.48109145));
#1088=CARTESIAN_POINT('',(-35.001464042,-110.343435664,5.481258901));
#1089=CARTESIAN_POINT('',(-34.831627402,-110.343492479,5.481342627));
#1090=CARTESIAN_POINT('',(-34.664716065,-110.333758758,5.466936286));
#1091=CARTESIAN_POINT('',(-34.500691971,-110.314457919,5.438743207));
#1092=CARTESIAN_POINT('',(-34.336667877,-110.29515708,5.410550129));
#1093=CARTESIAN_POINT('',(-34.17371586,-110.265748623,5.36779627));
#1094=CARTESIAN_POINT('',(-34.019592372,-110.227037368,5.312712507));
#1095=CARTESIAN_POINT('',(-33.865468884,-110.188326112,5.257628745));
#1096=CARTESIAN_POINT('',(-33.719687421,-110.140537113,5.190526852));
#1097=CARTESIAN_POINT('',(-33.582238105,-110.082956138,5.111942146));
#1098=CARTESIAN_POINT('',(-33.513513447,-110.054165651,5.072649793));
#1099=CARTESIAN_POINT('',(-33.446573329,-110.022716959,5.030218193));
#1100=CARTESIAN_POINT('',(-33.383108426,-109.989308334,4.985804907));
#1101=CARTESIAN_POINT('',(-33.319643523,-109.955899708,4.94139162));
#1102=CARTESIAN_POINT('',(-33.259401487,-109.9204615,4.89489585));
#1103=CARTESIAN_POINT('',(-33.202285228,-109.882952382,4.846460466));
#1104=CARTESIAN_POINT('',(-33.08805271,-109.807934147,4.749589699));
#1105=CARTESIAN_POINT('',(-32.985827841,-109.724250731,4.644480116));
#1106=CARTESIAN_POINT('',(-32.897151684,-109.632287691,4.533290274));
#1107=CARTESIAN_POINT('',(-32.808475526,-109.54032465,4.422100432));
#1108=CARTESIAN_POINT('',(-32.735230936,-109.442243448,4.307433182));
#1109=CARTESIAN_POINT('',(-32.676343177,-109.337823728,4.190096543));
#1110=CARTESIAN_POINT('',(-32.617455419,-109.233404008,4.072759904));
#1111=CARTESIAN_POINT('',(-32.572823551,-109.121607884,3.951709594));
#1112=CARTESIAN_POINT('',(-32.543588079,-109.00653408,3.832139196));
#1113=CARTESIAN_POINT('',(-32.514352607,-108.891460276,3.712568798));
#1114=CARTESIAN_POINT('',(-32.5,-108.772753212,3.593987605));
#1115=CARTESIAN_POINT('',(-32.5,-108.650301032,3.476598192));
#1116=B_SPLINE_CURVE_WITH_KNOTS('',3,(#1067,#1068,#1069,#1070,#1071,#1072,#1073,#1074,#1075,#1076,#1077,#1078,#1079,#1080,#1081,#1082,#1083,#1084,#1085,#1086,#1087,#1088,#1089,#1090,#1091,#1092,
#1093,#1094,#1095,#1096,#1097,#1098,#1099,#1100,#1101,#1102,#1103,#1104,#1105,#1106,#1107,#1108,#1109,#1110,#1111,#1112,#1113,#1114,#1115),.UNSPECIFIED.,.F.,.F.,(4,3,3,3,3,3,3,3,3,3,3,3,3,3,3,3,4),(-0.004019832,-0.003517533,-0.003015235,-0.002512936,-0.002010637,-0.001508339,-0.00100604,-0.000001443,0.000500855,0.001003154,0.001505452,0.001756602,0.002007751,0.002510049,0.003012348,0.003514646,0.004016945),.UNSPECIFIED.);
#1117=EDGE_CURVE('',#1057,#1066,#1116,.T.);
#1118=ORIENTED_EDGE('',*,*,#1117,.T.);
#1119=CARTESIAN_POINT('',(-32.5,-108.650301032,3.476598192));
#1120=VERTEX_POINT('',#1119);
#1121=CARTESIAN_POINT('',(-37.5,-108.650301032,3.476598192));
#1122=CARTESIAN_POINT('',(-37.5,-108.772702041,3.59393855));
#1123=CARTESIAN_POINT('',(-37.485656522,-108.890961994,3.712086176));
#1124=CARTESIAN_POINT('',(-37.456735058,-109.005259618,3.830815128));
#1125=CARTESIAN_POINT('',(-37.427813594,-109.119557241,3.949544081));
#1126=CARTESIAN_POINT('',(-37.383785639,-109.230811293,4.069900994));
#1127=CARTESIAN_POINT('',(-37.324719828,-109.335935318,4.187975019));
#1128=CARTESIAN_POINT('',(-37.265654018,-109.441059344,4.306049044));
#1129=CARTESIAN_POINT('',(-37.192583529,-109.538818366,4.42035097));
#1130=CARTESIAN_POINT('',(-37.105273388,-109.629767155,4.530243749));
#1131=CARTESIAN_POINT('',(-37.017963246,-109.720715944,4.640136528));
#1132=CARTESIAN_POINT('',(-36.914903048,-109.805725137,4.746785032));
#1133=CARTESIAN_POINT('',(-36.800447355,-109.8811547,4.84413969));
#1134=CARTESIAN_POINT('',(-36.685991661,-109.956584263,4.941494348));
#1135=CARTESIAN_POINT('',(-36.560434966,-110.022797787,5.029896056));
#1136=CARTESIAN_POINT('',(-36.423616366,-110.080495417,5.108585004));
#1137=CARTESIAN_POINT('',(-36.286797767,-110.138193047,5.187273952));
#1138=CARTESIAN_POINT('',(-36.138027767,-110.187238927,5.256099303));
#1139=CARTESIAN_POINT('',(-35.984636521,-110.225972357,5.311197302));
#1140=CARTESIAN_POINT('',(-35.677854029,-110.303439219,5.4213933));
#1141=CARTESIAN_POINT('',(-35.341137323,-110.343322034,5.48109145));
#1142=CARTESIAN_POINT('',(-35.001464042,-110.343435664,5.481258901));
#1143=CARTESIAN_POINT('',(-34.831627402,-110.343492479,5.481342627));
#1144=CARTESIAN_POINT('',(-34.664716065,-110.333758758,5.466936286));
#1145=CARTESIAN_POINT('',(-34.500691971,-110.314457919,5.438743207));
#1146=CARTESIAN_POINT('',(-34.336667877,-110.29515708,5.410550129));
#1147=CARTESIAN_POINT('',(-34.17371586,-110.265748623,5.36779627));
#1148=CARTESIAN_POINT('',(-34.019592372,-110.227037368,5.312712507));
#1149=CARTESIAN_POINT('',(-33.865468884,-110.188326112,5.257628745));
#1150=CARTESIAN_POINT('',(-33.719687421,-110.140537113,5.190526852));
#1151=CARTESIAN_POINT('',(-33.582238105,-110.082956138,5.111942146));
#1152=CARTESIAN_POINT('',(-33.513513447,-110.054165651,5.072649793));
#1153=CARTESIAN_POINT('',(-33.446573329,-110.022716959,5.030218193));
#1154=CARTESIAN_POINT('',(-33.383108426,-109.989308334,4.985804907));
#1155=CARTESIAN_POINT('',(-33.319643523,-109.955899708,4.94139162));
#1156=CARTESIAN_POINT('',(-33.259401487,-109.9204615,4.89489585));
#1157=CARTESIAN_POINT('',(-33.202285228,-109.882952382,4.846460466));
#1158=CARTESIAN_POINT('',(-33.08805271,-109.807934147,4.749589699));
#1159=CARTESIAN_POINT('',(-32.985827841,-109.724250731,4.644480116));
#1160=CARTESIAN_POINT('',(-32.897151684,-109.632287691,4.533290274));
#1161=CARTESIAN_POINT('',(-32.808475526,-109.54032465,4.422100432));
#1162=CARTESIAN_POINT('',(-32.735230936,-109.442243448,4.307433182));
#1163=CARTESIAN_POINT('',(-32.676343177,-109.337823728,4.190096543));
#1164=CARTESIAN_POINT('',(-32.617455419,-109.233404008,4.072759904));
#1165=CARTESIAN_POINT('',(-32.572823551,-109.121607884,3.951709594));
#1166=CARTESIAN_POINT('',(-32.543588079,-109.00653408,3.832139196));
#1167=CARTESIAN_POINT('',(-32.514352607,-108.891460276,3.712568798));
#1168=CARTESIAN_POINT('',(-32.5,-108.772753212,3.593987605));
#1169=CARTESIAN_POINT('',(-32.5,-108.650301032,3.476598192));
#1170=B_SPLINE_CURVE_WITH_KNOTS('',3,(#1121,#1122,#1123,#1124,#1125,#1126,#1127,#1128,#1129,#1130,#1131,#1132,#1133,#1134,#1135,#1136,#1137,#1138,#1139,#1140,#1141,#1142,#1143,#1144,#1145,#1146,
#1147,#1148,#1149,#1150,#1151,#1152,#1153,#1154,#1155,#1156,#1157,#1158,#1159,#1160,#1161,#1162,#1163,#1164,#1165,#1166,#1167,#1168,#1169),.UNSPECIFIED.,.F.,.F.,(4,3,3,3,3,3,3,3,3,3,3,3,3,3,3,3,4),(-0.004019832,-0.003517533,-0.003015235,-0.002512936,-0.002010637,-0.001508339,-0.00100604,-0.000001443,0.000500855,0.001003154,0.001505452,0.001756602,0.002007751,0.002510049,0.003012348,0.003514646,0.004016945),.UNSPECIFIED.);
#1171=EDGE_CURVE('',#1066,#1120,#1170,.T.);
#1172=ORIENTED_EDGE('',*,*,#1171,.T.);
#1173=CARTESIAN_POINT('',(-32.5,-95.682673428,0.769230769));
#1174=VERTEX_POINT('',#1173);
#1175=CARTESIAN_POINT('',(-32.5,-99.999970413,12.5));
#1176=DIRECTION('',(1.,-0.,0.));
#1177=DIRECTION('',(0.,0.,-1.));
#1178=AXIS2_PLACEMENT_3D('',#1175,#1176,#1177);
#1179=CIRCLE('',#1178,12.5);
#1180=EDGE_CURVE('',#1120,#1174,#1179,.T.);
#1181=ORIENTED_EDGE('',*,*,#1180,.T.);
#1182=CARTESIAN_POINT('',(-27.5,-95.682673428,0.769230769));
#1183=VERTEX_POINT('',#1182);
#1184=CARTESIAN_POINT('',(-27.5,-95.682673428,0.769230769));
#1185=DIRECTION('',(-1.,0.,0.));
#1186=VECTOR('',#1185,5.);
#1187=LINE('',#1184,#1186);
#1188=EDGE_CURVE('',#1183,#1174,#1187,.T.);
#1189=ORIENTED_EDGE('',*,*,#1188,.F.);
#1190=CARTESIAN_POINT('',(-27.5,-108.650301032,3.476598192));
#1191=VERTEX_POINT('',#1190);
#1192=CARTESIAN_POINT('',(-27.5,-99.999970413,12.5));
#1193=DIRECTION('',(1.,-0.,0.));
#1194=DIRECTION('',(0.,0.,-1.));
#1195=AXIS2_PLACEMENT_3D('',#1192,#1193,#1194);
#1196=CIRCLE('',#1195,12.5);
#1197=EDGE_CURVE('',#1191,#1183,#1196,.T.);
#1198=ORIENTED_EDGE('',*,*,#1197,.F.);
#1199=CARTESIAN_POINT('',(-25.,-110.343435912,5.481259264));
#1200=VERTEX_POINT('',#1199);
#1201=CARTESIAN_POINT('',(-27.5,-108.650301032,3.476598192));
#1202=CARTESIAN_POINT('',(-27.5,-108.772702041,3.59393855));
#1203=CARTESIAN_POINT('',(-27.485656522,-108.890961994,3.712086176));
#1204=CARTESIAN_POINT('',(-27.456735058,-109.005259618,3.830815128));
#1205=CARTESIAN_POINT('',(-27.427813594,-109.119557241,3.949544081));
#1206=CARTESIAN_POINT('',(-27.383785639,-109.230811293,4.069900994));
#1207=CARTESIAN_POINT('',(-27.324719828,-109.335935318,4.187975019));
#1208=CARTESIAN_POINT('',(-27.265654018,-109.441059344,4.306049044));
#1209=CARTESIAN_POINT('',(-27.192583529,-109.538818366,4.42035097));
#1210=CARTESIAN_POINT('',(-27.105273388,-109.629767155,4.530243749));
#1211=CARTESIAN_POINT('',(-27.017963246,-109.720715944,4.640136528));
#1212=CARTESIAN_POINT('',(-26.914903048,-109.805725137,4.746785032));
#1213=CARTESIAN_POINT('',(-26.800447355,-109.8811547,4.84413969));
#1214=CARTESIAN_POINT('',(-26.685991661,-109.956584263,4.941494348));
#1215=CARTESIAN_POINT('',(-26.560434966,-110.022797787,5.029896056));
#1216=CARTESIAN_POINT('',(-26.423616366,-110.080495417,5.108585004));
#1217=CARTESIAN_POINT('',(-26.286797767,-110.138193047,5.187273952));
#1218=CARTESIAN_POINT('',(-26.138027767,-110.187238927,5.256099303));
#1219=CARTESIAN_POINT('',(-25.984636521,-110.225972357,5.311197302));
#1220=CARTESIAN_POINT('',(-25.677854029,-110.303439219,5.4213933));
#1221=CARTESIAN_POINT('',(-25.341137323,-110.343322034,5.48109145));
#1222=CARTESIAN_POINT('',(-25.001464042,-110.343435664,5.481258901));
#1223=CARTESIAN_POINT('',(-24.831627402,-110.343492479,5.481342627));
#1224=CARTESIAN_POINT('',(-24.664716065,-110.333758758,5.466936286));
#1225=CARTESIAN_POINT('',(-24.500691971,-110.314457919,5.438743207));
#1226=CARTESIAN_POINT('',(-24.336667877,-110.29515708,5.410550129));
#1227=CARTESIAN_POINT('',(-24.17371586,-110.265748623,5.36779627));
#1228=CARTESIAN_POINT('',(-24.019592372,-110.227037368,5.312712507));
#1229=CARTESIAN_POINT('',(-23.865468884,-110.188326112,5.257628745));
#1230=CARTESIAN_POINT('',(-23.719687421,-110.140537113,5.190526852));
#1231=CARTESIAN_POINT('',(-23.582238105,-110.082956138,5.111942146));
#1232=CARTESIAN_POINT('',(-23.513513447,-110.054165651,5.072649793));
#1233=CARTESIAN_POINT('',(-23.446573329,-110.022716959,5.030218193));
#1234=CARTESIAN_POINT('',(-23.383108426,-109.989308334,4.985804907));
#1235=CARTESIAN_POINT('',(-23.319643523,-109.955899708,4.94139162));
#1236=CARTESIAN_POINT('',(-23.259401487,-109.9204615,4.89489585));
#1237=CARTESIAN_POINT('',(-23.202285228,-109.882952382,4.846460466));
#1238=CARTESIAN_POINT('',(-23.08805271,-109.807934147,4.749589699));
#1239=CARTESIAN_POINT('',(-22.985827841,-109.724250731,4.644480116));
#1240=CARTESIAN_POINT('',(-22.897151684,-109.632287691,4.533290274));
#1241=CARTESIAN_POINT('',(-22.808475526,-109.54032465,4.422100432));
#1242=CARTESIAN_POINT('',(-22.735230936,-109.442243448,4.307433182));
#1243=CARTESIAN_POINT('',(-22.676343177,-109.337823728,4.190096543));
#1244=CARTESIAN_POINT('',(-22.617455419,-109.233404008,4.072759904));
#1245=CARTESIAN_POINT('',(-22.572823551,-109.121607884,3.951709594));
#1246=CARTESIAN_POINT('',(-22.543588079,-109.00653408,3.832139196));
#1247=CARTESIAN_POINT('',(-22.514352607,-108.891460276,3.712568798));
#1248=CARTESIAN_POINT('',(-22.5,-108.772753212,3.593987605));
#1249=CARTESIAN_POINT('',(-22.5,-108.650301032,3.476598192));
#1250=B_SPLINE_CURVE_WITH_KNOTS('',3,(#1201,#1202,#1203,#1204,#1205,#1206,#1207,#1208,#1209,#1210,#1211,#1212,#1213,#1214,#1215,#1216,#1217,#1218,#1219,#1220,#1221,#1222,#1223,#1224,#1225,#1226,
#1227,#1228,#1229,#1230,#1231,#1232,#1233,#1234,#1235,#1236,#1237,#1238,#1239,#1240,#1241,#1242,#1243,#1244,#1245,#1246,#1247,#1248,#1249),.UNSPECIFIED.,.F.,.F.,(4,3,3,3,3,3,3,3,3,3,3,3,3,3,3,3,4),(0.,0.000501913,0.001003825,0.001505738,0.002007651,0.002509564,0.003011476,0.004015302,0.004517215,0.005019127,0.00552104,0.005771996,0.006022953,0.006524866,0.007026778,0.007528691,0.008030604),.UNSPECIFIED.);
#1251=EDGE_CURVE('',#1191,#1200,#1250,.T.);
#1252=ORIENTED_EDGE('',*,*,#1251,.T.);
#1253=CARTESIAN_POINT('',(-22.5,-108.650301032,3.476598192));
#1254=VERTEX_POINT('',#1253);
#1255=CARTESIAN_POINT('',(-27.5,-108.650301032,3.476598192));
#1256=CARTESIAN_POINT('',(-27.5,-108.772702041,3.59393855));
#1257=CARTESIAN_POINT('',(-27.485656522,-108.890961994,3.712086176));
#1258=CARTESIAN_POINT('',(-27.456735058,-109.005259618,3.830815128));
#1259=CARTESIAN_POINT('',(-27.427813594,-109.119557241,3.949544081));
#1260=CARTESIAN_POINT('',(-27.383785639,-109.230811293,4.069900994));
#1261=CARTESIAN_POINT('',(-27.324719828,-109.335935318,4.187975019));
#1262=CARTESIAN_POINT('',(-27.265654018,-109.441059344,4.306049044));
#1263=CARTESIAN_POINT('',(-27.192583529,-109.538818366,4.42035097));
#1264=CARTESIAN_POINT('',(-27.105273388,-109.629767155,4.530243749));
#1265=CARTESIAN_POINT('',(-27.017963246,-109.720715944,4.640136528));
#1266=CARTESIAN_POINT('',(-26.914903048,-109.805725137,4.746785032));
#1267=CARTESIAN_POINT('',(-26.800447355,-109.8811547,4.84413969));
#1268=CARTESIAN_POINT('',(-26.685991661,-109.956584263,4.941494348));
#1269=CARTESIAN_POINT('',(-26.560434966,-110.022797787,5.029896056));
#1270=CARTESIAN_POINT('',(-26.423616366,-110.080495417,5.108585004));
#1271=CARTESIAN_POINT('',(-26.286797767,-110.138193047,5.187273952));
#1272=CARTESIAN_POINT('',(-26.138027767,-110.187238927,5.256099303));
#1273=CARTESIAN_POINT('',(-25.984636521,-110.225972357,5.311197302));
#1274=CARTESIAN_POINT('',(-25.677854029,-110.303439219,5.4213933));
#1275=CARTESIAN_POINT('',(-25.341137323,-110.343322034,5.48109145));
#1276=CARTESIAN_POINT('',(-25.001464042,-110.343435664,5.481258901));
#1277=CARTESIAN_POINT('',(-24.831627402,-110.343492479,5.481342627));
#1278=CARTESIAN_POINT('',(-24.664716065,-110.333758758,5.466936286));
#1279=CARTESIAN_POINT('',(-24.500691971,-110.314457919,5.438743207));
#1280=CARTESIAN_POINT('',(-24.336667877,-110.29515708,5.410550129));
#1281=CARTESIAN_POINT('',(-24.17371586,-110.265748623,5.36779627));
#1282=CARTESIAN_POINT('',(-24.019592372,-110.227037368,5.312712507));
#1283=CARTESIAN_POINT('',(-23.865468884,-110.188326112,5.257628745));
#1284=CARTESIAN_POINT('',(-23.719687421,-110.140537113,5.190526852));
#1285=CARTESIAN_POINT('',(-23.582238105,-110.082956138,5.111942146));
#1286=CARTESIAN_POINT('',(-23.513513447,-110.054165651,5.072649793));
#1287=CARTESIAN_POINT('',(-23.446573329,-110.022716959,5.030218193));
#1288=CARTESIAN_POINT('',(-23.383108426,-109.989308334,4.985804907));
#1289=CARTESIAN_POINT('',(-23.319643523,-109.955899708,4.94139162));
#1290=CARTESIAN_POINT('',(-23.259401487,-109.9204615,4.89489585));
#1291=CARTESIAN_POINT('',(-23.202285228,-109.882952382,4.846460466));
#1292=CARTESIAN_POINT('',(-23.08805271,-109.807934147,4.749589699));
#1293=CARTESIAN_POINT('',(-22.985827841,-109.724250731,4.644480116));
#1294=CARTESIAN_POINT('',(-22.897151684,-109.632287691,4.533290274));
#1295=CARTESIAN_POINT('',(-22.808475526,-109.54032465,4.422100432));
#1296=CARTESIAN_POINT('',(-22.735230936,-109.442243448,4.307433182));
#1297=CARTESIAN_POINT('',(-22.676343177,-109.337823728,4.190096543));
#1298=CARTESIAN_POINT('',(-22.617455419,-109.233404008,4.072759904));
#1299=CARTESIAN_POINT('',(-22.572823551,-109.121607884,3.951709594));
#1300=CARTESIAN_POINT('',(-22.543588079,-109.00653408,3.832139196));
#1301=CARTESIAN_POINT('',(-22.514352607,-108.891460276,3.712568798));
#1302=CARTESIAN_POINT('',(-22.5,-108.772753212,3.593987605));
#1303=CARTESIAN_POINT('',(-22.5,-108.650301032,3.476598192));
#1304=B_SPLINE_CURVE_WITH_KNOTS('',3,(#1255,#1256,#1257,#1258,#1259,#1260,#1261,#1262,#1263,#1264,#1265,#1266,#1267,#1268,#1269,#1270,#1271,#1272,#1273,#1274,#1275,#1276,#1277,#1278,#1279,#1280,
#1281,#1282,#1283,#1284,#1285,#1286,#1287,#1288,#1289,#1290,#1291,#1292,#1293,#1294,#1295,#1296,#1297,#1298,#1299,#1300,#1301,#1302,#1303),.UNSPECIFIED.,.F.,.F.,(4,3,3,3,3,3,3,3,3,3,3,3,3,3,3,3,4),(0.,0.000501913,0.001003825,0.001505738,0.002007651,0.002509564,0.003011476,0.004015302,0.004517215,0.005019127,0.00552104,0.005771996,0.006022953,0.006524866,0.007026778,0.007528691,0.008030604),.UNSPECIFIED.);
#1305=EDGE_CURVE('',#1200,#1254,#1304,.T.);
#1306=ORIENTED_EDGE('',*,*,#1305,.T.);
#1307=CARTESIAN_POINT('',(-22.5,-95.682673428,0.769230769));
#1308=VERTEX_POINT('',#1307);
#1309=CARTESIAN_POINT('',(-22.5,-99.999970413,12.5));
#1310=DIRECTION('',(1.,-0.,0.));
#1311=DIRECTION('',(0.,0.,-1.));
#1312=AXIS2_PLACEMENT_3D('',#1309,#1310,#1311);
#1313=CIRCLE('',#1312,12.5);
#1314=EDGE_CURVE('',#1254,#1308,#1313,.T.);
#1315=ORIENTED_EDGE('',*,*,#1314,.T.);
#1316=CARTESIAN_POINT('',(-17.5,-95.682673428,0.769230769));
#1317=VERTEX_POINT('',#1316);
#1318=CARTESIAN_POINT('',(-17.5,-95.682673428,0.769230769));
#1319=DIRECTION('',(-1.,0.,0.));
#1320=VECTOR('',#1319,5.);
#1321=LINE('',#1318,#1320);
#1322=EDGE_CURVE('',#1317,#1308,#1321,.T.);
#1323=ORIENTED_EDGE('',*,*,#1322,.F.);
#1324=CARTESIAN_POINT('',(-17.5,-108.650301032,3.476598192));
#1325=VERTEX_POINT('',#1324);
#1326=CARTESIAN_POINT('',(-17.5,-99.999970413,12.5));
#1327=DIRECTION('',(1.,-0.,0.));
#1328=DIRECTION('',(0.,0.,-1.));
#1329=AXIS2_PLACEMENT_3D('',#1326,#1327,#1328);
#1330=CIRCLE('',#1329,12.5);
#1331=EDGE_CURVE('',#1325,#1317,#1330,.T.);
#1332=ORIENTED_EDGE('',*,*,#1331,.F.);
#1333=CARTESIAN_POINT('',(-12.5,-108.650301032,3.476598192));
#1334=VERTEX_POINT('',#1333);
#1335=CARTESIAN_POINT('',(-17.5,-108.650301032,3.476598192));
#1336=CARTESIAN_POINT('',(-17.5,-108.772702041,3.59393855));
#1337=CARTESIAN_POINT('',(-17.485656522,-108.890961994,3.712086176));
#1338=CARTESIAN_POINT('',(-17.456735058,-109.005259618,3.830815128));
#1339=CARTESIAN_POINT('',(-17.427813594,-109.119557241,3.949544081));
#1340=CARTESIAN_POINT('',(-17.383785639,-109.230811293,4.069900994));
#1341=CARTESIAN_POINT('',(-17.324719828,-109.335935318,4.187975019));
#1342=CARTESIAN_POINT('',(-17.265654018,-109.441059344,4.306049044));
#1343=CARTESIAN_POINT('',(-17.192583529,-109.538818366,4.42035097));
#1344=CARTESIAN_POINT('',(-17.105273388,-109.629767155,4.530243749));
#1345=CARTESIAN_POINT('',(-17.017963246,-109.720715944,4.640136528));
#1346=CARTESIAN_POINT('',(-16.914903048,-109.805725137,4.746785032));
#1347=CARTESIAN_POINT('',(-16.800447355,-109.8811547,4.84413969));
#1348=CARTESIAN_POINT('',(-16.685991661,-109.956584263,4.941494348));
#1349=CARTESIAN_POINT('',(-16.560434966,-110.022797787,5.029896056));
#1350=CARTESIAN_POINT('',(-16.423616366,-110.080495417,5.108585004));
#1351=CARTESIAN_POINT('',(-16.286797767,-110.138193047,5.187273952));
#1352=CARTESIAN_POINT('',(-16.138027767,-110.187238927,5.256099303));
#1353=CARTESIAN_POINT('',(-15.984636521,-110.225972357,5.311197302));
#1354=CARTESIAN_POINT('',(-15.677854029,-110.303439219,5.4213933));
#1355=CARTESIAN_POINT('',(-15.341137323,-110.343322034,5.48109145));
#1356=CARTESIAN_POINT('',(-15.001464042,-110.343435664,5.481258901));
#1357=CARTESIAN_POINT('',(-14.831627402,-110.343492479,5.481342627));
#1358=CARTESIAN_POINT('',(-14.664716065,-110.333758758,5.466936286));
#1359=CARTESIAN_POINT('',(-14.500691971,-110.314457919,5.438743207));
#1360=CARTESIAN_POINT('',(-14.336667877,-110.29515708,5.410550129));
#1361=CARTESIAN_POINT('',(-14.17371586,-110.265748623,5.36779627));
#1362=CARTESIAN_POINT('',(-14.019592372,-110.227037368,5.312712507));
#1363=CARTESIAN_POINT('',(-13.865468884,-110.188326112,5.257628745));
#1364=CARTESIAN_POINT('',(-13.719687421,-110.140537113,5.190526852));
#1365=CARTESIAN_POINT('',(-13.582238105,-110.082956138,5.111942146));
#1366=CARTESIAN_POINT('',(-13.513513447,-110.054165651,5.072649793));
#1367=CARTESIAN_POINT('',(-13.446573329,-110.022716959,5.030218193));
#1368=CARTESIAN_POINT('',(-13.383108426,-109.989308334,4.985804907));
#1369=CARTESIAN_POINT('',(-13.319643523,-109.955899708,4.94139162));
#1370=CARTESIAN_POINT('',(-13.259401487,-109.9204615,4.89489585));
#1371=CARTESIAN_POINT('',(-13.202285228,-109.882952382,4.846460466));
#1372=CARTESIAN_POINT('',(-13.08805271,-109.807934147,4.749589699));
#1373=CARTESIAN_POINT('',(-12.985827841,-109.724250731,4.644480116));
#1374=CARTESIAN_POINT('',(-12.897151684,-109.632287691,4.533290274));
#1375=CARTESIAN_POINT('',(-12.808475526,-109.54032465,4.422100432));
#1376=CARTESIAN_POINT('',(-12.735230936,-109.442243448,4.307433182));
#1377=CARTESIAN_POINT('',(-12.676343177,-109.337823728,4.190096543));
#1378=CARTESIAN_POINT('',(-12.617455419,-109.233404008,4.072759904));
#1379=CARTESIAN_POINT('',(-12.572823551,-109.121607884,3.951709594));
#1380=CARTESIAN_POINT('',(-12.543588079,-109.00653408,3.832139196));
#1381=CARTESIAN_POINT('',(-12.514352607,-108.891460276,3.712568798));
#1382=CARTESIAN_POINT('',(-12.5,-108.772753212,3.593987605));
#1383=CARTESIAN_POINT('',(-12.5,-108.650301032,3.476598192));
#1384=B_SPLINE_CURVE_WITH_KNOTS('',3,(#1335,#1336,#1337,#1338,#1339,#1340,#1341,#1342,#1343,#1344,#1345,#1346,#1347,#1348,#1349,#1350,#1351,#1352,#1353,#1354,#1355,#1356,#1357,#1358,#1359,#1360,
#1361,#1362,#1363,#1364,#1365,#1366,#1367,#1368,#1369,#1370,#1371,#1372,#1373,#1374,#1375,#1376,#1377,#1378,#1379,#1380,#1381,#1382,#1383),.UNSPECIFIED.,.F.,.F.,(4,3,3,3,3,3,3,3,3,3,3,3,3,3,3,3,4),(-0.004019832,-0.003517533,-0.003015235,-0.002512936,-0.002010637,-0.001508339,-0.00100604,-0.000001443,0.000500855,0.001003154,0.001505452,0.001756602,0.002007751,0.002510049,0.003012348,0.003514646,0.004016945),.UNSPECIFIED.);
#1385=EDGE_CURVE('',#1325,#1334,#1384,.T.);
#1386=ORIENTED_EDGE('',*,*,#1385,.T.);
#1387=CARTESIAN_POINT('',(-12.5,-95.682673428,0.769230769));
#1388=VERTEX_POINT('',#1387);
#1389=CARTESIAN_POINT('',(-12.5,-99.999970413,12.5));
#1390=DIRECTION('',(1.,-0.,0.));
#1391=DIRECTION('',(0.,0.,-1.));
#1392=AXIS2_PLACEMENT_3D('',#1389,#1390,#1391);
#1393=CIRCLE('',#1392,12.5);
#1394=EDGE_CURVE('',#1334,#1388,#1393,.T.);
#1395=ORIENTED_EDGE('',*,*,#1394,.T.);
#1396=CARTESIAN_POINT('',(-7.5,-95.682673428,0.769230769));
#1397=VERTEX_POINT('',#1396);
#1398=CARTESIAN_POINT('',(-7.5,-95.682673428,0.769230769));
#1399=DIRECTION('',(-1.,0.,0.));
#1400=VECTOR('',#1399,5.);
#1401=LINE('',#1398,#1400);
#1402=EDGE_CURVE('',#1397,#1388,#1401,.T.);
#1403=ORIENTED_EDGE('',*,*,#1402,.F.);
#1404=CARTESIAN_POINT('',(-7.5,-108.650301032,3.476598192));
#1405=VERTEX_POINT('',#1404);
#1406=CARTESIAN_POINT('',(-7.5,-99.999970413,12.5));
#1407=DIRECTION('',(1.,-0.,0.));
#1408=DIRECTION('',(0.,0.,-1.));
#1409=AXIS2_PLACEMENT_3D('',#1406,#1407,#1408);
#1410=CIRCLE('',#1409,12.5);
#1411=EDGE_CURVE('',#1405,#1397,#1410,.T.);
#1412=ORIENTED_EDGE('',*,*,#1411,.F.);
#1413=CARTESIAN_POINT('',(-5.,-110.343435912,5.481259264));
#1414=VERTEX_POINT('',#1413);
#1415=CARTESIAN_POINT('',(-7.5,-108.650301032,3.476598192));
#1416=CARTESIAN_POINT('',(-7.5,-108.772702041,3.59393855));
#1417=CARTESIAN_POINT('',(-7.485656522,-108.890961994,3.712086176));
#1418=CARTESIAN_POINT('',(-7.456735058,-109.005259618,3.830815128));
#1419=CARTESIAN_POINT('',(-7.427813594,-109.119557241,3.949544081));
#1420=CARTESIAN_POINT('',(-7.383785639,-109.230811293,4.069900994));
#1421=CARTESIAN_POINT('',(-7.324719828,-109.335935318,4.187975019));
#1422=CARTESIAN_POINT('',(-7.265654018,-109.441059344,4.306049044));
#1423=CARTESIAN_POINT('',(-7.192583529,-109.538818366,4.42035097));
#1424=CARTESIAN_POINT('',(-7.105273388,-109.629767155,4.530243749));
#1425=CARTESIAN_POINT('',(-7.017963246,-109.720715944,4.640136528));
#1426=CARTESIAN_POINT('',(-6.914903048,-109.805725137,4.746785032));
#1427=CARTESIAN_POINT('',(-6.800447355,-109.8811547,4.84413969));
#1428=CARTESIAN_POINT('',(-6.685991661,-109.956584263,4.941494348));
#1429=CARTESIAN_POINT('',(-6.560434966,-110.022797787,5.029896056));
#1430=CARTESIAN_POINT('',(-6.423616366,-110.080495417,5.108585004));
#1431=CARTESIAN_POINT('',(-6.286797767,-110.138193047,5.187273952));
#1432=CARTESIAN_POINT('',(-6.138027767,-110.187238927,5.256099303));
#1433=CARTESIAN_POINT('',(-5.984636521,-110.225972357,5.311197302));
#1434=CARTESIAN_POINT('',(-5.677854029,-110.303439219,5.4213933));
#1435=CARTESIAN_POINT('',(-5.341137323,-110.343322034,5.48109145));
#1436=CARTESIAN_POINT('',(-5.001464042,-110.343435664,5.481258901));
#1437=CARTESIAN_POINT('',(-4.831627402,-110.343492479,5.481342627));
#1438=CARTESIAN_POINT('',(-4.664716065,-110.333758758,5.466936286));
#1439=CARTESIAN_POINT('',(-4.500691971,-110.314457919,5.438743207));
#1440=CARTESIAN_POINT('',(-4.336667877,-110.29515708,5.410550129));
#1441=CARTESIAN_POINT('',(-4.17371586,-110.265748623,5.36779627));
#1442=CARTESIAN_POINT('',(-4.019592372,-110.227037368,5.312712507));
#1443=CARTESIAN_POINT('',(-3.865468884,-110.188326112,5.257628745));
#1444=CARTESIAN_POINT('',(-3.719687421,-110.140537113,5.190526852));
#1445=CARTESIAN_POINT('',(-3.582238105,-110.082956138,5.111942146));
#1446=CARTESIAN_POINT('',(-3.513513447,-110.054165651,5.072649793));
#1447=CARTESIAN_POINT('',(-3.446573329,-110.022716959,5.030218193));
#1448=CARTESIAN_POINT('',(-3.383108426,-109.989308334,4.985804907));
#1449=CARTESIAN_POINT('',(-3.319643523,-109.955899708,4.94139162));
#1450=CARTESIAN_POINT('',(-3.259401487,-109.9204615,4.89489585));
#1451=CARTESIAN_POINT('',(-3.202285228,-109.882952382,4.846460466));
#1452=CARTESIAN_POINT('',(-3.08805271,-109.807934147,4.749589699));
#1453=CARTESIAN_POINT('',(-2.985827841,-109.724250731,4.644480116));
#1454=CARTESIAN_POINT('',(-2.897151684,-109.632287691,4.533290274));
#1455=CARTESIAN_POINT('',(-2.808475526,-109.54032465,4.422100432));
#1456=CARTESIAN_POINT('',(-2.735230936,-109.442243448,4.307433182));
#1457=CARTESIAN_POINT('',(-2.676343177,-109.337823728,4.190096543));
#1458=CARTESIAN_POINT('',(-2.617455419,-109.233404008,4.072759904));
#1459=CARTESIAN_POINT('',(-2.572823551,-109.121607884,3.951709594));
#1460=CARTESIAN_POINT('',(-2.543588079,-109.00653408,3.832139196));
#1461=CARTESIAN_POINT('',(-2.514352607,-108.891460276,3.712568798));
#1462=CARTESIAN_POINT('',(-2.5,-108.772753212,3.593987605));
#1463=CARTESIAN_POINT('',(-2.5,-108.650301032,3.476598192));
#1464=B_SPLINE_CURVE_WITH_KNOTS('',3,(#1415,#1416,#1417,#1418,#1419,#1420,#1421,#1422,#1423,#1424,#1425,#1426,#1427,#1428,#1429,#1430,#1431,#1432,#1433,#1434,#1435,#1436,#1437,#1438,#1439,#1440,
#1441,#1442,#1443,#1444,#1445,#1446,#1447,#1448,#1449,#1450,#1451,#1452,#1453,#1454,#1455,#1456,#1457,#1458,#1459,#1460,#1461,#1462,#1463),.UNSPECIFIED.,.F.,.F.,(4,3,3,3,3,3,3,3,3,3,3,3,3,3,3,3,4),(0.,0.000501913,0.001003825,0.001505738,0.002007651,0.002509564,0.003011476,0.004015302,0.004517215,0.005019127,0.00552104,0.005771996,0.006022953,0.006524866,0.007026778,0.007528691,0.008030604),.UNSPECIFIED.);
#1465=EDGE_CURVE('',#1405,#1414,#1464,.T.);
#1466=ORIENTED_EDGE('',*,*,#1465,.T.);
#1467=CARTESIAN_POINT('',(-2.5,-108.650301032,3.476598192));
#1468=VERTEX_POINT('',#1467);
#1469=CARTESIAN_POINT('',(-7.5,-108.650301032,3.476598192));
#1470=CARTESIAN_POINT('',(-7.5,-108.772702041,3.59393855));
#1471=CARTESIAN_POINT('',(-7.485656522,-108.890961994,3.712086176));
#1472=CARTESIAN_POINT('',(-7.456735058,-109.005259618,3.830815128));
#1473=CARTESIAN_POINT('',(-7.427813594,-109.119557241,3.949544081));
#1474=CARTESIAN_POINT('',(-7.383785639,-109.230811293,4.069900994));
#1475=CARTESIAN_POINT('',(-7.324719828,-109.335935318,4.187975019));
#1476=CARTESIAN_POINT('',(-7.265654018,-109.441059344,4.306049044));
#1477=CARTESIAN_POINT('',(-7.192583529,-109.538818366,4.42035097));
#1478=CARTESIAN_POINT('',(-7.105273388,-109.629767155,4.530243749));
#1479=CARTESIAN_POINT('',(-7.017963246,-109.720715944,4.640136528));
#1480=CARTESIAN_POINT('',(-6.914903048,-109.805725137,4.746785032));
#1481=CARTESIAN_POINT('',(-6.800447355,-109.8811547,4.84413969));
#1482=CARTESIAN_POINT('',(-6.685991661,-109.956584263,4.941494348));
#1483=CARTESIAN_POINT('',(-6.560434966,-110.022797787,5.029896056));
#1484=CARTESIAN_POINT('',(-6.423616366,-110.080495417,5.108585004));
#1485=CARTESIAN_POINT('',(-6.286797767,-110.138193047,5.187273952));
#1486=CARTESIAN_POINT('',(-6.138027767,-110.187238927,5.256099303));
#1487=CARTESIAN_POINT('',(-5.984636521,-110.225972357,5.311197302));
#1488=CARTESIAN_POINT('',(-5.677854029,-110.303439219,5.4213933));
#1489=CARTESIAN_POINT('',(-5.341137323,-110.343322034,5.48109145));
#1490=CARTESIAN_POINT('',(-5.001464042,-110.343435664,5.481258901));
#1491=CARTESIAN_POINT('',(-4.831627402,-110.343492479,5.481342627));
#1492=CARTESIAN_POINT('',(-4.664716065,-110.333758758,5.466936286));
#1493=CARTESIAN_POINT('',(-4.500691971,-110.314457919,5.438743207));
#1494=CARTESIAN_POINT('',(-4.336667877,-110.29515708,5.410550129));
#1495=CARTESIAN_POINT('',(-4.17371586,-110.265748623,5.36779627));
#1496=CARTESIAN_POINT('',(-4.019592372,-110.227037368,5.312712507));
#1497=CARTESIAN_POINT('',(-3.865468884,-110.188326112,5.257628745));
#1498=CARTESIAN_POINT('',(-3.719687421,-110.140537113,5.190526852));
#1499=CARTESIAN_POINT('',(-3.582238105,-110.082956138,5.111942146));
#1500=CARTESIAN_POINT('',(-3.513513447,-110.054165651,5.072649793));
#1501=CARTESIAN_POINT('',(-3.446573329,-110.022716959,5.030218193));
#1502=CARTESIAN_POINT('',(-3.383108426,-109.989308334,4.985804907));
#1503=CARTESIAN_POINT('',(-3.319643523,-109.955899708,4.94139162));
#1504=CARTESIAN_POINT('',(-3.259401487,-109.9204615,4.89489585));
#1505=CARTESIAN_POINT('',(-3.202285228,-109.882952382,4.846460466));
#1506=CARTESIAN_POINT('',(-3.08805271,-109.807934147,4.749589699));
#1507=CARTESIAN_POINT('',(-2.985827841,-109.724250731,4.644480116));
#1508=CARTESIAN_POINT('',(-2.897151684,-109.632287691,4.533290274));
#1509=CARTESIAN_POINT('',(-2.808475526,-109.54032465,4.422100432));
#1510=CARTESIAN_POINT('',(-2.735230936,-109.442243448,4.307433182));
#1511=CARTESIAN_POINT('',(-2.676343177,-109.337823728,4.190096543));
#1512=CARTESIAN_POINT('',(-2.617455419,-109.233404008,4.072759904));
#1513=CARTESIAN_POINT('',(-2.572823551,-109.121607884,3.951709594));
#1514=CARTESIAN_POINT('',(-2.543588079,-109.00653408,3.832139196));
#1515=CARTESIAN_POINT('',(-2.514352607,-108.891460276,3.712568798));
#1516=CARTESIAN_POINT('',(-2.5,-108.772753212,3.593987605));
#1517=CARTESIAN_POINT('',(-2.5,-108.650301032,3.476598192));
#1518=B_SPLINE_CURVE_WITH_KNOTS('',3,(#1469,#1470,#1471,#1472,#1473,#1474,#1475,#1476,#1477,#1478,#1479,#1480,#1481,#1482,#1483,#1484,#1485,#1486,#1487,#1488,#1489,#1490,#1491,#1492,#1493,#1494,
#1495,#1496,#1497,#1498,#1499,#1500,#1501,#1502,#1503,#1504,#1505,#1506,#1507,#1508,#1509,#1510,#1511,#1512,#1513,#1514,#1515,#1516,#1517),.UNSPECIFIED.,.F.,.F.,(4,3,3,3,3,3,3,3,3,3,3,3,3,3,3,3,4),(0.,0.000501913,0.001003825,0.001505738,0.002007651,0.002509564,0.003011476,0.004015302,0.004517215,0.005019127,0.00552104,0.005771996,0.006022953,0.006524866,0.007026778,0.007528691,0.008030604),.UNSPECIFIED.);
#1519=EDGE_CURVE('',#1414,#1468,#1518,.T.);
#1520=ORIENTED_EDGE('',*,*,#1519,.T.);
#1521=CARTESIAN_POINT('',(-2.5,-95.682673428,0.769230769));
#1522=VERTEX_POINT('',#1521);
#1523=CARTESIAN_POINT('',(-2.5,-99.999970413,12.5));
#1524=DIRECTION('',(1.,-0.,0.));
#1525=DIRECTION('',(0.,0.,-1.));
#1526=AXIS2_PLACEMENT_3D('',#1523,#1524,#1525);
#1527=CIRCLE('',#1526,12.5);
#1528=EDGE_CURVE('',#1468,#1522,#1527,.T.);
#1529=ORIENTED_EDGE('',*,*,#1528,.T.);
#1530=CARTESIAN_POINT('',(2.5,-95.682673428,0.769230769));
#1531=VERTEX_POINT('',#1530);
#1532=CARTESIAN_POINT('',(2.5,-95.682673428,0.769230769));
#1533=DIRECTION('',(-1.,0.,0.));
#1534=VECTOR('',#1533,5.);
#1535=LINE('',#1532,#1534);
#1536=EDGE_CURVE('',#1531,#1522,#1535,.T.);
#1537=ORIENTED_EDGE('',*,*,#1536,.F.);
#1538=CARTESIAN_POINT('',(2.5,-108.650301032,3.476598192));
#1539=VERTEX_POINT('',#1538);
#1540=CARTESIAN_POINT('',(2.5,-99.999970413,12.5));
#1541=DIRECTION('',(1.,-0.,0.));
#1542=DIRECTION('',(0.,0.,-1.));
#1543=AXIS2_PLACEMENT_3D('',#1540,#1541,#1542);
#1544=CIRCLE('',#1543,12.5);
#1545=EDGE_CURVE('',#1539,#1531,#1544,.T.);
#1546=ORIENTED_EDGE('',*,*,#1545,.F.);
#1547=CARTESIAN_POINT('',(5.,-110.343435912,5.481259264));
#1548=VERTEX_POINT('',#1547);
#1549=CARTESIAN_POINT('',(2.5,-108.650301032,3.476598192));
#1550=CARTESIAN_POINT('',(2.5,-108.772702041,3.59393855));
#1551=CARTESIAN_POINT('',(2.514343478,-108.890961994,3.712086176));
#1552=CARTESIAN_POINT('',(2.543264942,-109.005259618,3.830815128));
#1553=CARTESIAN_POINT('',(2.572186406,-109.119557241,3.949544081));
#1554=CARTESIAN_POINT('',(2.616214361,-109.230811293,4.069900994));
#1555=CARTESIAN_POINT('',(2.675280172,-109.335935318,4.187975019));
#1556=CARTESIAN_POINT('',(2.734345982,-109.441059344,4.306049044));
#1557=CARTESIAN_POINT('',(2.807416471,-109.538818366,4.42035097));
#1558=CARTESIAN_POINT('',(2.894726612,-109.629767155,4.530243749));
#1559=CARTESIAN_POINT('',(2.982036754,-109.720715944,4.640136528));
#1560=CARTESIAN_POINT('',(3.085096952,-109.805725137,4.746785032));
#1561=CARTESIAN_POINT('',(3.199552645,-109.8811547,4.84413969));
#1562=CARTESIAN_POINT('',(3.314008339,-109.956584263,4.941494348));
#1563=CARTESIAN_POINT('',(3.439565034,-110.022797787,5.029896056));
#1564=CARTESIAN_POINT('',(3.576383634,-110.080495417,5.108585004));
#1565=CARTESIAN_POINT('',(3.713202233,-110.138193047,5.187273952));
#1566=CARTESIAN_POINT('',(3.861972233,-110.187238927,5.256099303));
#1567=CARTESIAN_POINT('',(4.015363479,-110.225972357,5.311197302));
#1568=CARTESIAN_POINT('',(4.322145971,-110.303439219,5.4213933));
#1569=CARTESIAN_POINT('',(4.658862677,-110.343322034,5.48109145));
#1570=CARTESIAN_POINT('',(4.998535958,-110.343435664,5.481258901));
#1571=CARTESIAN_POINT('',(5.168372598,-110.343492479,5.481342627));
#1572=CARTESIAN_POINT('',(5.335283935,-110.333758758,5.466936286));
#1573=CARTESIAN_POINT('',(5.499308029,-110.314457919,5.438743207));
#1574=CARTESIAN_POINT('',(5.663332123,-110.29515708,5.410550129));
#1575=CARTESIAN_POINT('',(5.82628414,-110.265748623,5.36779627));
#1576=CARTESIAN_POINT('',(5.980407628,-110.227037368,5.312712507));
#1577=CARTESIAN_POINT('',(6.134531116,-110.188326112,5.257628745));
#1578=CARTESIAN_POINT('',(6.280312579,-110.140537113,5.190526852));
#1579=CARTESIAN_POINT('',(6.417761895,-110.082956138,5.111942146));
#1580=CARTESIAN_POINT('',(6.486486553,-110.054165651,5.072649793));
#1581=CARTESIAN_POINT('',(6.553426671,-110.022716959,5.030218193));
#1582=CARTESIAN_POINT('',(6.616891574,-109.989308334,4.985804907));
#1583=CARTESIAN_POINT('',(6.680356477,-109.955899708,4.94139162));
#1584=CARTESIAN_POINT('',(6.740598513,-109.9204615,4.89489585));
#1585=CARTESIAN_POINT('',(6.797714772,-109.882952382,4.846460466));
#1586=CARTESIAN_POINT('',(6.91194729,-109.807934147,4.749589699));
#1587=CARTESIAN_POINT('',(7.014172159,-109.724250731,4.644480116));
#1588=CARTESIAN_POINT('',(7.102848316,-109.632287691,4.533290274));
#1589=CARTESIAN_POINT('',(7.191524474,-109.54032465,4.422100432));
#1590=CARTESIAN_POINT('',(7.264769064,-109.442243448,4.307433182));
#1591=CARTESIAN_POINT('',(7.323656823,-109.337823728,4.190096543));
#1592=CARTESIAN_POINT('',(7.382544581,-109.233404008,4.072759904));
#1593=CARTESIAN_POINT('',(7.427176449,-109.121607884,3.951709594));
#1594=CARTESIAN_POINT('',(7.456411921,-109.00653408,3.832139196));
#1595=CARTESIAN_POINT('',(7.485647393,-108.891460276,3.712568798));
#1596=CARTESIAN_POINT('',(7.5,-108.772753212,3.593987605));
#1597=CARTESIAN_POINT('',(7.5,-108.650301032,3.476598192));
#1598=B_SPLINE_CURVE_WITH_KNOTS('',3,(#1549,#1550,#1551,#1552,#1553,#1554,#1555,#1556,#1557,#1558,#1559,#1560,#1561,#1562,#1563,#1564,#1565,#1566,#1567,#1568,#1569,#1570,#1571,#1572,#1573,#1574,
#1575,#1576,#1577,#1578,#1579,#1580,#1581,#1582,#1583,#1584,#1585,#1586,#1587,#1588,#1589,#1590,#1591,#1592,#1593,#1594,#1595,#1596,#1597),.UNSPECIFIED.,.F.,.F.,(4,3,3,3,3,3,3,3,3,3,3,3,3,3,3,3,4),(-0.004019832,-0.003517533,-0.003015235,-0.002512936,-0.002010637,-0.001508339,-0.00100604,-0.000001443,0.000500855,0.001003154,0.001505452,0.001756602,0.002007751,0.002510049,0.003012348,0.003514646,0.004016945),.UNSPECIFIED.);
#1599=EDGE_CURVE('',#1539,#1548,#1598,.T.);
#1600=ORIENTED_EDGE('',*,*,#1599,.T.);
#1601=CARTESIAN_POINT('',(7.5,-108.650301032,3.476598192));
#1602=VERTEX_POINT('',#1601);
#1603=CARTESIAN_POINT('',(2.5,-108.650301032,3.476598192));
#1604=CARTESIAN_POINT('',(2.5,-108.772702041,3.59393855));
#1605=CARTESIAN_POINT('',(2.514343478,-108.890961994,3.712086176));
#1606=CARTESIAN_POINT('',(2.543264942,-109.005259618,3.830815128));
#1607=CARTESIAN_POINT('',(2.572186406,-109.119557241,3.949544081));
#1608=CARTESIAN_POINT('',(2.616214361,-109.230811293,4.069900994));
#1609=CARTESIAN_POINT('',(2.675280172,-109.335935318,4.187975019));
#1610=CARTESIAN_POINT('',(2.734345982,-109.441059344,4.306049044));
#1611=CARTESIAN_POINT('',(2.807416471,-109.538818366,4.42035097));
#1612=CARTESIAN_POINT('',(2.894726612,-109.629767155,4.530243749));
#1613=CARTESIAN_POINT('',(2.982036754,-109.720715944,4.640136528));
#1614=CARTESIAN_POINT('',(3.085096952,-109.805725137,4.746785032));
#1615=CARTESIAN_POINT('',(3.199552645,-109.8811547,4.84413969));
#1616=CARTESIAN_POINT('',(3.314008339,-109.956584263,4.941494348));
#1617=CARTESIAN_POINT('',(3.439565034,-110.022797787,5.029896056));
#1618=CARTESIAN_POINT('',(3.576383634,-110.080495417,5.108585004));
#1619=CARTESIAN_POINT('',(3.713202233,-110.138193047,5.187273952));
#1620=CARTESIAN_POINT('',(3.861972233,-110.187238927,5.256099303));
#1621=CARTESIAN_POINT('',(4.015363479,-110.225972357,5.311197302));
#1622=CARTESIAN_POINT('',(4.322145971,-110.303439219,5.4213933));
#1623=CARTESIAN_POINT('',(4.658862677,-110.343322034,5.48109145));
#1624=CARTESIAN_POINT('',(4.998535958,-110.343435664,5.481258901));
#1625=CARTESIAN_POINT('',(5.168372598,-110.343492479,5.481342627));
#1626=CARTESIAN_POINT('',(5.335283935,-110.333758758,5.466936286));
#1627=CARTESIAN_POINT('',(5.499308029,-110.314457919,5.438743207));
#1628=CARTESIAN_POINT('',(5.663332123,-110.29515708,5.410550129));
#1629=CARTESIAN_POINT('',(5.82628414,-110.265748623,5.36779627));
#1630=CARTESIAN_POINT('',(5.980407628,-110.227037368,5.312712507));
#1631=CARTESIAN_POINT('',(6.134531116,-110.188326112,5.257628745));
#1632=CARTESIAN_POINT('',(6.280312579,-110.140537113,5.190526852));
#1633=CARTESIAN_POINT('',(6.417761895,-110.082956138,5.111942146));
#1634=CARTESIAN_POINT('',(6.486486553,-110.054165651,5.072649793));
#1635=CARTESIAN_POINT('',(6.553426671,-110.022716959,5.030218193));
#1636=CARTESIAN_POINT('',(6.616891574,-109.989308334,4.985804907));
#1637=CARTESIAN_POINT('',(6.680356477,-109.955899708,4.94139162));
#1638=CARTESIAN_POINT('',(6.740598513,-109.9204615,4.89489585));
#1639=CARTESIAN_POINT('',(6.797714772,-109.882952382,4.846460466));
#1640=CARTESIAN_POINT('',(6.91194729,-109.807934147,4.749589699));
#1641=CARTESIAN_POINT('',(7.014172159,-109.724250731,4.644480116));
#1642=CARTESIAN_POINT('',(7.102848316,-109.632287691,4.533290274));
#1643=CARTESIAN_POINT('',(7.191524474,-109.54032465,4.422100432));
#1644=CARTESIAN_POINT('',(7.264769064,-109.442243448,4.307433182));
#1645=CARTESIAN_POINT('',(7.323656823,-109.337823728,4.190096543));
#1646=CARTESIAN_POINT('',(7.382544581,-109.233404008,4.072759904));
#1647=CARTESIAN_POINT('',(7.427176449,-109.121607884,3.951709594));
#1648=CARTESIAN_POINT('',(7.456411921,-109.00653408,3.832139196));
#1649=CARTESIAN_POINT('',(7.485647393,-108.891460276,3.712568798));
#1650=CARTESIAN_POINT('',(7.5,-108.772753212,3.593987605));
#1651=CARTESIAN_POINT('',(7.5,-108.650301032,3.476598192));
#1652=B_SPLINE_CURVE_WITH_KNOTS('',3,(#1603,#1604,#1605,#1606,#1607,#1608,#1609,#1610,#1611,#1612,#1613,#1614,#1615,#1616,#1617,#1618,#1619,#1620,#1621,#1622,#1623,#1624,#1625,#1626,#1627,#1628,
#1629,#1630,#1631,#1632,#1633,#1634,#1635,#1636,#1637,#1638,#1639,#1640,#1641,#1642,#1643,#1644,#1645,#1646,#1647,#1648,#1649,#1650,#1651),.UNSPECIFIED.,.F.,.F.,(4,3,3,3,3,3,3,3,3,3,3,3,3,3,3,3,4),(-0.004019832,-0.003517533,-0.003015235,-0.002512936,-0.002010637,-0.001508339,-0.00100604,-0.000001443,0.000500855,0.001003154,0.001505452,0.001756602,0.002007751,0.002510049,0.003012348,0.003514646,0.004016945),.UNSPECIFIED.);
#1653=EDGE_CURVE('',#1548,#1602,#1652,.T.);
#1654=ORIENTED_EDGE('',*,*,#1653,.T.);
#1655=CARTESIAN_POINT('',(7.5,-95.682673428,0.769230769));
#1656=VERTEX_POINT('',#1655);
#1657=CARTESIAN_POINT('',(7.5,-99.999970413,12.5));
#1658=DIRECTION('',(1.,-0.,0.));
#1659=DIRECTION('',(0.,0.,-1.));
#1660=AXIS2_PLACEMENT_3D('',#1657,#1658,#1659);
#1661=CIRCLE('',#1660,12.5);
#1662=EDGE_CURVE('',#1602,#1656,#1661,.T.);
#1663=ORIENTED_EDGE('',*,*,#1662,.T.);
#1664=CARTESIAN_POINT('',(12.5,-95.682673428,0.769230769));
#1665=VERTEX_POINT('',#1664);
#1666=CARTESIAN_POINT('',(12.5,-95.682673428,0.769230769));
#1667=DIRECTION('',(-1.,0.,0.));
#1668=VECTOR('',#1667,5.);
#1669=LINE('',#1666,#1668);
#1670=EDGE_CURVE('',#1665,#1656,#1669,.T.);
#1671=ORIENTED_EDGE('',*,*,#1670,.F.);
#1672=CARTESIAN_POINT('',(12.5,-108.650301032,3.476598192));
#1673=VERTEX_POINT('',#1672);
#1674=CARTESIAN_POINT('',(12.5,-99.999970413,12.5));
#1675=DIRECTION('',(1.,-0.,0.));
#1676=DIRECTION('',(0.,0.,-1.));
#1677=AXIS2_PLACEMENT_3D('',#1674,#1675,#1676);
#1678=CIRCLE('',#1677,12.5);
#1679=EDGE_CURVE('',#1673,#1665,#1678,.T.);
#1680=ORIENTED_EDGE('',*,*,#1679,.F.);
#1681=CARTESIAN_POINT('',(15.,-110.343435912,5.481259264));
#1682=VERTEX_POINT('',#1681);
#1683=CARTESIAN_POINT('',(12.5,-108.650301032,3.476598192));
#1684=CARTESIAN_POINT('',(12.5,-108.772702041,3.59393855));
#1685=CARTESIAN_POINT('',(12.514343478,-108.890961994,3.712086176));
#1686=CARTESIAN_POINT('',(12.543264942,-109.005259618,3.830815128));
#1687=CARTESIAN_POINT('',(12.572186406,-109.119557241,3.949544081));
#1688=CARTESIAN_POINT('',(12.616214361,-109.230811293,4.069900994));
#1689=CARTESIAN_POINT('',(12.675280172,-109.335935318,4.187975019));
#1690=CARTESIAN_POINT('',(12.734345982,-109.441059344,4.306049044));
#1691=CARTESIAN_POINT('',(12.807416471,-109.538818366,4.42035097));
#1692=CARTESIAN_POINT('',(12.894726612,-109.629767155,4.530243749));
#1693=CARTESIAN_POINT('',(12.982036754,-109.720715944,4.640136528));
#1694=CARTESIAN_POINT('',(13.085096952,-109.805725137,4.746785032));
#1695=CARTESIAN_POINT('',(13.199552645,-109.8811547,4.84413969));
#1696=CARTESIAN_POINT('',(13.314008339,-109.956584263,4.941494348));
#1697=CARTESIAN_POINT('',(13.439565034,-110.022797787,5.029896056));
#1698=CARTESIAN_POINT('',(13.576383634,-110.080495417,5.108585004));
#1699=CARTESIAN_POINT('',(13.713202233,-110.138193047,5.187273952));
#1700=CARTESIAN_POINT('',(13.861972233,-110.187238927,5.256099303));
#1701=CARTESIAN_POINT('',(14.015363479,-110.225972357,5.311197302));
#1702=CARTESIAN_POINT('',(14.322145971,-110.303439219,5.4213933));
#1703=CARTESIAN_POINT('',(14.658862677,-110.343322034,5.48109145));
#1704=CARTESIAN_POINT('',(14.998535958,-110.343435664,5.481258901));
#1705=CARTESIAN_POINT('',(15.168372598,-110.343492479,5.481342627));
#1706=CARTESIAN_POINT('',(15.335283935,-110.333758758,5.466936286));
#1707=CARTESIAN_POINT('',(15.499308029,-110.314457919,5.438743207));
#1708=CARTESIAN_POINT('',(15.663332123,-110.29515708,5.410550129));
#1709=CARTESIAN_POINT('',(15.82628414,-110.265748623,5.36779627));
#1710=CARTESIAN_POINT('',(15.980407628,-110.227037368,5.312712507));
#1711=CARTESIAN_POINT('',(16.134531116,-110.188326112,5.257628745));
#1712=CARTESIAN_POINT('',(16.280312579,-110.140537113,5.190526852));
#1713=CARTESIAN_POINT('',(16.417761895,-110.082956138,5.111942146));
#1714=CARTESIAN_POINT('',(16.486486553,-110.054165651,5.072649793));
#1715=CARTESIAN_POINT('',(16.553426671,-110.022716959,5.030218193));
#1716=CARTESIAN_POINT('',(16.616891574,-109.989308334,4.985804907));
#1717=CARTESIAN_POINT('',(16.680356477,-109.955899708,4.94139162));
#1718=CARTESIAN_POINT('',(16.740598513,-109.9204615,4.89489585));
#1719=CARTESIAN_POINT('',(16.797714772,-109.882952382,4.846460466));
#1720=CARTESIAN_POINT('',(16.91194729,-109.807934147,4.749589699));
#1721=CARTESIAN_POINT('',(17.014172159,-109.724250731,4.644480116));
#1722=CARTESIAN_POINT('',(17.102848316,-109.632287691,4.533290274));
#1723=CARTESIAN_POINT('',(17.191524474,-109.54032465,4.422100432));
#1724=CARTESIAN_POINT('',(17.264769064,-109.442243448,4.307433182));
#1725=CARTESIAN_POINT('',(17.323656823,-109.337823728,4.190096543));
#1726=CARTESIAN_POINT('',(17.382544581,-109.233404008,4.072759904));
#1727=CARTESIAN_POINT('',(17.427176449,-109.121607884,3.951709594));
#1728=CARTESIAN_POINT('',(17.456411921,-109.00653408,3.832139196));
#1729=CARTESIAN_POINT('',(17.485647393,-108.891460276,3.712568798));
#1730=CARTESIAN_POINT('',(17.5,-108.772753212,3.593987605));
#1731=CARTESIAN_POINT('',(17.5,-108.650301032,3.476598192));
#1732=B_SPLINE_CURVE_WITH_KNOTS('',3,(#1683,#1684,#1685,#1686,#1687,#1688,#1689,#1690,#1691,#1692,#1693,#1694,#1695,#1696,#1697,#1698,#1699,#1700,#1701,#1702,#1703,#1704,#1705,#1706,#1707,#1708,
#1709,#1710,#1711,#1712,#1713,#1714,#1715,#1716,#1717,#1718,#1719,#1720,#1721,#1722,#1723,#1724,#1725,#1726,#1727,#1728,#1729,#1730,#1731),.UNSPECIFIED.,.F.,.F.,(4,3,3,3,3,3,3,3,3,3,3,3,3,3,3,3,4),(-0.004019832,-0.003517533,-0.003015235,-0.002512936,-0.002010637,-0.001508339,-0.00100604,-0.000001443,0.000500855,0.001003154,0.001505452,0.001756602,0.002007751,0.002510049,0.003012348,0.003514646,0.004016945),.UNSPECIFIED.);
#1733=EDGE_CURVE('',#1673,#1682,#1732,.T.);
#1734=ORIENTED_EDGE('',*,*,#1733,.T.);
#1735=CARTESIAN_POINT('',(17.5,-108.650301032,3.476598192));
#1736=VERTEX_POINT('',#1735);
#1737=CARTESIAN_POINT('',(12.5,-108.650301032,3.476598192));
#1738=CARTESIAN_POINT('',(12.5,-108.772702041,3.59393855));
#1739=CARTESIAN_POINT('',(12.514343478,-108.890961994,3.712086176));
#1740=CARTESIAN_POINT('',(12.543264942,-109.005259618,3.830815128));
#1741=CARTESIAN_POINT('',(12.572186406,-109.119557241,3.949544081));
#1742=CARTESIAN_POINT('',(12.616214361,-109.230811293,4.069900994));
#1743=CARTESIAN_POINT('',(12.675280172,-109.335935318,4.187975019));
#1744=CARTESIAN_POINT('',(12.734345982,-109.441059344,4.306049044));
#1745=CARTESIAN_POINT('',(12.807416471,-109.538818366,4.42035097));
#1746=CARTESIAN_POINT('',(12.894726612,-109.629767155,4.530243749));
#1747=CARTESIAN_POINT('',(12.982036754,-109.720715944,4.640136528));
#1748=CARTESIAN_POINT('',(13.085096952,-109.805725137,4.746785032));
#1749=CARTESIAN_POINT('',(13.199552645,-109.8811547,4.84413969));
#1750=CARTESIAN_POINT('',(13.314008339,-109.956584263,4.941494348));
#1751=CARTESIAN_POINT('',(13.439565034,-110.022797787,5.029896056));
#1752=CARTESIAN_POINT('',(13.576383634,-110.080495417,5.108585004));
#1753=CARTESIAN_POINT('',(13.713202233,-110.138193047,5.187273952));
#1754=CARTESIAN_POINT('',(13.861972233,-110.187238927,5.256099303));
#1755=CARTESIAN_POINT('',(14.015363479,-110.225972357,5.311197302));
#1756=CARTESIAN_POINT('',(14.322145971,-110.303439219,5.4213933));
#1757=CARTESIAN_POINT('',(14.658862677,-110.343322034,5.48109145));
#1758=CARTESIAN_POINT('',(14.998535958,-110.343435664,5.481258901));
#1759=CARTESIAN_POINT('',(15.168372598,-110.343492479,5.481342627));
#1760=CARTESIAN_POINT('',(15.335283935,-110.333758758,5.466936286));
#1761=CARTESIAN_POINT('',(15.499308029,-110.314457919,5.438743207));
#1762=CARTESIAN_POINT('',(15.663332123,-110.29515708,5.410550129));
#1763=CARTESIAN_POINT('',(15.82628414,-110.265748623,5.36779627));
#1764=CARTESIAN_POINT('',(15.980407628,-110.227037368,5.312712507));
#1765=CARTESIAN_POINT('',(16.134531116,-110.188326112,5.257628745));
#1766=CARTESIAN_POINT('',(16.280312579,-110.140537113,5.190526852));
#1767=CARTESIAN_POINT('',(16.417761895,-110.082956138,5.111942146));
#1768=CARTESIAN_POINT('',(16.486486553,-110.054165651,5.072649793));
#1769=CARTESIAN_POINT('',(16.553426671,-110.022716959,5.030218193));
#1770=CARTESIAN_POINT('',(16.616891574,-109.989308334,4.985804907));
#1771=CARTESIAN_POINT('',(16.680356477,-109.955899708,4.94139162));
#1772=CARTESIAN_POINT('',(16.740598513,-109.9204615,4.89489585));
#1773=CARTESIAN_POINT('',(16.797714772,-109.882952382,4.846460466));
#1774=CARTESIAN_POINT('',(16.91194729,-109.807934147,4.749589699));
#1775=CARTESIAN_POINT('',(17.014172159,-109.724250731,4.644480116));
#1776=CARTESIAN_POINT('',(17.102848316,-109.632287691,4.533290274));
#1777=CARTESIAN_POINT('',(17.191524474,-109.54032465,4.422100432));
#1778=CARTESIAN_POINT('',(17.264769064,-109.442243448,4.307433182));
#1779=CARTESIAN_POINT('',(17.323656823,-109.337823728,4.190096543));
#1780=CARTESIAN_POINT('',(17.382544581,-109.233404008,4.072759904));
#1781=CARTESIAN_POINT('',(17.427176449,-109.121607884,3.951709594));
#1782=CARTESIAN_POINT('',(17.456411921,-109.00653408,3.832139196));
#1783=CARTESIAN_POINT('',(17.485647393,-108.891460276,3.712568798));
#1784=CARTESIAN_POINT('',(17.5,-108.772753212,3.593987605));
#1785=CARTESIAN_POINT('',(17.5,-108.650301032,3.476598192));
#1786=B_SPLINE_CURVE_WITH_KNOTS('',3,(#1737,#1738,#1739,#1740,#1741,#1742,#1743,#1744,#1745,#1746,#1747,#1748,#1749,#1750,#1751,#1752,#1753,#1754,#1755,#1756,#1757,#1758,#1759,#1760,#1761,#1762,
#1763,#1764,#1765,#1766,#1767,#1768,#1769,#1770,#1771,#1772,#1773,#1774,#1775,#1776,#1777,#1778,#1779,#1780,#1781,#1782,#1783,#1784,#1785),.UNSPECIFIED.,.F.,.F.,(4,3,3,3,3,3,3,3,3,3,3,3,3,3,3,3,4),(-0.004019832,-0.003517533,-0.003015235,-0.002512936,-0.002010637,-0.001508339,-0.00100604,-0.000001443,0.000500855,0.001003154,0.001505452,0.001756602,0.002007751,0.002510049,0.003012348,0.003514646,0.004016945),.UNSPECIFIED.);
#1787=EDGE_CURVE('',#1682,#1736,#1786,.T.);
#1788=ORIENTED_EDGE('',*,*,#1787,.T.);
#1789=CARTESIAN_POINT('',(17.5,-95.682673428,0.769230769));
#1790=VERTEX_POINT('',#1789);
#1791=CARTESIAN_POINT('',(17.5,-99.999970413,12.5));
#1792=DIRECTION('',(1.,-0.,0.));
#1793=DIRECTION('',(0.,0.,-1.));
#1794=AXIS2_PLACEMENT_3D('',#1791,#1792,#1793);
#1795=CIRCLE('',#1794,12.5);
#1796=EDGE_CURVE('',#1736,#1790,#1795,.T.);
#1797=ORIENTED_EDGE('',*,*,#1796,.T.);
#1798=CARTESIAN_POINT('',(22.5,-95.682673428,0.769230769));
#1799=VERTEX_POINT('',#1798);
#1800=CARTESIAN_POINT('',(22.5,-95.682673428,0.769230769));
#1801=DIRECTION('',(-1.,0.,0.));
#1802=VECTOR('',#1801,5.);
#1803=LINE('',#1800,#1802);
#1804=EDGE_CURVE('',#1799,#1790,#1803,.T.);
#1805=ORIENTED_EDGE('',*,*,#1804,.F.);
#1806=CARTESIAN_POINT('',(22.5,-108.650301032,3.476598192));
#1807=VERTEX_POINT('',#1806);
#1808=CARTESIAN_POINT('',(22.5,-99.999970413,12.5));
#1809=DIRECTION('',(1.,-0.,0.));
#1810=DIRECTION('',(0.,0.,-1.));
#1811=AXIS2_PLACEMENT_3D('',#1808,#1809,#1810);
#1812=CIRCLE('',#1811,12.5);
#1813=EDGE_CURVE('',#1807,#1799,#1812,.T.);
#1814=ORIENTED_EDGE('',*,*,#1813,.F.);
#1815=CARTESIAN_POINT('',(25.,-110.343435912,5.481259264));
#1816=VERTEX_POINT('',#1815);
#1817=CARTESIAN_POINT('',(22.5,-108.650301032,3.476598192));
#1818=CARTESIAN_POINT('',(22.5,-108.772702041,3.59393855));
#1819=CARTESIAN_POINT('',(22.514343478,-108.890961994,3.712086176));
#1820=CARTESIAN_POINT('',(22.543264942,-109.005259618,3.830815128));
#1821=CARTESIAN_POINT('',(22.572186406,-109.119557241,3.949544081));
#1822=CARTESIAN_POINT('',(22.616214361,-109.230811293,4.069900994));
#1823=CARTESIAN_POINT('',(22.675280172,-109.335935318,4.187975019));
#1824=CARTESIAN_POINT('',(22.734345982,-109.441059344,4.306049044));
#1825=CARTESIAN_POINT('',(22.807416471,-109.538818366,4.42035097));
#1826=CARTESIAN_POINT('',(22.894726612,-109.629767155,4.530243749));
#1827=CARTESIAN_POINT('',(22.982036754,-109.720715944,4.640136528));
#1828=CARTESIAN_POINT('',(23.085096952,-109.805725137,4.746785032));
#1829=CARTESIAN_POINT('',(23.199552645,-109.8811547,4.84413969));
#1830=CARTESIAN_POINT('',(23.314008339,-109.956584263,4.941494348));
#1831=CARTESIAN_POINT('',(23.439565034,-110.022797787,5.029896056));
#1832=CARTESIAN_POINT('',(23.576383634,-110.080495417,5.108585004));
#1833=CARTESIAN_POINT('',(23.713202233,-110.138193047,5.187273952));
#1834=CARTESIAN_POINT('',(23.861972233,-110.187238927,5.256099303));
#1835=CARTESIAN_POINT('',(24.015363479,-110.225972357,5.311197302));
#1836=CARTESIAN_POINT('',(24.322145971,-110.303439219,5.4213933));
#1837=CARTESIAN_POINT('',(24.658862677,-110.343322034,5.48109145));
#1838=CARTESIAN_POINT('',(24.998535958,-110.343435664,5.481258901));
#1839=CARTESIAN_POINT('',(25.168372598,-110.343492479,5.481342627));
#1840=CARTESIAN_POINT('',(25.335283935,-110.333758758,5.466936286));
#1841=CARTESIAN_POINT('',(25.499308029,-110.314457919,5.438743207));
#1842=CARTESIAN_POINT('',(25.663332123,-110.29515708,5.410550129));
#1843=CARTESIAN_POINT('',(25.82628414,-110.265748623,5.36779627));
#1844=CARTESIAN_POINT('',(25.980407628,-110.227037368,5.312712507));
#1845=CARTESIAN_POINT('',(26.134531116,-110.188326112,5.257628745));
#1846=CARTESIAN_POINT('',(26.280312579,-110.140537113,5.190526852));
#1847=CARTESIAN_POINT('',(26.417761895,-110.082956138,5.111942146));
#1848=CARTESIAN_POINT('',(26.486486553,-110.054165651,5.072649793));
#1849=CARTESIAN_POINT('',(26.553426671,-110.022716959,5.030218193));
#1850=CARTESIAN_POINT('',(26.616891574,-109.989308334,4.985804907));
#1851=CARTESIAN_POINT('',(26.680356477,-109.955899708,4.94139162));
#1852=CARTESIAN_POINT('',(26.740598513,-109.9204615,4.89489585));
#1853=CARTESIAN_POINT('',(26.797714772,-109.882952382,4.846460466));
#1854=CARTESIAN_POINT('',(26.91194729,-109.807934147,4.749589699));
#1855=CARTESIAN_POINT('',(27.014172159,-109.724250731,4.644480116));
#1856=CARTESIAN_POINT('',(27.102848316,-109.632287691,4.533290274));
#1857=CARTESIAN_POINT('',(27.191524474,-109.54032465,4.422100432));
#1858=CARTESIAN_POINT('',(27.264769064,-109.442243448,4.307433182));
#1859=CARTESIAN_POINT('',(27.323656823,-109.337823728,4.190096543));
#1860=CARTESIAN_POINT('',(27.382544581,-109.233404008,4.072759904));
#1861=CARTESIAN_POINT('',(27.427176449,-109.121607884,3.951709594));
#1862=CARTESIAN_POINT('',(27.456411921,-109.00653408,3.832139196));
#1863=CARTESIAN_POINT('',(27.485647393,-108.891460276,3.712568798));
#1864=CARTESIAN_POINT('',(27.5,-108.772753212,3.593987605));
#1865=CARTESIAN_POINT('',(27.5,-108.650301032,3.476598192));
#1866=B_SPLINE_CURVE_WITH_KNOTS('',3,(#1817,#1818,#1819,#1820,#1821,#1822,#1823,#1824,#1825,#1826,#1827,#1828,#1829,#1830,#1831,#1832,#1833,#1834,#1835,#1836,#1837,#1838,#1839,#1840,#1841,#1842,
#1843,#1844,#1845,#1846,#1847,#1848,#1849,#1850,#1851,#1852,#1853,#1854,#1855,#1856,#1857,#1858,#1859,#1860,#1861,#1862,#1863,#1864,#1865),.UNSPECIFIED.,.F.,.F.,(4,3,3,3,3,3,3,3,3,3,3,3,3,3,3,3,4),(-0.004019832,-0.003517533,-0.003015235,-0.002512936,-0.002010637,-0.001508339,-0.00100604,-0.000001443,0.000500855,0.001003154,0.001505452,0.001756602,0.002007751,0.002510049,0.003012348,0.003514646,0.004016945),.UNSPECIFIED.);
#1867=EDGE_CURVE('',#1807,#1816,#1866,.T.);
#1868=ORIENTED_EDGE('',*,*,#1867,.T.);
#1869=CARTESIAN_POINT('',(27.5,-108.650301032,3.476598192));
#1870=VERTEX_POINT('',#1869);
#1871=CARTESIAN_POINT('',(22.5,-108.650301032,3.476598192));
#1872=CARTESIAN_POINT('',(22.5,-108.772702041,3.59393855));
#1873=CARTESIAN_POINT('',(22.514343478,-108.890961994,3.712086176));
#1874=CARTESIAN_POINT('',(22.543264942,-109.005259618,3.830815128));
#1875=CARTESIAN_POINT('',(22.572186406,-109.119557241,3.949544081));
#1876=CARTESIAN_POINT('',(22.616214361,-109.230811293,4.069900994));
#1877=CARTESIAN_POINT('',(22.675280172,-109.335935318,4.187975019));
#1878=CARTESIAN_POINT('',(22.734345982,-109.441059344,4.306049044));
#1879=CARTESIAN_POINT('',(22.807416471,-109.538818366,4.42035097));
#1880=CARTESIAN_POINT('',(22.894726612,-109.629767155,4.530243749));
#1881=CARTESIAN_POINT('',(22.982036754,-109.720715944,4.640136528));
#1882=CARTESIAN_POINT('',(23.085096952,-109.805725137,4.746785032));
#1883=CARTESIAN_POINT('',(23.199552645,-109.8811547,4.84413969));
#1884=CARTESIAN_POINT('',(23.314008339,-109.956584263,4.941494348));
#1885=CARTESIAN_POINT('',(23.439565034,-110.022797787,5.029896056));
#1886=CARTESIAN_POINT('',(23.576383634,-110.080495417,5.108585004));
#1887=CARTESIAN_POINT('',(23.713202233,-110.138193047,5.187273952));
#1888=CARTESIAN_POINT('',(23.861972233,-110.187238927,5.256099303));
#1889=CARTESIAN_POINT('',(24.015363479,-110.225972357,5.311197302));
#1890=CARTESIAN_POINT('',(24.322145971,-110.303439219,5.4213933));
#1891=CARTESIAN_POINT('',(24.658862677,-110.343322034,5.48109145));
#1892=CARTESIAN_POINT('',(24.998535958,-110.343435664,5.481258901));
#1893=CARTESIAN_POINT('',(25.168372598,-110.343492479,5.481342627));
#1894=CARTESIAN_POINT('',(25.335283935,-110.333758758,5.466936286));
#1895=CARTESIAN_POINT('',(25.499308029,-110.314457919,5.438743207));
#1896=CARTESIAN_POINT('',(25.663332123,-110.29515708,5.410550129));
#1897=CARTESIAN_POINT('',(25.82628414,-110.265748623,5.36779627));
#1898=CARTESIAN_POINT('',(25.980407628,-110.227037368,5.312712507));
#1899=CARTESIAN_POINT('',(26.134531116,-110.188326112,5.257628745));
#1900=CARTESIAN_POINT('',(26.280312579,-110.140537113,5.190526852));
#1901=CARTESIAN_POINT('',(26.417761895,-110.082956138,5.111942146));
#1902=CARTESIAN_POINT('',(26.486486553,-110.054165651,5.072649793));
#1903=CARTESIAN_POINT('',(26.553426671,-110.022716959,5.030218193));
#1904=CARTESIAN_POINT('',(26.616891574,-109.989308334,4.985804907));
#1905=CARTESIAN_POINT('',(26.680356477,-109.955899708,4.94139162));
#1906=CARTESIAN_POINT('',(26.740598513,-109.9204615,4.89489585));
#1907=CARTESIAN_POINT('',(26.797714772,-109.882952382,4.846460466));
#1908=CARTESIAN_POINT('',(26.91194729,-109.807934147,4.749589699));
#1909=CARTESIAN_POINT('',(27.014172159,-109.724250731,4.644480116));
#1910=CARTESIAN_POINT('',(27.102848316,-109.632287691,4.533290274));
#1911=CARTESIAN_POINT('',(27.191524474,-109.54032465,4.422100432));
#1912=CARTESIAN_POINT('',(27.264769064,-109.442243448,4.307433182));
#1913=CARTESIAN_POINT('',(27.323656823,-109.337823728,4.190096543));
#1914=CARTESIAN_POINT('',(27.382544581,-109.233404008,4.072759904));
#1915=CARTESIAN_POINT('',(27.427176449,-109.121607884,3.951709594));
#1916=CARTESIAN_POINT('',(27.456411921,-109.00653408,3.832139196));
#1917=CARTESIAN_POINT('',(27.485647393,-108.891460276,3.712568798));
#1918=CARTESIAN_POINT('',(27.5,-108.772753212,3.593987605));
#1919=CARTESIAN_POINT('',(27.5,-108.650301032,3.476598192));
#1920=B_SPLINE_CURVE_WITH_KNOTS('',3,(#1871,#1872,#1873,#1874,#1875,#1876,#1877,#1878,#1879,#1880,#1881,#1882,#1883,#1884,#1885,#1886,#1887,#1888,#1889,#1890,#1891,#1892,#1893,#1894,#1895,#1896,
#1897,#1898,#1899,#1900,#1901,#1902,#1903,#1904,#1905,#1906,#1907,#1908,#1909,#1910,#1911,#1912,#1913,#1914,#1915,#1916,#1917,#1918,#1919),.UNSPECIFIED.,.F.,.F.,(4,3,3,3,3,3,3,3,3,3,3,3,3,3,3,3,4),(-0.004019832,-0.003517533,-0.003015235,-0.002512936,-0.002010637,-0.001508339,-0.00100604,-0.000001443,0.000500855,0.001003154,0.001505452,0.001756602,0.002007751,0.002510049,0.003012348,0.003514646,0.004016945),.UNSPECIFIED.);
#1921=EDGE_CURVE('',#1816,#1870,#1920,.T.);
#1922=ORIENTED_EDGE('',*,*,#1921,.T.);
#1923=CARTESIAN_POINT('',(27.5,-95.682673428,0.769230769));
#1924=VERTEX_POINT('',#1923);
#1925=CARTESIAN_POINT('',(27.5,-99.999970413,12.5));
#1926=DIRECTION('',(1.,-0.,0.));
#1927=DIRECTION('',(0.,0.,-1.));
#1928=AXIS2_PLACEMENT_3D('',#1925,#1926,#1927);
#1929=CIRCLE('',#1928,12.5);
#1930=EDGE_CURVE('',#1870,#1924,#1929,.T.);
#1931=ORIENTED_EDGE('',*,*,#1930,.T.);
#1932=CARTESIAN_POINT('',(32.5,-95.682673428,0.769230769));
#1933=VERTEX_POINT('',#1932);
#1934=CARTESIAN_POINT('',(32.5,-95.682673428,0.769230769));
#1935=DIRECTION('',(-1.,0.,0.));
#1936=VECTOR('',#1935,5.);
#1937=LINE('',#1934,#1936);
#1938=EDGE_CURVE('',#1933,#1924,#1937,.T.);
#1939=ORIENTED_EDGE('',*,*,#1938,.F.);
#1940=CARTESIAN_POINT('',(32.5,-108.650301032,3.476598192));
#1941=VERTEX_POINT('',#1940);
#1942=CARTESIAN_POINT('',(32.5,-99.999970413,12.5));
#1943=DIRECTION('',(1.,-0.,0.));
#1944=DIRECTION('',(0.,0.,-1.));
#1945=AXIS2_PLACEMENT_3D('',#1942,#1943,#1944);
#1946=CIRCLE('',#1945,12.5);
#1947=EDGE_CURVE('',#1941,#1933,#1946,.T.);
#1948=ORIENTED_EDGE('',*,*,#1947,.F.);
#1949=CARTESIAN_POINT('',(35.,-110.343435912,5.481259264));
#1950=VERTEX_POINT('',#1949);
#1951=CARTESIAN_POINT('',(32.5,-108.650301032,3.476598192));
#1952=CARTESIAN_POINT('',(32.5,-108.772702041,3.59393855));
#1953=CARTESIAN_POINT('',(32.514343478,-108.890961994,3.712086176));
#1954=CARTESIAN_POINT('',(32.543264942,-109.005259618,3.830815128));
#1955=CARTESIAN_POINT('',(32.572186406,-109.119557241,3.949544081));
#1956=CARTESIAN_POINT('',(32.616214361,-109.230811293,4.069900994));
#1957=CARTESIAN_POINT('',(32.675280172,-109.335935318,4.187975019));
#1958=CARTESIAN_POINT('',(32.734345982,-109.441059344,4.306049044));
#1959=CARTESIAN_POINT('',(32.807416471,-109.538818366,4.42035097));
#1960=CARTESIAN_POINT('',(32.894726612,-109.629767155,4.530243749));
#1961=CARTESIAN_POINT('',(32.982036754,-109.720715944,4.640136528));
#1962=CARTESIAN_POINT('',(33.085096952,-109.805725137,4.746785032));
#1963=CARTESIAN_POINT('',(33.199552645,-109.8811547,4.84413969));
#1964=CARTESIAN_POINT('',(33.314008339,-109.956584263,4.941494348));
#1965=CARTESIAN_POINT('',(33.439565034,-110.022797787,5.029896056));
#1966=CARTESIAN_POINT('',(33.576383634,-110.080495417,5.108585004));
#1967=CARTESIAN_POINT('',(33.713202233,-110.138193047,5.187273952));
#1968=CARTESIAN_POINT('',(33.861972233,-110.187238927,5.256099303));
#1969=CARTESIAN_POINT('',(34.015363479,-110.225972357,5.311197302));
#1970=CARTESIAN_POINT('',(34.322145971,-110.303439219,5.4213933));
#1971=CARTESIAN_POINT('',(34.658862677,-110.343322034,5.48109145));
#1972=CARTESIAN_POINT('',(34.998535958,-110.343435664,5.481258901));
#1973=CARTESIAN_POINT('',(35.168372598,-110.343492479,5.481342627));
#1974=CARTESIAN_POINT('',(35.335283935,-110.333758758,5.466936286));
#1975=CARTESIAN_POINT('',(35.499308029,-110.314457919,5.438743207));
#1976=CARTESIAN_POINT('',(35.663332123,-110.29515708,5.410550129));
#1977=CARTESIAN_POINT('',(35.82628414,-110.265748623,5.36779627));
#1978=CARTESIAN_POINT('',(35.980407628,-110.227037368,5.312712507));
#1979=CARTESIAN_POINT('',(36.134531116,-110.188326112,5.257628745));
#1980=CARTESIAN_POINT('',(36.280312579,-110.140537113,5.190526852));
#1981=CARTESIAN_POINT('',(36.417761895,-110.082956138,5.111942146));
#1982=CARTESIAN_POINT('',(36.486486553,-110.054165651,5.072649793));
#1983=CARTESIAN_POINT('',(36.553426671,-110.022716959,5.030218193));
#1984=CARTESIAN_POINT('',(36.616891574,-109.989308334,4.985804907));
#1985=CARTESIAN_POINT('',(36.680356477,-109.955899708,4.94139162));
#1986=CARTESIAN_POINT('',(36.740598513,-109.9204615,4.89489585));
#1987=CARTESIAN_POINT('',(36.797714772,-109.882952382,4.846460466));
#1988=CARTESIAN_POINT('',(36.91194729,-109.807934147,4.749589699));
#1989=CARTESIAN_POINT('',(37.014172159,-109.724250731,4.644480116));
#1990=CARTESIAN_POINT('',(37.102848316,-109.632287691,4.533290274));
#1991=CARTESIAN_POINT('',(37.191524474,-109.54032465,4.422100432));
#1992=CARTESIAN_POINT('',(37.264769064,-109.442243448,4.307433182));
#1993=CARTESIAN_POINT('',(37.323656823,-109.337823728,4.190096543));
#1994=CARTESIAN_POINT('',(37.382544581,-109.233404008,4.072759904));
#1995=CARTESIAN_POINT('',(37.427176449,-109.121607884,3.951709594));
#1996=CARTESIAN_POINT('',(37.456411921,-109.00653408,3.832139196));
#1997=CARTESIAN_POINT('',(37.485647393,-108.891460276,3.712568798));
#1998=CARTESIAN_POINT('',(37.5,-108.772753212,3.593987605));
#1999=CARTESIAN_POINT('',(37.5,-108.650301032,3.476598192));
#2000=B_SPLINE_CURVE_WITH_KNOTS('',3,(#1951,#1952,#1953,#1954,#1955,#1956,#1957,#1958,#1959,#1960,#1961,#1962,#1963,#1964,#1965,#1966,#1967,#1968,#1969,#1970,#1971,#1972,#1973,#1974,#1975,#1976,
#1977,#1978,#1979,#1980,#1981,#1982,#1983,#1984,#1985,#1986,#1987,#1988,#1989,#1990,#1991,#1992,#1993,#1994,#1995,#1996,#1997,#1998,#1999),.UNSPECIFIED.,.F.,.F.,(4,3,3,3,3,3,3,3,3,3,3,3,3,3,3,3,4),(-0.004019832,-0.003517533,-0.003015235,-0.002512936,-0.002010637,-0.001508339,-0.00100604,-0.000001443,0.000500855,0.001003154,0.001505452,0.001756602,0.002007751,0.002510049,0.003012348,0.003514646,0.004016945),.UNSPECIFIED.);
#2001=EDGE_CURVE('',#1941,#1950,#2000,.T.);
#2002=ORIENTED_EDGE('',*,*,#2001,.T.);
#2003=CARTESIAN_POINT('',(37.5,-108.650301032,3.476598192));
#2004=VERTEX_POINT('',#2003);
#2005=CARTESIAN_POINT('',(32.5,-108.650301032,3.476598192));
#2006=CARTESIAN_POINT('',(32.5,-108.772702041,3.59393855));
#2007=CARTESIAN_POINT('',(32.514343478,-108.890961994,3.712086176));
#2008=CARTESIAN_POINT('',(32.543264942,-109.005259618,3.830815128));
#2009=CARTESIAN_POINT('',(32.572186406,-109.119557241,3.949544081));
#2010=CARTESIAN_POINT('',(32.616214361,-109.230811293,4.069900994));
#2011=CARTESIAN_POINT('',(32.675280172,-109.335935318,4.187975019));
#2012=CARTESIAN_POINT('',(32.734345982,-109.441059344,4.306049044));
#2013=CARTESIAN_POINT('',(32.807416471,-109.538818366,4.42035097));
#2014=CARTESIAN_POINT('',(32.894726612,-109.629767155,4.530243749));
#2015=CARTESIAN_POINT('',(32.982036754,-109.720715944,4.640136528));
#2016=CARTESIAN_POINT('',(33.085096952,-109.805725137,4.746785032));
#2017=CARTESIAN_POINT('',(33.199552645,-109.8811547,4.84413969));
#2018=CARTESIAN_POINT('',(33.314008339,-109.956584263,4.941494348));
#2019=CARTESIAN_POINT('',(33.439565034,-110.022797787,5.029896056));
#2020=CARTESIAN_POINT('',(33.576383634,-110.080495417,5.108585004));
#2021=CARTESIAN_POINT('',(33.713202233,-110.138193047,5.187273952));
#2022=CARTESIAN_POINT('',(33.861972233,-110.187238927,5.256099303));
#2023=CARTESIAN_POINT('',(34.015363479,-110.225972357,5.311197302));
#2024=CARTESIAN_POINT('',(34.322145971,-110.303439219,5.4213933));
#2025=CARTESIAN_POINT('',(34.658862677,-110.343322034,5.48109145));
#2026=CARTESIAN_POINT('',(34.998535958,-110.343435664,5.481258901));
#2027=CARTESIAN_POINT('',(35.168372598,-110.343492479,5.481342627));
#2028=CARTESIAN_POINT('',(35.335283935,-110.333758758,5.466936286));
#2029=CARTESIAN_POINT('',(35.499308029,-110.314457919,5.438743207));
#2030=CARTESIAN_POINT('',(35.663332123,-110.29515708,5.410550129));
#2031=CARTESIAN_POINT('',(35.82628414,-110.265748623,5.36779627));
#2032=CARTESIAN_POINT('',(35.980407628,-110.227037368,5.312712507));
#2033=CARTESIAN_POINT('',(36.134531116,-110.188326112,5.257628745));
#2034=CARTESIAN_POINT('',(36.280312579,-110.140537113,5.190526852));
#2035=CARTESIAN_POINT('',(36.417761895,-110.082956138,5.111942146));
#2036=CARTESIAN_POINT('',(36.486486553,-110.054165651,5.072649793));
#2037=CARTESIAN_POINT('',(36.553426671,-110.022716959,5.030218193));
#2038=CARTESIAN_POINT('',(36.616891574,-109.989308334,4.985804907));
#2039=CARTESIAN_POINT('',(36.680356477,-109.955899708,4.94139162));
#2040=CARTESIAN_POINT('',(36.740598513,-109.9204615,4.89489585));
#2041=CARTESIAN_POINT('',(36.797714772,-109.882952382,4.846460466));
#2042=CARTESIAN_POINT('',(36.91194729,-109.807934147,4.749589699));
#2043=CARTESIAN_POINT('',(37.014172159,-109.724250731,4.644480116));
#2044=CARTESIAN_POINT('',(37.102848316,-109.632287691,4.533290274));
#2045=CARTESIAN_POINT('',(37.191524474,-109.54032465,4.422100432));
#2046=CARTESIAN_POINT('',(37.264769064,-109.442243448,4.307433182));
#2047=CARTESIAN_POINT('',(37.323656823,-109.337823728,4.190096543));
#2048=CARTESIAN_POINT('',(37.382544581,-109.233404008,4.072759904));
#2049=CARTESIAN_POINT('',(37.427176449,-109.121607884,3.951709594));
#2050=CARTESIAN_POINT('',(37.456411921,-109.00653408,3.832139196));
#2051=CARTESIAN_POINT('',(37.485647393,-108.891460276,3.712568798));
#2052=CARTESIAN_POINT('',(37.5,-108.772753212,3.593987605));
#2053=CARTESIAN_POINT('',(37.5,-108.650301032,3.476598192));
#2054=B_SPLINE_CURVE_WITH_KNOTS('',3,(#2005,#2006,#2007,#2008,#2009,#2010,#2011,#2012,#2013,#2014,#2015,#2016,#2017,#2018,#2019,#2020,#2021,#2022,#2023,#2024,#2025,#2026,#2027,#2028,#2029,#2030,
#2031,#2032,#2033,#2034,#2035,#2036,#2037,#2038,#2039,#2040,#2041,#2042,#2043,#2044,#2045,#2046,#2047,#2048,#2049,#2050,#2051,#2052,#2053),.UNSPECIFIED.,.F.,.F.,(4,3,3,3,3,3,3,3,3,3,3,3,3,3,3,3,4),(-0.004019832,-0.003517533,-0.003015235,-0.002512936,-0.002010637,-0.001508339,-0.00100604,-0.000001443,0.000500855,0.001003154,0.001505452,0.001756602,0.002007751,0.002510049,0.003012348,0.003514646,0.004016945),.UNSPECIFIED.);
#2055=EDGE_CURVE('',#1950,#2004,#2054,.T.);
#2056=ORIENTED_EDGE('',*,*,#2055,.T.);
#2057=CARTESIAN_POINT('',(37.5,-95.682673428,0.769230769));
#2058=VERTEX_POINT('',#2057);
#2059=CARTESIAN_POINT('',(37.5,-99.999970413,12.5));
#2060=DIRECTION('',(1.,-0.,0.));
#2061=DIRECTION('',(0.,0.,-1.));
#2062=AXIS2_PLACEMENT_3D('',#2059,#2060,#2061);
#2063=CIRCLE('',#2062,12.5);
#2064=EDGE_CURVE('',#2004,#2058,#2063,.T.);
#2065=ORIENTED_EDGE('',*,*,#2064,.T.);
#2066=CARTESIAN_POINT('',(42.5,-95.682673428,0.769230769));
#2067=VERTEX_POINT('',#2066);
#2068=CARTESIAN_POINT('',(42.5,-95.682673428,0.769230769));
#2069=DIRECTION('',(-1.,0.,0.));
#2070=VECTOR('',#2069,5.);
#2071=LINE('',#2068,#2070);
#2072=EDGE_CURVE('',#2067,#2058,#2071,.T.);
#2073=ORIENTED_EDGE('',*,*,#2072,.F.);
#2074=CARTESIAN_POINT('',(42.5,-108.650301032,3.476598192));
#2075=VERTEX_POINT('',#2074);
#2076=CARTESIAN_POINT('',(42.5,-99.999970413,12.5));
#2077=DIRECTION('',(1.,-0.,0.));
#2078=DIRECTION('',(0.,0.,-1.));
#2079=AXIS2_PLACEMENT_3D('',#2076,#2077,#2078);
#2080=CIRCLE('',#2079,12.5);
#2081=EDGE_CURVE('',#2075,#2067,#2080,.T.);
#2082=ORIENTED_EDGE('',*,*,#2081,.F.);
#2083=CARTESIAN_POINT('',(45.,-110.343435912,5.481259264));
#2084=VERTEX_POINT('',#2083);
#2085=CARTESIAN_POINT('',(42.5,-108.650301032,3.476598192));
#2086=CARTESIAN_POINT('',(42.5,-108.772702041,3.59393855));
#2087=CARTESIAN_POINT('',(42.514343478,-108.890961994,3.712086176));
#2088=CARTESIAN_POINT('',(42.543264942,-109.005259618,3.830815128));
#2089=CARTESIAN_POINT('',(42.572186406,-109.119557241,3.949544081));
#2090=CARTESIAN_POINT('',(42.616214361,-109.230811293,4.069900994));
#2091=CARTESIAN_POINT('',(42.675280172,-109.335935318,4.187975019));
#2092=CARTESIAN_POINT('',(42.734345982,-109.441059344,4.306049044));
#2093=CARTESIAN_POINT('',(42.807416471,-109.538818366,4.42035097));
#2094=CARTESIAN_POINT('',(42.894726612,-109.629767155,4.530243749));
#2095=CARTESIAN_POINT('',(42.982036754,-109.720715944,4.640136528));
#2096=CARTESIAN_POINT('',(43.085096952,-109.805725137,4.746785032));
#2097=CARTESIAN_POINT('',(43.199552645,-109.8811547,4.84413969));
#2098=CARTESIAN_POINT('',(43.314008339,-109.956584263,4.941494348));
#2099=CARTESIAN_POINT('',(43.439565034,-110.022797787,5.029896056));
#2100=CARTESIAN_POINT('',(43.576383634,-110.080495417,5.108585004));
#2101=CARTESIAN_POINT('',(43.713202233,-110.138193047,5.187273952));
#2102=CARTESIAN_POINT('',(43.861972233,-110.187238927,5.256099303));
#2103=CARTESIAN_POINT('',(44.015363479,-110.225972357,5.311197302));
#2104=CARTESIAN_POINT('',(44.322145971,-110.303439219,5.4213933));
#2105=CARTESIAN_POINT('',(44.658862677,-110.343322034,5.48109145));
#2106=CARTESIAN_POINT('',(44.998535958,-110.343435664,5.481258901));
#2107=CARTESIAN_POINT('',(45.168372598,-110.343492479,5.481342627));
#2108=CARTESIAN_POINT('',(45.335283935,-110.333758758,5.466936286));
#2109=CARTESIAN_POINT('',(45.499308029,-110.314457919,5.438743207));
#2110=CARTESIAN_POINT('',(45.663332123,-110.29515708,5.410550129));
#2111=CARTESIAN_POINT('',(45.82628414,-110.265748623,5.36779627));
#2112=CARTESIAN_POINT('',(45.980407628,-110.227037368,5.312712507));
#2113=CARTESIAN_POINT('',(46.134531116,-110.188326112,5.257628745));
#2114=CARTESIAN_POINT('',(46.280312579,-110.140537113,5.190526852));
#2115=CARTESIAN_POINT('',(46.417761895,-110.082956138,5.111942146));
#2116=CARTESIAN_POINT('',(46.486486553,-110.054165651,5.072649793));
#2117=CARTESIAN_POINT('',(46.553426671,-110.022716959,5.030218193));
#2118=CARTESIAN_POINT('',(46.616891574,-109.989308334,4.985804907));
#2119=CARTESIAN_POINT('',(46.680356477,-109.955899708,4.94139162));
#2120=CARTESIAN_POINT('',(46.740598513,-109.9204615,4.89489585));
#2121=CARTESIAN_POINT('',(46.797714772,-109.882952382,4.846460466));
#2122=CARTESIAN_POINT('',(46.91194729,-109.807934147,4.749589699));
#2123=CARTESIAN_POINT('',(47.014172159,-109.724250731,4.644480116));
#2124=CARTESIAN_POINT('',(47.102848316,-109.632287691,4.533290274));
#2125=CARTESIAN_POINT('',(47.191524474,-109.54032465,4.422100432));
#2126=CARTESIAN_POINT('',(47.264769064,-109.442243448,4.307433182));
#2127=CARTESIAN_POINT('',(47.323656823,-109.337823728,4.190096543));
#2128=CARTESIAN_POINT('',(47.382544581,-109.233404008,4.072759904));
#2129=CARTESIAN_POINT('',(47.427176449,-109.121607884,3.951709594));
#2130=CARTESIAN_POINT('',(47.456411921,-109.00653408,3.832139196));
#2131=CARTESIAN_POINT('',(47.485647393,-108.891460276,3.712568798));
#2132=CARTESIAN_POINT('',(47.5,-108.772753212,3.593987605));
#2133=CARTESIAN_POINT('',(47.5,-108.650301032,3.476598192));
#2134=B_SPLINE_CURVE_WITH_KNOTS('',3,(#2085,#2086,#2087,#2088,#2089,#2090,#2091,#2092,#2093,#2094,#2095,#2096,#2097,#2098,#2099,#2100,#2101,#2102,#2103,#2104,#2105,#2106,#2107,#2108,#2109,#2110,
#2111,#2112,#2113,#2114,#2115,#2116,#2117,#2118,#2119,#2120,#2121,#2122,#2123,#2124,#2125,#2126,#2127,#2128,#2129,#2130,#2131,#2132,#2133),.UNSPECIFIED.,.F.,.F.,(4,3,3,3,3,3,3,3,3,3,3,3,3,3,3,3,4),(-0.004019832,-0.003517533,-0.003015235,-0.002512936,-0.002010637,-0.001508339,-0.00100604,-0.000001443,0.000500855,0.001003154,0.001505452,0.001756602,0.002007751,0.002510049,0.003012348,0.003514646,0.004016945),.UNSPECIFIED.);
#2135=EDGE_CURVE('',#2075,#2084,#2134,.T.);
#2136=ORIENTED_EDGE('',*,*,#2135,.T.);
#2137=CARTESIAN_POINT('',(47.5,-108.650301032,3.476598192));
#2138=VERTEX_POINT('',#2137);
#2139=CARTESIAN_POINT('',(42.5,-108.650301032,3.476598192));
#2140=CARTESIAN_POINT('',(42.5,-108.772702041,3.59393855));
#2141=CARTESIAN_POINT('',(42.514343478,-108.890961994,3.712086176));
#2142=CARTESIAN_POINT('',(42.543264942,-109.005259618,3.830815128));
#2143=CARTESIAN_POINT('',(42.572186406,-109.119557241,3.949544081));
#2144=CARTESIAN_POINT('',(42.616214361,-109.230811293,4.069900994));
#2145=CARTESIAN_POINT('',(42.675280172,-109.335935318,4.187975019));
#2146=CARTESIAN_POINT('',(42.734345982,-109.441059344,4.306049044));
#2147=CARTESIAN_POINT('',(42.807416471,-109.538818366,4.42035097));
#2148=CARTESIAN_POINT('',(42.894726612,-109.629767155,4.530243749));
#2149=CARTESIAN_POINT('',(42.982036754,-109.720715944,4.640136528));
#2150=CARTESIAN_POINT('',(43.085096952,-109.805725137,4.746785032));
#2151=CARTESIAN_POINT('',(43.199552645,-109.8811547,4.84413969));
#2152=CARTESIAN_POINT('',(43.314008339,-109.956584263,4.941494348));
#2153=CARTESIAN_POINT('',(43.439565034,-110.022797787,5.029896056));
#2154=CARTESIAN_POINT('',(43.576383634,-110.080495417,5.108585004));
#2155=CARTESIAN_POINT('',(43.713202233,-110.138193047,5.187273952));
#2156=CARTESIAN_POINT('',(43.861972233,-110.187238927,5.256099303));
#2157=CARTESIAN_POINT('',(44.015363479,-110.225972357,5.311197302));
#2158=CARTESIAN_POINT('',(44.322145971,-110.303439219,5.4213933));
#2159=CARTESIAN_POINT('',(44.658862677,-110.343322034,5.48109145));
#2160=CARTESIAN_POINT('',(44.998535958,-110.343435664,5.481258901));
#2161=CARTESIAN_POINT('',(45.168372598,-110.343492479,5.481342627));
#2162=CARTESIAN_POINT('',(45.335283935,-110.333758758,5.466936286));
#2163=CARTESIAN_POINT('',(45.499308029,-110.314457919,5.438743207));
#2164=CARTESIAN_POINT('',(45.663332123,-110.29515708,5.410550129));
#2165=CARTESIAN_POINT('',(45.82628414,-110.265748623,5.36779627));
#2166=CARTESIAN_POINT('',(45.980407628,-110.227037368,5.312712507));
#2167=CARTESIAN_POINT('',(46.134531116,-110.188326112,5.257628745));
#2168=CARTESIAN_POINT('',(46.280312579,-110.140537113,5.190526852));
#2169=CARTESIAN_POINT('',(46.417761895,-110.082956138,5.111942146));
#2170=CARTESIAN_POINT('',(46.486486553,-110.054165651,5.072649793));
#2171=CARTESIAN_POINT('',(46.553426671,-110.022716959,5.030218193));
#2172=CARTESIAN_POINT('',(46.616891574,-109.989308334,4.985804907));
#2173=CARTESIAN_POINT('',(46.680356477,-109.955899708,4.94139162));
#2174=CARTESIAN_POINT('',(46.740598513,-109.9204615,4.89489585));
#2175=CARTESIAN_POINT('',(46.797714772,-109.882952382,4.846460466));
#2176=CARTESIAN_POINT('',(46.91194729,-109.807934147,4.749589699));
#2177=CARTESIAN_POINT('',(47.014172159,-109.724250731,4.644480116));
#2178=CARTESIAN_POINT('',(47.102848316,-109.632287691,4.533290274));
#2179=CARTESIAN_POINT('',(47.191524474,-109.54032465,4.422100432));
#2180=CARTESIAN_POINT('',(47.264769064,-109.442243448,4.307433182));
#2181=CARTESIAN_POINT('',(47.323656823,-109.337823728,4.190096543));
#2182=CARTESIAN_POINT('',(47.382544581,-109.233404008,4.072759904));
#2183=CARTESIAN_POINT('',(47.427176449,-109.121607884,3.951709594));
#2184=CARTESIAN_POINT('',(47.456411921,-109.00653408,3.832139196));
#2185=CARTESIAN_POINT('',(47.485647393,-108.891460276,3.712568798));
#2186=CARTESIAN_POINT('',(47.5,-108.772753212,3.593987605));
#2187=CARTESIAN_POINT('',(47.5,-108.650301032,3.476598192));
#2188=B_SPLINE_CURVE_WITH_KNOTS('',3,(#2139,#2140,#2141,#2142,#2143,#2144,#2145,#2146,#2147,#2148,#2149,#2150,#2151,#2152,#2153,#2154,#2155,#2156,#2157,#2158,#2159,#2160,#2161,#2162,#2163,#2164,
#2165,#2166,#2167,#2168,#2169,#2170,#2171,#2172,#2173,#2174,#2175,#2176,#2177,#2178,#2179,#2180,#2181,#2182,#2183,#2184,#2185,#2186,#2187),.UNSPECIFIED.,.F.,.F.,(4,3,3,3,3,3,3,3,3,3,3,3,3,3,3,3,4),(-0.004019832,-0.003517533,-0.003015235,-0.002512936,-0.002010637,-0.001508339,-0.00100604,-0.000001443,0.000500855,0.001003154,0.001505452,0.001756602,0.002007751,0.002510049,0.003012348,0.003514646,0.004016945),.UNSPECIFIED.);
#2189=EDGE_CURVE('',#2084,#2138,#2188,.T.);
#2190=ORIENTED_EDGE('',*,*,#2189,.T.);
#2191=CARTESIAN_POINT('',(47.5,-95.682673428,0.769230769));
#2192=VERTEX_POINT('',#2191);
#2193=CARTESIAN_POINT('',(47.5,-99.999970413,12.5));
#2194=DIRECTION('',(1.,-0.,0.));
#2195=DIRECTION('',(0.,0.,-1.));
#2196=AXIS2_PLACEMENT_3D('',#2193,#2194,#2195);
#2197=CIRCLE('',#2196,12.5);
#2198=EDGE_CURVE('',#2138,#2192,#2197,.T.);
#2199=ORIENTED_EDGE('',*,*,#2198,.T.);
#2200=CARTESIAN_POINT('',(52.5,-95.682673428,0.769230769));
#2201=VERTEX_POINT('',#2200);
#2202=CARTESIAN_POINT('',(52.5,-95.682673428,0.769230769));
#2203=DIRECTION('',(-1.,0.,0.));
#2204=VECTOR('',#2203,5.);
#2205=LINE('',#2202,#2204);
#2206=EDGE_CURVE('',#2201,#2192,#2205,.T.);
#2207=ORIENTED_EDGE('',*,*,#2206,.F.);
#2208=CARTESIAN_POINT('',(52.5,-108.650301032,3.476598192));
#2209=VERTEX_POINT('',#2208);
#2210=CARTESIAN_POINT('',(52.5,-99.999970413,12.5));
#2211=DIRECTION('',(1.,-0.,0.));
#2212=DIRECTION('',(0.,0.,-1.));
#2213=AXIS2_PLACEMENT_3D('',#2210,#2211,#2212);
#2214=CIRCLE('',#2213,12.5);
#2215=EDGE_CURVE('',#2209,#2201,#2214,.T.);
#2216=ORIENTED_EDGE('',*,*,#2215,.F.);
#2217=CARTESIAN_POINT('',(57.5,-108.650301032,3.476598192));
#2218=VERTEX_POINT('',#2217);
#2219=CARTESIAN_POINT('',(52.5,-108.650301032,3.476598192));
#2220=CARTESIAN_POINT('',(52.5,-108.772702041,3.59393855));
#2221=CARTESIAN_POINT('',(52.514343478,-108.890961994,3.712086176));
#2222=CARTESIAN_POINT('',(52.543264942,-109.005259618,3.830815128));
#2223=CARTESIAN_POINT('',(52.572186406,-109.119557241,3.949544081));
#2224=CARTESIAN_POINT('',(52.616214361,-109.230811293,4.069900994));
#2225=CARTESIAN_POINT('',(52.675280172,-109.335935318,4.187975019));
#2226=CARTESIAN_POINT('',(52.734345982,-109.441059344,4.306049044));
#2227=CARTESIAN_POINT('',(52.807416471,-109.538818366,4.42035097));
#2228=CARTESIAN_POINT('',(52.894726612,-109.629767155,4.530243749));
#2229=CARTESIAN_POINT('',(52.982036754,-109.720715944,4.640136528));
#2230=CARTESIAN_POINT('',(53.085096952,-109.805725137,4.746785032));
#2231=CARTESIAN_POINT('',(53.199552645,-109.8811547,4.84413969));
#2232=CARTESIAN_POINT('',(53.314008339,-109.956584263,4.941494348));
#2233=CARTESIAN_POINT('',(53.439565034,-110.022797787,5.029896056));
#2234=CARTESIAN_POINT('',(53.576383634,-110.080495417,5.108585004));
#2235=CARTESIAN_POINT('',(53.713202233,-110.138193047,5.187273952));
#2236=CARTESIAN_POINT('',(53.861972233,-110.187238927,5.256099303));
#2237=CARTESIAN_POINT('',(54.015363479,-110.225972357,5.311197302));
#2238=CARTESIAN_POINT('',(54.322145971,-110.303439219,5.4213933));
#2239=CARTESIAN_POINT('',(54.658862677,-110.343322034,5.48109145));
#2240=CARTESIAN_POINT('',(54.998535958,-110.343435664,5.481258901));
#2241=CARTESIAN_POINT('',(55.168372598,-110.343492479,5.481342627));
#2242=CARTESIAN_POINT('',(55.335283935,-110.333758758,5.466936286));
#2243=CARTESIAN_POINT('',(55.499308029,-110.314457919,5.438743207));
#2244=CARTESIAN_POINT('',(55.663332123,-110.29515708,5.410550129));
#2245=CARTESIAN_POINT('',(55.82628414,-110.265748623,5.36779627));
#2246=CARTESIAN_POINT('',(55.980407628,-110.227037368,5.312712507));
#2247=CARTESIAN_POINT('',(56.134531116,-110.188326112,5.257628745));
#2248=CARTESIAN_POINT('',(56.280312579,-110.140537113,5.190526852));
#2249=CARTESIAN_POINT('',(56.417761895,-110.082956138,5.111942146));
#2250=CARTESIAN_POINT('',(56.486486553,-110.054165651,5.072649793));
#2251=CARTESIAN_POINT('',(56.553426671,-110.022716959,5.030218193));
#2252=CARTESIAN_POINT('',(56.616891574,-109.989308334,4.985804907));
#2253=CARTESIAN_POINT('',(56.680356477,-109.955899708,4.94139162));
#2254=CARTESIAN_POINT('',(56.740598513,-109.9204615,4.89489585));
#2255=CARTESIAN_POINT('',(56.797714772,-109.882952382,4.846460466));
#2256=CARTESIAN_POINT('',(56.91194729,-109.807934147,4.749589699));
#2257=CARTESIAN_POINT('',(57.014172159,-109.724250731,4.644480116));
#2258=CARTESIAN_POINT('',(57.102848316,-109.632287691,4.533290274));
#2259=CARTESIAN_POINT('',(57.191524474,-109.54032465,4.422100432));
#2260=CARTESIAN_POINT('',(57.264769064,-109.442243448,4.307433182));
#2261=CARTESIAN_POINT('',(57.323656823,-109.337823728,4.190096543));
#2262=CARTESIAN_POINT('',(57.382544581,-109.233404008,4.072759904));
#2263=CARTESIAN_POINT('',(57.427176449,-109.121607884,3.951709594));
#2264=CARTESIAN_POINT('',(57.456411921,-109.00653408,3.832139196));
#2265=CARTESIAN_POINT('',(57.485647393,-108.891460276,3.712568798));
#2266=CARTESIAN_POINT('',(57.5,-108.772753212,3.593987605));
#2267=CARTESIAN_POINT('',(57.5,-108.650301032,3.476598192));
#2268=B_SPLINE_CURVE_WITH_KNOTS('',3,(#2219,#2220,#2221,#2222,#2223,#2224,#2225,#2226,#2227,#2228,#2229,#2230,#2231,#2232,#2233,#2234,#2235,#2236,#2237,#2238,#2239,#2240,#2241,#2242,#2243,#2244,
#2245,#2246,#2247,#2248,#2249,#2250,#2251,#2252,#2253,#2254,#2255,#2256,#2257,#2258,#2259,#2260,#2261,#2262,#2263,#2264,#2265,#2266,#2267),.UNSPECIFIED.,.F.,.F.,(4,3,3,3,3,3,3,3,3,3,3,3,3,3,3,3,4),(-0.004019832,-0.003517533,-0.003015235,-0.002512936,-0.002010637,-0.001508339,-0.00100604,-0.000001443,0.000500855,0.001003154,0.001505452,0.001756602,0.002007751,0.002510049,0.003012348,0.003514646,0.004016945),.UNSPECIFIED.);
#2269=EDGE_CURVE('',#2209,#2218,#2268,.T.);
#2270=ORIENTED_EDGE('',*,*,#2269,.T.);
#2271=CARTESIAN_POINT('',(57.5,-95.682673428,0.769230769));
#2272=VERTEX_POINT('',#2271);
#2273=CARTESIAN_POINT('',(57.5,-99.999970413,12.5));
#2274=DIRECTION('',(1.,-0.,0.));
#2275=DIRECTION('',(0.,0.,-1.));
#2276=AXIS2_PLACEMENT_3D('',#2273,#2274,#2275);
#2277=CIRCLE('',#2276,12.5);
#2278=EDGE_CURVE('',#2218,#2272,#2277,.T.);
#2279=ORIENTED_EDGE('',*,*,#2278,.T.);
#2280=CARTESIAN_POINT('',(62.5,-95.682673428,0.769230769));
#2281=VERTEX_POINT('',#2280);
#2282=CARTESIAN_POINT('',(62.5,-95.682673428,0.769230769));
#2283=DIRECTION('',(-1.,0.,0.));
#2284=VECTOR('',#2283,5.);
#2285=LINE('',#2282,#2284);
#2286=EDGE_CURVE('',#2281,#2272,#2285,.T.);
#2287=ORIENTED_EDGE('',*,*,#2286,.F.);
#2288=CARTESIAN_POINT('',(62.5,-108.650301032,3.476598192));
#2289=VERTEX_POINT('',#2288);
#2290=CARTESIAN_POINT('',(62.5,-99.999970413,12.5));
#2291=DIRECTION('',(1.,-0.,0.));
#2292=DIRECTION('',(0.,0.,-1.));
#2293=AXIS2_PLACEMENT_3D('',#2290,#2291,#2292);
#2294=CIRCLE('',#2293,12.5);
#2295=EDGE_CURVE('',#2289,#2281,#2294,.T.);
#2296=ORIENTED_EDGE('',*,*,#2295,.F.);
#2297=CARTESIAN_POINT('',(65.,-110.343435912,5.481259264));
#2298=VERTEX_POINT('',#2297);
#2299=CARTESIAN_POINT('',(62.5,-108.650301032,3.476598192));
#2300=CARTESIAN_POINT('',(62.5,-108.772702041,3.59393855));
#2301=CARTESIAN_POINT('',(62.514343478,-108.890961994,3.712086176));
#2302=CARTESIAN_POINT('',(62.543264942,-109.005259618,3.830815128));
#2303=CARTESIAN_POINT('',(62.572186406,-109.119557241,3.949544081));
#2304=CARTESIAN_POINT('',(62.616214361,-109.230811293,4.069900994));
#2305=CARTESIAN_POINT('',(62.675280172,-109.335935318,4.187975019));
#2306=CARTESIAN_POINT('',(62.734345982,-109.441059344,4.306049044));
#2307=CARTESIAN_POINT('',(62.807416471,-109.538818366,4.42035097));
#2308=CARTESIAN_POINT('',(62.894726612,-109.629767155,4.530243749));
#2309=CARTESIAN_POINT('',(62.982036754,-109.720715944,4.640136528));
#2310=CARTESIAN_POINT('',(63.085096952,-109.805725137,4.746785032));
#2311=CARTESIAN_POINT('',(63.199552645,-109.8811547,4.84413969));
#2312=CARTESIAN_POINT('',(63.314008339,-109.956584263,4.941494348));
#2313=CARTESIAN_POINT('',(63.439565034,-110.022797787,5.029896056));
#2314=CARTESIAN_POINT('',(63.576383634,-110.080495417,5.108585004));
#2315=CARTESIAN_POINT('',(63.713202233,-110.138193047,5.187273952));
#2316=CARTESIAN_POINT('',(63.861972233,-110.187238927,5.256099303));
#2317=CARTESIAN_POINT('',(64.015363479,-110.225972357,5.311197302));
#2318=CARTESIAN_POINT('',(64.322145971,-110.303439219,5.4213933));
#2319=CARTESIAN_POINT('',(64.658862677,-110.343322034,5.48109145));
#2320=CARTESIAN_POINT('',(64.998535958,-110.343435664,5.481258901));
#2321=CARTESIAN_POINT('',(65.168372598,-110.343492479,5.481342627));
#2322=CARTESIAN_POINT('',(65.335283935,-110.333758758,5.466936286));
#2323=CARTESIAN_POINT('',(65.499308029,-110.314457919,5.438743207));
#2324=CARTESIAN_POINT('',(65.663332123,-110.29515708,5.410550129));
#2325=CARTESIAN_POINT('',(65.82628414,-110.265748623,5.36779627));
#2326=CARTESIAN_POINT('',(65.980407628,-110.227037368,5.312712507));
#2327=CARTESIAN_POINT('',(66.134531116,-110.188326112,5.257628745));
#2328=CARTESIAN_POINT('',(66.280312579,-110.140537113,5.190526852));
#2329=CARTESIAN_POINT('',(66.417761895,-110.082956138,5.111942146));
#2330=CARTESIAN_POINT('',(66.486486553,-110.054165651,5.072649793));
#2331=CARTESIAN_POINT('',(66.553426671,-110.022716959,5.030218193));
#2332=CARTESIAN_POINT('',(66.616891574,-109.989308334,4.985804907));
#2333=CARTESIAN_POINT('',(66.680356477,-109.955899708,4.94139162));
#2334=CARTESIAN_POINT('',(66.740598513,-109.9204615,4.89489585));
#2335=CARTESIAN_POINT('',(66.797714772,-109.882952382,4.846460466));
#2336=CARTESIAN_POINT('',(66.91194729,-109.807934147,4.749589699));
#2337=CARTESIAN_POINT('',(67.014172159,-109.724250731,4.644480116));
#2338=CARTESIAN_POINT('',(67.102848316,-109.632287691,4.533290274));
#2339=CARTESIAN_POINT('',(67.191524474,-109.54032465,4.422100432));
#2340=CARTESIAN_POINT('',(67.264769064,-109.442243448,4.307433182));
#2341=CARTESIAN_POINT('',(67.323656823,-109.337823728,4.190096543));
#2342=CARTESIAN_POINT('',(67.382544581,-109.233404008,4.072759904));
#2343=CARTESIAN_POINT('',(67.427176449,-109.121607884,3.951709594));
#2344=CARTESIAN_POINT('',(67.456411921,-109.00653408,3.832139196));
#2345=CARTESIAN_POINT('',(67.485647393,-108.891460276,3.712568798));
#2346=CARTESIAN_POINT('',(67.5,-108.772753212,3.593987605));
#2347=CARTESIAN_POINT('',(67.5,-108.650301032,3.476598192));
#2348=B_SPLINE_CURVE_WITH_KNOTS('',3,(#2299,#2300,#2301,#2302,#2303,#2304,#2305,#2306,#2307,#2308,#2309,#2310,#2311,#2312,#2313,#2314,#2315,#2316,#2317,#2318,#2319,#2320,#2321,#2322,#2323,#2324,
#2325,#2326,#2327,#2328,#2329,#2330,#2331,#2332,#2333,#2334,#2335,#2336,#2337,#2338,#2339,#2340,#2341,#2342,#2343,#2344,#2345,#2346,#2347),.UNSPECIFIED.,.F.,.F.,(4,3,3,3,3,3,3,3,3,3,3,3,3,3,3,3,4),(-0.004019832,-0.003517533,-0.003015235,-0.002512936,-0.002010637,-0.001508339,-0.00100604,-0.000001443,0.000500855,0.001003154,0.001505452,0.001756602,0.002007751,0.002510049,0.003012348,0.003514646,0.004016945),.UNSPECIFIED.);
#2349=EDGE_CURVE('',#2289,#2298,#2348,.T.);
#2350=ORIENTED_EDGE('',*,*,#2349,.T.);
#2351=CARTESIAN_POINT('',(67.5,-108.650301032,3.476598192));
#2352=VERTEX_POINT('',#2351);
#2353=CARTESIAN_POINT('',(62.5,-108.650301032,3.476598192));
#2354=CARTESIAN_POINT('',(62.5,-108.772702041,3.59393855));
#2355=CARTESIAN_POINT('',(62.514343478,-108.890961994,3.712086176));
#2356=CARTESIAN_POINT('',(62.543264942,-109.005259618,3.830815128));
#2357=CARTESIAN_POINT('',(62.572186406,-109.119557241,3.949544081));
#2358=CARTESIAN_POINT('',(62.616214361,-109.230811293,4.069900994));
#2359=CARTESIAN_POINT('',(62.675280172,-109.335935318,4.187975019));
#2360=CARTESIAN_POINT('',(62.734345982,-109.441059344,4.306049044));
#2361=CARTESIAN_POINT('',(62.807416471,-109.538818366,4.42035097));
#2362=CARTESIAN_POINT('',(62.894726612,-109.629767155,4.530243749));
#2363=CARTESIAN_POINT('',(62.982036754,-109.720715944,4.640136528));
#2364=CARTESIAN_POINT('',(63.085096952,-109.805725137,4.746785032));
#2365=CARTESIAN_POINT('',(63.199552645,-109.8811547,4.84413969));
#2366=CARTESIAN_POINT('',(63.314008339,-109.956584263,4.941494348));
#2367=CARTESIAN_POINT('',(63.439565034,-110.022797787,5.029896056));
#2368=CARTESIAN_POINT('',(63.576383634,-110.080495417,5.108585004));
#2369=CARTESIAN_POINT('',(63.713202233,-110.138193047,5.187273952));
#2370=CARTESIAN_POINT('',(63.861972233,-110.187238927,5.256099303));
#2371=CARTESIAN_POINT('',(64.015363479,-110.225972357,5.311197302));
#2372=CARTESIAN_POINT('',(64.322145971,-110.303439219,5.4213933));
#2373=CARTESIAN_POINT('',(64.658862677,-110.343322034,5.48109145));
#2374=CARTESIAN_POINT('',(64.998535958,-110.343435664,5.481258901));
#2375=CARTESIAN_POINT('',(65.168372598,-110.343492479,5.481342627));
#2376=CARTESIAN_POINT('',(65.335283935,-110.333758758,5.466936286));
#2377=CARTESIAN_POINT('',(65.499308029,-110.314457919,5.438743207));
#2378=CARTESIAN_POINT('',(65.663332123,-110.29515708,5.410550129));
#2379=CARTESIAN_POINT('',(65.82628414,-110.265748623,5.36779627));
#2380=CARTESIAN_POINT('',(65.980407628,-110.227037368,5.312712507));
#2381=CARTESIAN_POINT('',(66.134531116,-110.188326112,5.257628745));
#2382=CARTESIAN_POINT('',(66.280312579,-110.140537113,5.190526852));
#2383=CARTESIAN_POINT('',(66.417761895,-110.082956138,5.111942146));
#2384=CARTESIAN_POINT('',(66.486486553,-110.054165651,5.072649793));
#2385=CARTESIAN_POINT('',(66.553426671,-110.022716959,5.030218193));
#2386=CARTESIAN_POINT('',(66.616891574,-109.989308334,4.985804907));
#2387=CARTESIAN_POINT('',(66.680356477,-109.955899708,4.94139162));
#2388=CARTESIAN_POINT('',(66.740598513,-109.9204615,4.89489585));
#2389=CARTESIAN_POINT('',(66.797714772,-109.882952382,4.846460466));
#2390=CARTESIAN_POINT('',(66.91194729,-109.807934147,4.749589699));
#2391=CARTESIAN_POINT('',(67.014172159,-109.724250731,4.644480116));
#2392=CARTESIAN_POINT('',(67.102848316,-109.632287691,4.533290274));
#2393=CARTESIAN_POINT('',(67.191524474,-109.54032465,4.422100432));
#2394=CARTESIAN_POINT('',(67.264769064,-109.442243448,4.307433182));
#2395=CARTESIAN_POINT('',(67.323656823,-109.337823728,4.190096543));
#2396=CARTESIAN_POINT('',(67.382544581,-109.233404008,4.072759904));
#2397=CARTESIAN_POINT('',(67.427176449,-109.121607884,3.951709594));
#2398=CARTESIAN_POINT('',(67.456411921,-109.00653408,3.832139196));
#2399=CARTESIAN_POINT('',(67.485647393,-108.891460276,3.712568798));
#2400=CARTESIAN_POINT('',(67.5,-108.772753212,3.593987605));
#2401=CARTESIAN_POINT('',(67.5,-108.650301032,3.476598192));
#2402=B_SPLINE_CURVE_WITH_KNOTS('',3,(#2353,#2354,#2355,#2356,#2357,#2358,#2359,#2360,#2361,#2362,#2363,#2364,#2365,#2366,#2367,#2368,#2369,#2370,#2371,#2372,#2373,#2374,#2375,#2376,#2377,#2378,
#2379,#2380,#2381,#2382,#2383,#2384,#2385,#2386,#2387,#2388,#2389,#2390,#2391,#2392,#2393,#2394,#2395,#2396,#2397,#2398,#2399,#2400,#2401),.UNSPECIFIED.,.F.,.F.,(4,3,3,3,3,3,3,3,3,3,3,3,3,3,3,3,4),(-0.004019832,-0.003517533,-0.003015235,-0.002512936,-0.002010637,-0.001508339,-0.00100604,-0.000001443,0.000500855,0.001003154,0.001505452,0.001756602,0.002007751,0.002510049,0.003012348,0.003514646,0.004016945),.UNSPECIFIED.);
#2403=EDGE_CURVE('',#2298,#2352,#2402,.T.);
#2404=ORIENTED_EDGE('',*,*,#2403,.T.);
#2405=CARTESIAN_POINT('',(67.5,-95.682673428,0.769230769));
#2406=VERTEX_POINT('',#2405);
#2407=CARTESIAN_POINT('',(67.5,-99.999970413,12.5));
#2408=DIRECTION('',(1.,-0.,0.));
#2409=DIRECTION('',(0.,0.,-1.));
#2410=AXIS2_PLACEMENT_3D('',#2407,#2408,#2409);
#2411=CIRCLE('',#2410,12.5);
#2412=EDGE_CURVE('',#2352,#2406,#2411,.T.);
#2413=ORIENTED_EDGE('',*,*,#2412,.T.);
#2414=CARTESIAN_POINT('',(72.5,-95.682673428,0.769230769));
#2415=VERTEX_POINT('',#2414);
#2416=CARTESIAN_POINT('',(72.5,-95.682673428,0.769230769));
#2417=DIRECTION('',(-1.,0.,0.));
#2418=VECTOR('',#2417,5.);
#2419=LINE('',#2416,#2418);
#2420=EDGE_CURVE('',#2415,#2406,#2419,.T.);
#2421=ORIENTED_EDGE('',*,*,#2420,.F.);
#2422=CARTESIAN_POINT('',(72.5,-108.650301032,3.476598192));
#2423=VERTEX_POINT('',#2422);
#2424=CARTESIAN_POINT('',(72.5,-99.999970413,12.5));
#2425=DIRECTION('',(1.,-0.,0.));
#2426=DIRECTION('',(0.,0.,-1.));
#2427=AXIS2_PLACEMENT_3D('',#2424,#2425,#2426);
#2428=CIRCLE('',#2427,12.5);
#2429=EDGE_CURVE('',#2423,#2415,#2428,.T.);
#2430=ORIENTED_EDGE('',*,*,#2429,.F.);
#2431=CARTESIAN_POINT('',(75.,-110.343435912,5.481259264));
#2432=VERTEX_POINT('',#2431);
#2433=CARTESIAN_POINT('',(72.5,-108.650301032,3.476598192));
#2434=CARTESIAN_POINT('',(72.5,-108.772702041,3.59393855));
#2435=CARTESIAN_POINT('',(72.514343478,-108.890961994,3.712086176));
#2436=CARTESIAN_POINT('',(72.543264942,-109.005259618,3.830815128));
#2437=CARTESIAN_POINT('',(72.572186406,-109.119557241,3.949544081));
#2438=CARTESIAN_POINT('',(72.616214361,-109.230811293,4.069900994));
#2439=CARTESIAN_POINT('',(72.675280172,-109.335935318,4.187975019));
#2440=CARTESIAN_POINT('',(72.734345982,-109.441059344,4.306049044));
#2441=CARTESIAN_POINT('',(72.807416471,-109.538818366,4.42035097));
#2442=CARTESIAN_POINT('',(72.894726612,-109.629767155,4.530243749));
#2443=CARTESIAN_POINT('',(72.982036754,-109.720715944,4.640136528));
#2444=CARTESIAN_POINT('',(73.085096952,-109.805725137,4.746785032));
#2445=CARTESIAN_POINT('',(73.199552645,-109.8811547,4.84413969));
#2446=CARTESIAN_POINT('',(73.314008339,-109.956584263,4.941494348));
#2447=CARTESIAN_POINT('',(73.439565034,-110.022797787,5.029896056));
#2448=CARTESIAN_POINT('',(73.576383634,-110.080495417,5.108585004));
#2449=CARTESIAN_POINT('',(73.713202233,-110.138193047,5.187273952));
#2450=CARTESIAN_POINT('',(73.861972233,-110.187238927,5.256099303));
#2451=CARTESIAN_POINT('',(74.015363479,-110.225972357,5.311197302));
#2452=CARTESIAN_POINT('',(74.322145971,-110.303439219,5.4213933));
#2453=CARTESIAN_POINT('',(74.658862677,-110.343322034,5.48109145));
#2454=CARTESIAN_POINT('',(74.998535958,-110.343435664,5.481258901));
#2455=CARTESIAN_POINT('',(75.168372598,-110.343492479,5.481342627));
#2456=CARTESIAN_POINT('',(75.335283935,-110.333758758,5.466936286));
#2457=CARTESIAN_POINT('',(75.499308029,-110.314457919,5.438743207));
#2458=CARTESIAN_POINT('',(75.663332123,-110.29515708,5.410550129));
#2459=CARTESIAN_POINT('',(75.82628414,-110.265748623,5.36779627));
#2460=CARTESIAN_POINT('',(75.980407628,-110.227037368,5.312712507));
#2461=CARTESIAN_POINT('',(76.134531116,-110.188326112,5.257628745));
#2462=CARTESIAN_POINT('',(76.280312579,-110.140537113,5.190526852));
#2463=CARTESIAN_POINT('',(76.417761895,-110.082956138,5.111942146));
#2464=CARTESIAN_POINT('',(76.486486553,-110.054165651,5.072649793));
#2465=CARTESIAN_POINT('',(76.553426671,-110.022716959,5.030218193));
#2466=CARTESIAN_POINT('',(76.616891574,-109.989308334,4.985804907));
#2467=CARTESIAN_POINT('',(76.680356477,-109.955899708,4.94139162));
#2468=CARTESIAN_POINT('',(76.740598513,-109.9204615,4.89489585));
#2469=CARTESIAN_POINT('',(76.797714772,-109.882952382,4.846460466));
#2470=CARTESIAN_POINT('',(76.91194729,-109.807934147,4.749589699));
#2471=CARTESIAN_POINT('',(77.014172159,-109.724250731,4.644480116));
#2472=CARTESIAN_POINT('',(77.102848316,-109.632287691,4.533290274));
#2473=CARTESIAN_POINT('',(77.191524474,-109.54032465,4.422100432));
#2474=CARTESIAN_POINT('',(77.264769064,-109.442243448,4.307433182));
#2475=CARTESIAN_POINT('',(77.323656823,-109.337823728,4.190096543));
#2476=CARTESIAN_POINT('',(77.382544581,-109.233404008,4.072759904));
#2477=CARTESIAN_POINT('',(77.427176449,-109.121607884,3.951709594));
#2478=CARTESIAN_POINT('',(77.456411921,-109.00653408,3.832139196));
#2479=CARTESIAN_POINT('',(77.485647393,-108.891460276,3.712568798));
#2480=CARTESIAN_POINT('',(77.5,-108.772753212,3.593987605));
#2481=CARTESIAN_POINT('',(77.5,-108.650301032,3.476598192));
#2482=B_SPLINE_CURVE_WITH_KNOTS('',3,(#2433,#2434,#2435,#2436,#2437,#2438,#2439,#2440,#2441,#2442,#2443,#2444,#2445,#2446,#2447,#2448,#2449,#2450,#2451,#2452,#2453,#2454,#2455,#2456,#2457,#2458,
#2459,#2460,#2461,#2462,#2463,#2464,#2465,#2466,#2467,#2468,#2469,#2470,#2471,#2472,#2473,#2474,#2475,#2476,#2477,#2478,#2479,#2480,#2481),.UNSPECIFIED.,.F.,.F.,(4,3,3,3,3,3,3,3,3,3,3,3,3,3,3,3,4),(-0.004019832,-0.003517533,-0.003015235,-0.002512936,-0.002010637,-0.001508339,-0.00100604,-0.000001443,0.000500855,0.001003154,0.001505452,0.001756602,0.002007751,0.002510049,0.003012348,0.003514646,0.004016945),.UNSPECIFIED.);
#2483=EDGE_CURVE('',#2423,#2432,#2482,.T.);
#2484=ORIENTED_EDGE('',*,*,#2483,.T.);
#2485=CARTESIAN_POINT('',(77.5,-108.650301032,3.476598192));
#2486=VERTEX_POINT('',#2485);
#2487=CARTESIAN_POINT('',(72.5,-108.650301032,3.476598192));
#2488=CARTESIAN_POINT('',(72.5,-108.772702041,3.59393855));
#2489=CARTESIAN_POINT('',(72.514343478,-108.890961994,3.712086176));
#2490=CARTESIAN_POINT('',(72.543264942,-109.005259618,3.830815128));
#2491=CARTESIAN_POINT('',(72.572186406,-109.119557241,3.949544081));
#2492=CARTESIAN_POINT('',(72.616214361,-109.230811293,4.069900994));
#2493=CARTESIAN_POINT('',(72.675280172,-109.335935318,4.187975019));
#2494=CARTESIAN_POINT('',(72.734345982,-109.441059344,4.306049044));
#2495=CARTESIAN_POINT('',(72.807416471,-109.538818366,4.42035097));
#2496=CARTESIAN_POINT('',(72.894726612,-109.629767155,4.530243749));
#2497=CARTESIAN_POINT('',(72.982036754,-109.720715944,4.640136528));
#2498=CARTESIAN_POINT('',(73.085096952,-109.805725137,4.746785032));
#2499=CARTESIAN_POINT('',(73.199552645,-109.8811547,4.84413969));
#2500=CARTESIAN_POINT('',(73.314008339,-109.956584263,4.941494348));
#2501=CARTESIAN_POINT('',(73.439565034,-110.022797787,5.029896056));
#2502=CARTESIAN_POINT('',(73.576383634,-110.080495417,5.108585004));
#2503=CARTESIAN_POINT('',(73.713202233,-110.138193047,5.187273952));
#2504=CARTESIAN_POINT('',(73.861972233,-110.187238927,5.256099303));
#2505=CARTESIAN_POINT('',(74.015363479,-110.225972357,5.311197302));
#2506=CARTESIAN_POINT('',(74.322145971,-110.303439219,5.4213933));
#2507=CARTESIAN_POINT('',(74.658862677,-110.343322034,5.48109145));
#2508=CARTESIAN_POINT('',(74.998535958,-110.343435664,5.481258901));
#2509=CARTESIAN_POINT('',(75.168372598,-110.343492479,5.481342627));
#2510=CARTESIAN_POINT('',(75.335283935,-110.333758758,5.466936286));
#2511=CARTESIAN_POINT('',(75.499308029,-110.314457919,5.438743207));
#2512=CARTESIAN_POINT('',(75.663332123,-110.29515708,5.410550129));
#2513=CARTESIAN_POINT('',(75.82628414,-110.265748623,5.36779627));
#2514=CARTESIAN_POINT('',(75.980407628,-110.227037368,5.312712507));
#2515=CARTESIAN_POINT('',(76.134531116,-110.188326112,5.257628745));
#2516=CARTESIAN_POINT('',(76.280312579,-110.140537113,5.190526852));
#2517=CARTESIAN_POINT('',(76.417761895,-110.082956138,5.111942146));
#2518=CARTESIAN_POINT('',(76.486486553,-110.054165651,5.072649793));
#2519=CARTESIAN_POINT('',(76.553426671,-110.022716959,5.030218193));
#2520=CARTESIAN_POINT('',(76.616891574,-109.989308334,4.985804907));
#2521=CARTESIAN_POINT('',(76.680356477,-109.955899708,4.94139162));
#2522=CARTESIAN_POINT('',(76.740598513,-109.9204615,4.89489585));
#2523=CARTESIAN_POINT('',(76.797714772,-109.882952382,4.846460466));
#2524=CARTESIAN_POINT('',(76.91194729,-109.807934147,4.749589699));
#2525=CARTESIAN_POINT('',(77.014172159,-109.724250731,4.644480116));
#2526=CARTESIAN_POINT('',(77.102848316,-109.632287691,4.533290274));
#2527=CARTESIAN_POINT('',(77.191524474,-109.54032465,4.422100432));
#2528=CARTESIAN_POINT('',(77.264769064,-109.442243448,4.307433182));
#2529=CARTESIAN_POINT('',(77.323656823,-109.337823728,4.190096543));
#2530=CARTESIAN_POINT('',(77.382544581,-109.233404008,4.072759904));
#2531=CARTESIAN_POINT('',(77.427176449,-109.121607884,3.951709594));
#2532=CARTESIAN_POINT('',(77.456411921,-109.00653408,3.832139196));
#2533=CARTESIAN_POINT('',(77.485647393,-108.891460276,3.712568798));
#2534=CARTESIAN_POINT('',(77.5,-108.772753212,3.593987605));
#2535=CARTESIAN_POINT('',(77.5,-108.650301032,3.476598192));
#2536=B_SPLINE_CURVE_WITH_KNOTS('',3,(#2487,#2488,#2489,#2490,#2491,#2492,#2493,#2494,#2495,#2496,#2497,#2498,#2499,#2500,#2501,#2502,#2503,#2504,#2505,#2506,#2507,#2508,#2509,#2510,#2511,#2512,
#2513,#2514,#2515,#2516,#2517,#2518,#2519,#2520,#2521,#2522,#2523,#2524,#2525,#2526,#2527,#2528,#2529,#2530,#2531,#2532,#2533,#2534,#2535),.UNSPECIFIED.,.F.,.F.,(4,3,3,3,3,3,3,3,3,3,3,3,3,3,3,3,4),(-0.004019832,-0.003517533,-0.003015235,-0.002512936,-0.002010637,-0.001508339,-0.00100604,-0.000001443,0.000500855,0.001003154,0.001505452,0.001756602,0.002007751,0.002510049,0.003012348,0.003514646,0.004016945),.UNSPECIFIED.);
#2537=EDGE_CURVE('',#2432,#2486,#2536,.T.);
#2538=ORIENTED_EDGE('',*,*,#2537,.T.);
#2539=CARTESIAN_POINT('',(77.5,-95.682673428,0.769230769));
#2540=VERTEX_POINT('',#2539);
#2541=CARTESIAN_POINT('',(77.5,-99.999970413,12.5));
#2542=DIRECTION('',(1.,-0.,0.));
#2543=DIRECTION('',(0.,0.,-1.));
#2544=AXIS2_PLACEMENT_3D('',#2541,#2542,#2543);
#2545=CIRCLE('',#2544,12.5);
#2546=EDGE_CURVE('',#2486,#2540,#2545,.T.);
#2547=ORIENTED_EDGE('',*,*,#2546,.T.);
#2548=CARTESIAN_POINT('',(82.5,-95.682673428,0.769230769));
#2549=VERTEX_POINT('',#2548);
#2550=CARTESIAN_POINT('',(82.5,-95.682673428,0.769230769));
#2551=DIRECTION('',(-1.,0.,0.));
#2552=VECTOR('',#2551,5.);
#2553=LINE('',#2550,#2552);
#2554=EDGE_CURVE('',#2549,#2540,#2553,.T.);
#2555=ORIENTED_EDGE('',*,*,#2554,.F.);
#2556=CARTESIAN_POINT('',(82.5,-108.650301032,3.476598192));
#2557=VERTEX_POINT('',#2556);
#2558=CARTESIAN_POINT('',(82.5,-99.999970413,12.5));
#2559=DIRECTION('',(1.,-0.,0.));
#2560=DIRECTION('',(0.,0.,-1.));
#2561=AXIS2_PLACEMENT_3D('',#2558,#2559,#2560);
#2562=CIRCLE('',#2561,12.5);
#2563=EDGE_CURVE('',#2557,#2549,#2562,.T.);
#2564=ORIENTED_EDGE('',*,*,#2563,.F.);
#2565=CARTESIAN_POINT('',(85.,-110.343435912,5.481259264));
#2566=VERTEX_POINT('',#2565);
#2567=CARTESIAN_POINT('',(82.5,-108.650301032,3.476598192));
#2568=CARTESIAN_POINT('',(82.5,-108.772702041,3.59393855));
#2569=CARTESIAN_POINT('',(82.514343478,-108.890961994,3.712086176));
#2570=CARTESIAN_POINT('',(82.543264942,-109.005259618,3.830815128));
#2571=CARTESIAN_POINT('',(82.572186406,-109.119557241,3.949544081));
#2572=CARTESIAN_POINT('',(82.616214361,-109.230811293,4.069900994));
#2573=CARTESIAN_POINT('',(82.675280172,-109.335935318,4.187975019));
#2574=CARTESIAN_POINT('',(82.734345982,-109.441059344,4.306049044));
#2575=CARTESIAN_POINT('',(82.807416471,-109.538818366,4.42035097));
#2576=CARTESIAN_POINT('',(82.894726612,-109.629767155,4.530243749));
#2577=CARTESIAN_POINT('',(82.982036754,-109.720715944,4.640136528));
#2578=CARTESIAN_POINT('',(83.085096952,-109.805725137,4.746785032));
#2579=CARTESIAN_POINT('',(83.199552645,-109.8811547,4.84413969));
#2580=CARTESIAN_POINT('',(83.314008339,-109.956584263,4.941494348));
#2581=CARTESIAN_POINT('',(83.439565034,-110.022797787,5.029896056));
#2582=CARTESIAN_POINT('',(83.576383634,-110.080495417,5.108585004));
#2583=CARTESIAN_POINT('',(83.713202233,-110.138193047,5.187273952));
#2584=CARTESIAN_POINT('',(83.861972233,-110.187238927,5.256099303));
#2585=CARTESIAN_POINT('',(84.015363479,-110.225972357,5.311197302));
#2586=CARTESIAN_POINT('',(84.322145971,-110.303439219,5.4213933));
#2587=CARTESIAN_POINT('',(84.658862677,-110.343322034,5.48109145));
#2588=CARTESIAN_POINT('',(84.998535958,-110.343435664,5.481258901));
#2589=CARTESIAN_POINT('',(85.168372598,-110.343492479,5.481342627));
#2590=CARTESIAN_POINT('',(85.335283935,-110.333758758,5.466936286));
#2591=CARTESIAN_POINT('',(85.499308029,-110.314457919,5.438743207));
#2592=CARTESIAN_POINT('',(85.663332123,-110.29515708,5.410550129));
#2593=CARTESIAN_POINT('',(85.82628414,-110.265748623,5.36779627));
#2594=CARTESIAN_POINT('',(85.980407628,-110.227037368,5.312712507));
#2595=CARTESIAN_POINT('',(86.134531116,-110.188326112,5.257628745));
#2596=CARTESIAN_POINT('',(86.280312579,-110.140537113,5.190526852));
#2597=CARTESIAN_POINT('',(86.417761895,-110.082956138,5.111942146));
#2598=CARTESIAN_POINT('',(86.486486553,-110.054165651,5.072649793));
#2599=CARTESIAN_POINT('',(86.553426671,-110.022716959,5.030218193));
#2600=CARTESIAN_POINT('',(86.616891574,-109.989308334,4.985804907));
#2601=CARTESIAN_POINT('',(86.680356477,-109.955899708,4.94139162));
#2602=CARTESIAN_POINT('',(86.740598513,-109.9204615,4.89489585));
#2603=CARTESIAN_POINT('',(86.797714772,-109.882952382,4.846460466));
#2604=CARTESIAN_POINT('',(86.91194729,-109.807934147,4.749589699));
#2605=CARTESIAN_POINT('',(87.014172159,-109.724250731,4.644480116));
#2606=CARTESIAN_POINT('',(87.102848316,-109.632287691,4.533290274));
#2607=CARTESIAN_POINT('',(87.191524474,-109.54032465,4.422100432));
#2608=CARTESIAN_POINT('',(87.264769064,-109.442243448,4.307433182));
#2609=CARTESIAN_POINT('',(87.323656823,-109.337823728,4.190096543));
#2610=CARTESIAN_POINT('',(87.382544581,-109.233404008,4.072759904));
#2611=CARTESIAN_POINT('',(87.427176449,-109.121607884,3.951709594));
#2612=CARTESIAN_POINT('',(87.456411921,-109.00653408,3.832139196));
#2613=CARTESIAN_POINT('',(87.485647393,-108.891460276,3.712568798));
#2614=CARTESIAN_POINT('',(87.5,-108.772753212,3.593987605));
#2615=CARTESIAN_POINT('',(87.5,-108.650301032,3.476598192));
#2616=B_SPLINE_CURVE_WITH_KNOTS('',3,(#2567,#2568,#2569,#2570,#2571,#2572,#2573,#2574,#2575,#2576,#2577,#2578,#2579,#2580,#2581,#2582,#2583,#2584,#2585,#2586,#2587,#2588,#2589,#2590,#2591,#2592,
#2593,#2594,#2595,#2596,#2597,#2598,#2599,#2600,#2601,#2602,#2603,#2604,#2605,#2606,#2607,#2608,#2609,#2610,#2611,#2612,#2613,#2614,#2615),.UNSPECIFIED.,.F.,.F.,(4,3,3,3,3,3,3,3,3,3,3,3,3,3,3,3,4),(0.,0.000501913,0.001003825,0.001505738,0.002007651,0.002509564,0.003011476,0.004015302,0.004517215,0.005019127,0.00552104,0.005771996,0.006022953,0.006524866,0.007026778,0.007528691,0.008030604),.UNSPECIFIED.);
#2617=EDGE_CURVE('',#2557,#2566,#2616,.T.);
#2618=ORIENTED_EDGE('',*,*,#2617,.T.);
#2619=CARTESIAN_POINT('',(87.5,-108.650301032,3.476598192));
#2620=VERTEX_POINT('',#2619);
#2621=CARTESIAN_POINT('',(82.5,-108.650301032,3.476598192));
#2622=CARTESIAN_POINT('',(82.5,-108.772702041,3.59393855));
#2623=CARTESIAN_POINT('',(82.514343478,-108.890961994,3.712086176));
#2624=CARTESIAN_POINT('',(82.543264942,-109.005259618,3.830815128));
#2625=CARTESIAN_POINT('',(82.572186406,-109.119557241,3.949544081));
#2626=CARTESIAN_POINT('',(82.616214361,-109.230811293,4.069900994));
#2627=CARTESIAN_POINT('',(82.675280172,-109.335935318,4.187975019));
#2628=CARTESIAN_POINT('',(82.734345982,-109.441059344,4.306049044));
#2629=CARTESIAN_POINT('',(82.807416471,-109.538818366,4.42035097));
#2630=CARTESIAN_POINT('',(82.894726612,-109.629767155,4.530243749));
#2631=CARTESIAN_POINT('',(82.982036754,-109.720715944,4.640136528));
#2632=CARTESIAN_POINT('',(83.085096952,-109.805725137,4.746785032));
#2633=CARTESIAN_POINT('',(83.199552645,-109.8811547,4.84413969));
#2634=CARTESIAN_POINT('',(83.314008339,-109.956584263,4.941494348));
#2635=CARTESIAN_POINT('',(83.439565034,-110.022797787,5.029896056));
#2636=CARTESIAN_POINT('',(83.576383634,-110.080495417,5.108585004));
#2637=CARTESIAN_POINT('',(83.713202233,-110.138193047,5.187273952));
#2638=CARTESIAN_POINT('',(83.861972233,-110.187238927,5.256099303));
#2639=CARTESIAN_POINT('',(84.015363479,-110.225972357,5.311197302));
#2640=CARTESIAN_POINT('',(84.322145971,-110.303439219,5.4213933));
#2641=CARTESIAN_POINT('',(84.658862677,-110.343322034,5.48109145));
#2642=CARTESIAN_POINT('',(84.998535958,-110.343435664,5.481258901));
#2643=CARTESIAN_POINT('',(85.168372598,-110.343492479,5.481342627));
#2644=CARTESIAN_POINT('',(85.335283935,-110.333758758,5.466936286));
#2645=CARTESIAN_POINT('',(85.499308029,-110.314457919,5.438743207));
#2646=CARTESIAN_POINT('',(85.663332123,-110.29515708,5.410550129));
#2647=CARTESIAN_POINT('',(85.82628414,-110.265748623,5.36779627));
#2648=CARTESIAN_POINT('',(85.980407628,-110.227037368,5.312712507));
#2649=CARTESIAN_POINT('',(86.134531116,-110.188326112,5.257628745));
#2650=CARTESIAN_POINT('',(86.280312579,-110.140537113,5.190526852));
#2651=CARTESIAN_POINT('',(86.417761895,-110.082956138,5.111942146));
#2652=CARTESIAN_POINT('',(86.486486553,-110.054165651,5.072649793));
#2653=CARTESIAN_POINT('',(86.553426671,-110.022716959,5.030218193));
#2654=CARTESIAN_POINT('',(86.616891574,-109.989308334,4.985804907));
#2655=CARTESIAN_POINT('',(86.680356477,-109.955899708,4.94139162));
#2656=CARTESIAN_POINT('',(86.740598513,-109.9204615,4.89489585));
#2657=CARTESIAN_POINT('',(86.797714772,-109.882952382,4.846460466));
#2658=CARTESIAN_POINT('',(86.91194729,-109.807934147,4.749589699));
#2659=CARTESIAN_POINT('',(87.014172159,-109.724250731,4.644480116));
#2660=CARTESIAN_POINT('',(87.102848316,-109.632287691,4.533290274));
#2661=CARTESIAN_POINT('',(87.191524474,-109.54032465,4.422100432));
#2662=CARTESIAN_POINT('',(87.264769064,-109.442243448,4.307433182));
#2663=CARTESIAN_POINT('',(87.323656823,-109.337823728,4.190096543));
#2664=CARTESIAN_POINT('',(87.382544581,-109.233404008,4.072759904));
#2665=CARTESIAN_POINT('',(87.427176449,-109.121607884,3.951709594));
#2666=CARTESIAN_POINT('',(87.456411921,-109.00653408,3.832139196));
#2667=CARTESIAN_POINT('',(87.485647393,-108.891460276,3.712568798));
#2668=CARTESIAN_POINT('',(87.5,-108.772753212,3.593987605));
#2669=CARTESIAN_POINT('',(87.5,-108.650301032,3.476598192));
#2670=B_SPLINE_CURVE_WITH_KNOTS('',3,(#2621,#2622,#2623,#2624,#2625,#2626,#2627,#2628,#2629,#2630,#2631,#2632,#2633,#2634,#2635,#2636,#2637,#2638,#2639,#2640,#2641,#2642,#2643,#2644,#2645,#2646,
#2647,#2648,#2649,#2650,#2651,#2652,#2653,#2654,#2655,#2656,#2657,#2658,#2659,#2660,#2661,#2662,#2663,#2664,#2665,#2666,#2667,#2668,#2669),.UNSPECIFIED.,.F.,.F.,(4,3,3,3,3,3,3,3,3,3,3,3,3,3,3,3,4),(0.,0.000501913,0.001003825,0.001505738,0.002007651,0.002509564,0.003011476,0.004015302,0.004517215,0.005019127,0.00552104,0.005771996,0.006022953,0.006524866,0.007026778,0.007528691,0.008030604),.UNSPECIFIED.);
#2671=EDGE_CURVE('',#2566,#2620,#2670,.T.);
#2672=ORIENTED_EDGE('',*,*,#2671,.T.);
#2673=CARTESIAN_POINT('',(87.5,-95.682673428,0.769230769));
#2674=VERTEX_POINT('',#2673);
#2675=CARTESIAN_POINT('',(87.5,-99.999970413,12.5));
#2676=DIRECTION('',(1.,-0.,0.));
#2677=DIRECTION('',(0.,0.,-1.));
#2678=AXIS2_PLACEMENT_3D('',#2675,#2676,#2677);
#2679=CIRCLE('',#2678,12.5);
#2680=EDGE_CURVE('',#2620,#2674,#2679,.T.);
#2681=ORIENTED_EDGE('',*,*,#2680,.T.);
#2682=CARTESIAN_POINT('',(92.5,-95.682673428,0.769230769));
#2683=VERTEX_POINT('',#2682);
#2684=CARTESIAN_POINT('',(92.5,-95.682673428,0.769230769));
#2685=DIRECTION('',(-1.,0.,0.));
#2686=VECTOR('',#2685,5.);
#2687=LINE('',#2684,#2686);
#2688=EDGE_CURVE('',#2683,#2674,#2687,.T.);
#2689=ORIENTED_EDGE('',*,*,#2688,.F.);
#2690=CARTESIAN_POINT('',(92.5,-108.650301032,3.476598192));
#2691=VERTEX_POINT('',#2690);
#2692=CARTESIAN_POINT('',(92.5,-99.999970413,12.5));
#2693=DIRECTION('',(1.,-0.,0.));
#2694=DIRECTION('',(0.,0.,-1.));
#2695=AXIS2_PLACEMENT_3D('',#2692,#2693,#2694);
#2696=CIRCLE('',#2695,12.5);
#2697=EDGE_CURVE('',#2691,#2683,#2696,.T.);
#2698=ORIENTED_EDGE('',*,*,#2697,.F.);
#2699=CARTESIAN_POINT('',(97.5,-108.650301032,3.476598192));
#2700=VERTEX_POINT('',#2699);
#2701=CARTESIAN_POINT('',(92.5,-108.650301032,3.476598192));
#2702=CARTESIAN_POINT('',(92.5,-108.772702041,3.59393855));
#2703=CARTESIAN_POINT('',(92.514343478,-108.890961994,3.712086176));
#2704=CARTESIAN_POINT('',(92.543264942,-109.005259618,3.830815128));
#2705=CARTESIAN_POINT('',(92.572186406,-109.119557241,3.949544081));
#2706=CARTESIAN_POINT('',(92.616214361,-109.230811293,4.069900994));
#2707=CARTESIAN_POINT('',(92.675280172,-109.335935318,4.187975019));
#2708=CARTESIAN_POINT('',(92.734345982,-109.441059344,4.306049044));
#2709=CARTESIAN_POINT('',(92.807416471,-109.538818366,4.42035097));
#2710=CARTESIAN_POINT('',(92.894726612,-109.629767155,4.530243749));
#2711=CARTESIAN_POINT('',(92.982036754,-109.720715944,4.640136528));
#2712=CARTESIAN_POINT('',(93.085096952,-109.805725137,4.746785032));
#2713=CARTESIAN_POINT('',(93.199552645,-109.8811547,4.84413969));
#2714=CARTESIAN_POINT('',(93.314008339,-109.956584263,4.941494348));
#2715=CARTESIAN_POINT('',(93.439565034,-110.022797787,5.029896056));
#2716=CARTESIAN_POINT('',(93.576383634,-110.080495417,5.108585004));
#2717=CARTESIAN_POINT('',(93.713202233,-110.138193047,5.187273952));
#2718=CARTESIAN_POINT('',(93.861972233,-110.187238927,5.256099303));
#2719=CARTESIAN_POINT('',(94.015363479,-110.225972357,5.311197302));
#2720=CARTESIAN_POINT('',(94.322145971,-110.303439219,5.4213933));
#2721=CARTESIAN_POINT('',(94.658862677,-110.343322034,5.48109145));
#2722=CARTESIAN_POINT('',(94.998535958,-110.343435664,5.481258901));
#2723=CARTESIAN_POINT('',(95.168372598,-110.343492479,5.481342627));
#2724=CARTESIAN_POINT('',(95.335283935,-110.333758758,5.466936286));
#2725=CARTESIAN_POINT('',(95.499308029,-110.314457919,5.438743207));
#2726=CARTESIAN_POINT('',(95.663332123,-110.29515708,5.410550129));
#2727=CARTESIAN_POINT('',(95.82628414,-110.265748623,5.36779627));
#2728=CARTESIAN_POINT('',(95.980407628,-110.227037368,5.312712507));
#2729=CARTESIAN_POINT('',(96.134531116,-110.188326112,5.257628745));
#2730=CARTESIAN_POINT('',(96.280312579,-110.140537113,5.190526852));
#2731=CARTESIAN_POINT('',(96.417761895,-110.082956138,5.111942146));
#2732=CARTESIAN_POINT('',(96.486486553,-110.054165651,5.072649793));
#2733=CARTESIAN_POINT('',(96.553426671,-110.022716959,5.030218193));
#2734=CARTESIAN_POINT('',(96.616891574,-109.989308334,4.985804907));
#2735=CARTESIAN_POINT('',(96.680356477,-109.955899708,4.94139162));
#2736=CARTESIAN_POINT('',(96.740598513,-109.9204615,4.89489585));
#2737=CARTESIAN_POINT('',(96.797714772,-109.882952382,4.846460466));
#2738=CARTESIAN_POINT('',(96.91194729,-109.807934147,4.749589699));
#2739=CARTESIAN_POINT('',(97.014172159,-109.724250731,4.644480116));
#2740=CARTESIAN_POINT('',(97.102848316,-109.632287691,4.533290274));
#2741=CARTESIAN_POINT('',(97.191524474,-109.54032465,4.422100432));
#2742=CARTESIAN_POINT('',(97.264769064,-109.442243448,4.307433182));
#2743=CARTESIAN_POINT('',(97.323656823,-109.337823728,4.190096543));
#2744=CARTESIAN_POINT('',(97.382544581,-109.233404008,4.072759904));
#2745=CARTESIAN_POINT('',(97.427176449,-109.121607884,3.951709594));
#2746=CARTESIAN_POINT('',(97.456411921,-109.00653408,3.832139196));
#2747=CARTESIAN_POINT('',(97.485647393,-108.891460276,3.712568798));
#2748=CARTESIAN_POINT('',(97.5,-108.772753212,3.593987605));
#2749=CARTESIAN_POINT('',(97.5,-108.650301032,3.476598192));
#2750=B_SPLINE_CURVE_WITH_KNOTS('',3,(#2701,#2702,#2703,#2704,#2705,#2706,#2707,#2708,#2709,#2710,#2711,#2712,#2713,#2714,#2715,#2716,#2717,#2718,#2719,#2720,#2721,#2722,#2723,#2724,#2725,#2726,
#2727,#2728,#2729,#2730,#2731,#2732,#2733,#2734,#2735,#2736,#2737,#2738,#2739,#2740,#2741,#2742,#2743,#2744,#2745,#2746,#2747,#2748,#2749),.UNSPECIFIED.,.F.,.F.,(4,3,3,3,3,3,3,3,3,3,3,3,3,3,3,3,4),(-0.004019832,-0.003517533,-0.003015235,-0.002512936,-0.002010637,-0.001508339,-0.00100604,-0.000001443,0.000500855,0.001003154,0.001505452,0.001756602,0.002007751,0.002510049,0.003012348,0.003514646,0.004016945),.UNSPECIFIED.);
#2751=EDGE_CURVE('',#2691,#2700,#2750,.T.);
#2752=ORIENTED_EDGE('',*,*,#2751,.T.);
#2753=CARTESIAN_POINT('',(97.5,-95.682673428,0.769230769));
#2754=VERTEX_POINT('',#2753);
#2755=CARTESIAN_POINT('',(97.5,-99.999970413,12.5));
#2756=DIRECTION('',(1.,-0.,0.));
#2757=DIRECTION('',(0.,0.,-1.));
#2758=AXIS2_PLACEMENT_3D('',#2755,#2756,#2757);
#2759=CIRCLE('',#2758,12.5);
#2760=EDGE_CURVE('',#2700,#2754,#2759,.T.);
#2761=ORIENTED_EDGE('',*,*,#2760,.T.);
#2762=CARTESIAN_POINT('',(102.5,-95.682673428,0.769230769));
#2763=VERTEX_POINT('',#2762);
#2764=CARTESIAN_POINT('',(102.5,-95.682673428,0.769230769));
#2765=DIRECTION('',(-1.,0.,0.));
#2766=VECTOR('',#2765,5.);
#2767=LINE('',#2764,#2766);
#2768=EDGE_CURVE('',#2763,#2754,#2767,.T.);
#2769=ORIENTED_EDGE('',*,*,#2768,.F.);
#2770=CARTESIAN_POINT('',(102.5,-108.650301032,3.476598192));
#2771=VERTEX_POINT('',#2770);
#2772=CARTESIAN_POINT('',(102.5,-99.999970413,12.5));
#2773=DIRECTION('',(1.,-0.,0.));
#2774=DIRECTION('',(0.,0.,-1.));
#2775=AXIS2_PLACEMENT_3D('',#2772,#2773,#2774);
#2776=CIRCLE('',#2775,12.5);
#2777=EDGE_CURVE('',#2771,#2763,#2776,.T.);
#2778=ORIENTED_EDGE('',*,*,#2777,.F.);
#2779=CARTESIAN_POINT('',(105.,-110.343435912,5.481259264));
#2780=VERTEX_POINT('',#2779);
#2781=CARTESIAN_POINT('',(102.5,-108.650301032,3.476598192));
#2782=CARTESIAN_POINT('',(102.5,-108.772702041,3.59393855));
#2783=CARTESIAN_POINT('',(102.514343478,-108.890961994,3.712086176));
#2784=CARTESIAN_POINT('',(102.543264942,-109.005259618,3.830815128));
#2785=CARTESIAN_POINT('',(102.572186406,-109.119557241,3.949544081));
#2786=CARTESIAN_POINT('',(102.616214361,-109.230811293,4.069900994));
#2787=CARTESIAN_POINT('',(102.675280172,-109.335935318,4.187975019));
#2788=CARTESIAN_POINT('',(102.734345982,-109.441059344,4.306049044));
#2789=CARTESIAN_POINT('',(102.807416471,-109.538818366,4.42035097));
#2790=CARTESIAN_POINT('',(102.894726612,-109.629767155,4.530243749));
#2791=CARTESIAN_POINT('',(102.982036754,-109.720715944,4.640136528));
#2792=CARTESIAN_POINT('',(103.085096952,-109.805725137,4.746785032));
#2793=CARTESIAN_POINT('',(103.199552645,-109.8811547,4.84413969));
#2794=CARTESIAN_POINT('',(103.314008339,-109.956584263,4.941494348));
#2795=CARTESIAN_POINT('',(103.439565034,-110.022797787,5.029896056));
#2796=CARTESIAN_POINT('',(103.576383634,-110.080495417,5.108585004));
#2797=CARTESIAN_POINT('',(103.713202233,-110.138193047,5.187273952));
#2798=CARTESIAN_POINT('',(103.861972233,-110.187238927,5.256099303));
#2799=CARTESIAN_POINT('',(104.015363479,-110.225972357,5.311197302));
#2800=CARTESIAN_POINT('',(104.322145971,-110.303439219,5.4213933));
#2801=CARTESIAN_POINT('',(104.658862677,-110.343322034,5.48109145));
#2802=CARTESIAN_POINT('',(104.998535958,-110.343435664,5.481258901));
#2803=CARTESIAN_POINT('',(105.168372598,-110.343492479,5.481342627));
#2804=CARTESIAN_POINT('',(105.335283935,-110.333758758,5.466936286));
#2805=CARTESIAN_POINT('',(105.499308029,-110.314457919,5.438743207));
#2806=CARTESIAN_POINT('',(105.663332123,-110.29515708,5.410550129));
#2807=CARTESIAN_POINT('',(105.82628414,-110.265748623,5.36779627));
#2808=CARTESIAN_POINT('',(105.980407628,-110.227037368,5.312712507));
#2809=CARTESIAN_POINT('',(106.134531116,-110.188326112,5.257628745));
#2810=CARTESIAN_POINT('',(106.280312579,-110.140537113,5.190526852));
#2811=CARTESIAN_POINT('',(106.417761895,-110.082956138,5.111942146));
#2812=CARTESIAN_POINT('',(106.486486553,-110.054165651,5.072649793));
#2813=CARTESIAN_POINT('',(106.553426671,-110.022716959,5.030218193));
#2814=CARTESIAN_POINT('',(106.616891574,-109.989308334,4.985804907));
#2815=CARTESIAN_POINT('',(106.680356477,-109.955899708,4.94139162));
#2816=CARTESIAN_POINT('',(106.740598513,-109.9204615,4.89489585));
#2817=CARTESIAN_POINT('',(106.797714772,-109.882952382,4.846460466));
#2818=CARTESIAN_POINT('',(106.91194729,-109.807934147,4.749589699));
#2819=CARTESIAN_POINT('',(107.014172159,-109.724250731,4.644480116));
#2820=CARTESIAN_POINT('',(107.102848316,-109.632287691,4.533290274));
#2821=CARTESIAN_POINT('',(107.191524474,-109.54032465,4.422100432));
#2822=CARTESIAN_POINT('',(107.264769064,-109.442243448,4.307433182));
#2823=CARTESIAN_POINT('',(107.323656823,-109.337823728,4.190096543));
#2824=CARTESIAN_POINT('',(107.382544581,-109.233404008,4.072759904));
#2825=CARTESIAN_POINT('',(107.427176449,-109.121607884,3.951709594));
#2826=CARTESIAN_POINT('',(107.456411921,-109.00653408,3.832139196));
#2827=CARTESIAN_POINT('',(107.485647393,-108.891460276,3.712568798));
#2828=CARTESIAN_POINT('',(107.5,-108.772753212,3.593987605));
#2829=CARTESIAN_POINT('',(107.5,-108.650301032,3.476598192));
#2830=B_SPLINE_CURVE_WITH_KNOTS('',3,(#2781,#2782,#2783,#2784,#2785,#2786,#2787,#2788,#2789,#2790,#2791,#2792,#2793,#2794,#2795,#2796,#2797,#2798,#2799,#2800,#2801,#2802,#2803,#2804,#2805,#2806,
#2807,#2808,#2809,#2810,#2811,#2812,#2813,#2814,#2815,#2816,#2817,#2818,#2819,#2820,#2821,#2822,#2823,#2824,#2825,#2826,#2827,#2828,#2829),.UNSPECIFIED.,.F.,.F.,(4,3,3,3,3,3,3,3,3,3,3,3,3,3,3,3,4),(-0.004019832,-0.003517533,-0.003015235,-0.002512936,-0.002010637,-0.001508339,-0.00100604,-0.000001443,0.000500855,0.001003154,0.001505452,0.001756602,0.002007751,0.002510049,0.003012348,0.003514646,0.004016945),.UNSPECIFIED.);
#2831=EDGE_CURVE('',#2771,#2780,#2830,.T.);
#2832=ORIENTED_EDGE('',*,*,#2831,.T.);
#2833=CARTESIAN_POINT('',(107.5,-108.650301032,3.476598192));
#2834=VERTEX_POINT('',#2833);
#2835=CARTESIAN_POINT('',(102.5,-108.650301032,3.476598192));
#2836=CARTESIAN_POINT('',(102.5,-108.772702041,3.59393855));
#2837=CARTESIAN_POINT('',(102.514343478,-108.890961994,3.712086176));
#2838=CARTESIAN_POINT('',(102.543264942,-109.005259618,3.830815128));
#2839=CARTESIAN_POINT('',(102.572186406,-109.119557241,3.949544081));
#2840=CARTESIAN_POINT('',(102.616214361,-109.230811293,4.069900994));
#2841=CARTESIAN_POINT('',(102.675280172,-109.335935318,4.187975019));
#2842=CARTESIAN_POINT('',(102.734345982,-109.441059344,4.306049044));
#2843=CARTESIAN_POINT('',(102.807416471,-109.538818366,4.42035097));
#2844=CARTESIAN_POINT('',(102.894726612,-109.629767155,4.530243749));
#2845=CARTESIAN_POINT('',(102.982036754,-109.720715944,4.640136528));
#2846=CARTESIAN_POINT('',(103.085096952,-109.805725137,4.746785032));
#2847=CARTESIAN_POINT('',(103.199552645,-109.8811547,4.84413969));
#2848=CARTESIAN_POINT('',(103.314008339,-109.956584263,4.941494348));
#2849=CARTESIAN_POINT('',(103.439565034,-110.022797787,5.029896056));
#2850=CARTESIAN_POINT('',(103.576383634,-110.080495417,5.108585004));
#2851=CARTESIAN_POINT('',(103.713202233,-110.138193047,5.187273952));
#2852=CARTESIAN_POINT('',(103.861972233,-110.187238927,5.256099303));
#2853=CARTESIAN_POINT('',(104.015363479,-110.225972357,5.311197302));
#2854=CARTESIAN_POINT('',(104.322145971,-110.303439219,5.4213933));
#2855=CARTESIAN_POINT('',(104.658862677,-110.343322034,5.48109145));
#2856=CARTESIAN_POINT('',(104.998535958,-110.343435664,5.481258901));
#2857=CARTESIAN_POINT('',(105.168372598,-110.343492479,5.481342627));
#2858=CARTESIAN_POINT('',(105.335283935,-110.333758758,5.466936286));
#2859=CARTESIAN_POINT('',(105.499308029,-110.314457919,5.438743207));
#2860=CARTESIAN_POINT('',(105.663332123,-110.29515708,5.410550129));
#2861=CARTESIAN_POINT('',(105.82628414,-110.265748623,5.36779627));
#2862=CARTESIAN_POINT('',(105.980407628,-110.227037368,5.312712507));
#2863=CARTESIAN_POINT('',(106.134531116,-110.188326112,5.257628745));
#2864=CARTESIAN_POINT('',(106.280312579,-110.140537113,5.190526852));
#2865=CARTESIAN_POINT('',(106.417761895,-110.082956138,5.111942146));
#2866=CARTESIAN_POINT('',(106.486486553,-110.054165651,5.072649793));
#2867=CARTESIAN_POINT('',(106.553426671,-110.022716959,5.030218193));
#2868=CARTESIAN_POINT('',(106.616891574,-109.989308334,4.985804907));
#2869=CARTESIAN_POINT('',(106.680356477,-109.955899708,4.94139162));
#2870=CARTESIAN_POINT('',(106.740598513,-109.9204615,4.89489585));
#2871=CARTESIAN_POINT('',(106.797714772,-109.882952382,4.846460466));
#2872=CARTESIAN_POINT('',(106.91194729,-109.807934147,4.749589699));
#2873=CARTESIAN_POINT('',(107.014172159,-109.724250731,4.644480116));
#2874=CARTESIAN_POINT('',(107.102848316,-109.632287691,4.533290274));
#2875=CARTESIAN_POINT('',(107.191524474,-109.54032465,4.422100432));
#2876=CARTESIAN_POINT('',(107.264769064,-109.442243448,4.307433182));
#2877=CARTESIAN_POINT('',(107.323656823,-109.337823728,4.190096543));
#2878=CARTESIAN_POINT('',(107.382544581,-109.233404008,4.072759904));
#2879=CARTESIAN_POINT('',(107.427176449,-109.121607884,3.951709594));
#2880=CARTESIAN_POINT('',(107.456411921,-109.00653408,3.832139196));
#2881=CARTESIAN_POINT('',(107.485647393,-108.891460276,3.712568798));
#2882=CARTESIAN_POINT('',(107.5,-108.772753212,3.593987605));
#2883=CARTESIAN_POINT('',(107.5,-108.650301032,3.476598192));
#2884=B_SPLINE_CURVE_WITH_KNOTS('',3,(#2835,#2836,#2837,#2838,#2839,#2840,#2841,#2842,#2843,#2844,#2845,#2846,#2847,#2848,#2849,#2850,#2851,#2852,#2853,#2854,#2855,#2856,#2857,#2858,#2859,#2860,
#2861,#2862,#2863,#2864,#2865,#2866,#2867,#2868,#2869,#2870,#2871,#2872,#2873,#2874,#2875,#2876,#2877,#2878,#2879,#2880,#2881,#2882,#2883),.UNSPECIFIED.,.F.,.F.,(4,3,3,3,3,3,3,3,3,3,3,3,3,3,3,3,4),(-0.004019832,-0.003517533,-0.003015235,-0.002512936,-0.002010637,-0.001508339,-0.00100604,-0.000001443,0.000500855,0.001003154,0.001505452,0.001756602,0.002007751,0.002510049,0.003012348,0.003514646,0.004016945),.UNSPECIFIED.);
#2885=EDGE_CURVE('',#2780,#2834,#2884,.T.);
#2886=ORIENTED_EDGE('',*,*,#2885,.T.);
#2887=CARTESIAN_POINT('',(107.5,-95.682673428,0.769230769));
#2888=VERTEX_POINT('',#2887);
#2889=CARTESIAN_POINT('',(107.5,-99.999970413,12.5));
#2890=DIRECTION('',(1.,-0.,0.));
#2891=DIRECTION('',(0.,0.,-1.));
#2892=AXIS2_PLACEMENT_3D('',#2889,#2890,#2891);
#2893=CIRCLE('',#2892,12.5);
#2894=EDGE_CURVE('',#2834,#2888,#2893,.T.);
#2895=ORIENTED_EDGE('',*,*,#2894,.T.);
#2896=CARTESIAN_POINT('',(112.5,-95.682673428,0.769230769));
#2897=VERTEX_POINT('',#2896);
#2898=CARTESIAN_POINT('',(112.5,-95.682673428,0.769230769));
#2899=DIRECTION('',(-1.,0.,0.));
#2900=VECTOR('',#2899,5.);
#2901=LINE('',#2898,#2900);
#2902=EDGE_CURVE('',#2897,#2888,#2901,.T.);
#2903=ORIENTED_EDGE('',*,*,#2902,.F.);
#2904=CARTESIAN_POINT('',(112.5,-112.398181311,10.908030613));
#2905=VERTEX_POINT('',#2904);
#2906=CARTESIAN_POINT('',(112.5,-99.999970413,12.5));
#2907=DIRECTION('',(1.,-0.,0.));
#2908=DIRECTION('',(0.,0.,-1.));
#2909=AXIS2_PLACEMENT_3D('',#2906,#2907,#2908);
#2910=CIRCLE('',#2909,12.5);
#2911=EDGE_CURVE('',#2905,#2897,#2910,.T.);
#2912=ORIENTED_EDGE('',*,*,#2911,.F.);
#2913=CARTESIAN_POINT('',(112.219270634,-112.499970413,12.5));
#2914=VERTEX_POINT('',#2913);
#2915=CARTESIAN_POINT('',(112.5,-112.398181311,10.908030613));
#2916=CARTESIAN_POINT('',(112.5,-112.433161798,11.18045762));
#2917=CARTESIAN_POINT('',(112.475156974,-112.458553611,11.449116876));
#2918=CARTESIAN_POINT('',(112.427975856,-112.475258816,11.714392426));
#2919=CARTESIAN_POINT('',(112.380794737,-112.491964021,11.979667976));
#2920=CARTESIAN_POINT('',(112.311247689,-112.499970413,12.241555691));
#2921=CARTESIAN_POINT('',(112.219270634,-112.499970413,12.5));
#2922=B_SPLINE_CURVE_WITH_KNOTS('',3,(#2915,#2916,#2917,#2918,#2919,#2920,#2921),.UNSPECIFIED.,.F.,.F.,(4,3,4),(0.,0.000809867,0.001619733),.UNSPECIFIED.);
#2923=EDGE_CURVE('',#2905,#2914,#2922,.T.);
#2924=ORIENTED_EDGE('',*,*,#2923,.T.);
#2925=CARTESIAN_POINT('',(112.219270634,-112.499970413,12.5));
#2926=DIRECTION('',(-1.,0.,0.));
#2927=VECTOR('',#2926,224.438541269);
#2928=LINE('',#2925,#2927);
#2929=EDGE_CURVE('',#2914,#270,#2928,.T.);
#2930=ORIENTED_EDGE('',*,*,#2929,.T.);
#2931=EDGE_LOOP('',(#280,#281,#287,#288,#342,#396,#405,#413,#422,#476,#530,#539,#547,#556,#610,#619,#627,#636,#690,#744,#753,#761,#770,#824,#833,#841,
#850,#904,#958,#967,#975,#984,#1038,#1047,#1055,#1064,#1118,#1172,#1181,#1189,#1198,#1252,#1306,#1315,#1323,#1332,#1386,#1395,#1403,#1412,#1466,
#1520,#1529,#1537,#1546,#1600,#1654,#1663,#1671,#1680,#1734,#1788,#1797,#1805,#1814,#1868,#1922,#1931,#1939,#1948,#2002,#2056,#2065,#2073,#2082,#2136,
#2190,#2199,#2207,#2216,#2270,#2279,#2287,#2296,#2350,#2404,#2413,#2421,#2430,#2484,#2538,#2547,#2555,#2564,#2618,#2672,#2681,#2689,#2698,#2752,#2761,
#2769,#2778,#2832,#2886,#2895,#2903,#2912,#2924,#2930));
#2932=FACE_BOUND('',#2931,.T.);
#2933=ADVANCED_FACE('',(#2932),#268,.T.);
#2934=CARTESIAN_POINT('',(-102.5,-43.875109611,-140.));
#2935=DIRECTION('',(-1.,0.,0.));
#2936=DIRECTION('',(-0.,-1.,0.));
#2937=AXIS2_PLACEMENT_3D('',#2934,#2935,#2936);
#2938=CYLINDRICAL_SURFACE('',#2937,150.);
#2939=ORIENTED_EDGE('',*,*,#259,.F.);
#2940=ORIENTED_EDGE('',*,*,#90,.F.);
#2941=ORIENTED_EDGE('',*,*,#107,.T.);
#2942=ORIENTED_EDGE('',*,*,#286,.T.);
#2943=EDGE_LOOP('',(#2939,#2940,#2941,#2942));
#2944=FACE_BOUND('',#2943,.T.);
#2945=ADVANCED_FACE('',(#2944),#2938,.F.);
#2946=CARTESIAN_POINT('',(107.5,-2.5,0.));
#2947=DIRECTION('',(1.,-0.,0.));
#2948=DIRECTION('',(0.,1.,0.));
#2949=AXIS2_PLACEMENT_3D('',#2946,#2947,#2948);
#2950=PLANE('',#2949);
#2951=CARTESIAN_POINT('',(107.5,-43.875109611,10.));
#2952=VERTEX_POINT('',#2951);
#2953=CARTESIAN_POINT('',(107.5,29.190510639,10.));
#2954=VERTEX_POINT('',#2953);
#2955=CARTESIAN_POINT('',(107.5,-43.875109611,10.));
#2956=DIRECTION('',(0.,1.,0.));
#2957=VECTOR('',#2956,73.06562025);
#2958=LINE('',#2955,#2957);
#2959=EDGE_CURVE('',#2952,#2954,#2958,.T.);
#2960=ORIENTED_EDGE('',*,*,#2959,.F.);
#2961=CARTESIAN_POINT('',(107.5,-43.875109611,-140.));
#2962=DIRECTION('',(1.,-0.,0.));
#2963=DIRECTION('',(-0.,-0.,1.));
#2964=AXIS2_PLACEMENT_3D('',#2961,#2962,#2963);
#2965=CIRCLE('',#2964,150.);
#2966=EDGE_CURVE('',#2952,#2888,#2965,.T.);
#2967=ORIENTED_EDGE('',*,*,#2966,.T.);
#2968=ORIENTED_EDGE('',*,*,#2894,.F.);
#2969=CARTESIAN_POINT('',(107.5,78.493370689,80.994045131));
#2970=VERTEX_POINT('',#2969);
#2971=CARTESIAN_POINT('',(107.5,-108.650301032,3.476598192));
#2972=DIRECTION('',(0.,0.923879533,0.382683432));
#2973=VECTOR('',#2972,202.562850605);
#2974=LINE('',#2971,#2973);
#2975=EDGE_CURVE('',#2834,#2970,#2974,.T.);
#2976=ORIENTED_EDGE('',*,*,#2975,.T.);
#2977=CARTESIAN_POINT('',(107.5,75.623244947,87.923141625));
#2978=VERTEX_POINT('',#2977);
#2979=CARTESIAN_POINT('',(107.5,78.493370689,80.994045131));
#2980=DIRECTION('',(-0.,-0.382683432,0.923879533));
#2981=VECTOR('',#2980,7.5);
#2982=LINE('',#2979,#2981);
#2983=EDGE_CURVE('',#2970,#2978,#2982,.T.);
#2984=ORIENTED_EDGE('',*,*,#2983,.T.);
#2985=CARTESIAN_POINT('',(107.5,77.932943778,88.879850206));
#2986=VERTEX_POINT('',#2985);
#2987=CARTESIAN_POINT('',(107.5,77.932943778,88.879850206));
#2988=DIRECTION('',(-0.,-0.923879533,-0.382683432));
#2989=VECTOR('',#2988,2.5);
#2990=LINE('',#2987,#2989);
#2991=EDGE_CURVE('',#2986,#2978,#2990,.T.);
#2992=ORIENTED_EDGE('',*,*,#2991,.F.);
#2993=CARTESIAN_POINT('',(107.5,112.500029587,65.782861893));
#2994=VERTEX_POINT('',#2993);
#2995=CARTESIAN_POINT('',(107.5,87.500029587,65.782861893));
#2996=DIRECTION('',(1.,-0.,0.));
#2997=DIRECTION('',(0.,0.,-1.));
#2998=AXIS2_PLACEMENT_3D('',#2995,#2996,#2997);
#2999=CIRCLE('',#2998,25.);
#3000=EDGE_CURVE('',#2994,#2986,#2999,.T.);
#3001=ORIENTED_EDGE('',*,*,#3000,.F.);
#3002=CARTESIAN_POINT('',(107.5,112.500029587,25.));
#3003=VERTEX_POINT('',#3002);
#3004=CARTESIAN_POINT('',(107.5,112.500029587,65.782861893));
#3005=DIRECTION('',(0.,0.,-1.));
#3006=VECTOR('',#3005,40.782861893);
#3007=LINE('',#3004,#3006);
#3008=EDGE_CURVE('',#2994,#3003,#3007,.T.);
#3009=ORIENTED_EDGE('',*,*,#3008,.T.);
#3010=CARTESIAN_POINT('',(107.5,79.170098309,1.428571429));
#3011=VERTEX_POINT('',#3010);
#3012=CARTESIAN_POINT('',(107.5,87.500029587,25.));
#3013=DIRECTION('',(-1.,0.,-0.));
#3014=DIRECTION('',(0.,1.,0.));
#3015=AXIS2_PLACEMENT_3D('',#3012,#3013,#3014);
#3016=CIRCLE('',#3015,25.);
#3017=EDGE_CURVE('',#3003,#3011,#3016,.T.);
#3018=ORIENTED_EDGE('',*,*,#3017,.T.);
#3019=CARTESIAN_POINT('',(107.5,29.190510639,-140.));
#3020=DIRECTION('',(1.,-0.,0.));
#3021=DIRECTION('',(0.,1.,0.));
#3022=AXIS2_PLACEMENT_3D('',#3019,#3020,#3021);
#3023=CIRCLE('',#3022,150.);
#3024=EDGE_CURVE('',#3011,#2954,#3023,.T.);
#3025=ORIENTED_EDGE('',*,*,#3024,.T.);
#3026=EDGE_LOOP('',(#2960,#2967,#2968,#2976,#2984,#2992,#3001,#3009,#3018,#3025));
#3027=FACE_BOUND('',#3026,.T.);
#3028=ADVANCED_FACE('',(#3027),#2950,.F.);
#3029=CARTESIAN_POINT('',(112.5,-2.5,0.));
#3030=DIRECTION('',(1.,-0.,0.));
#3031=DIRECTION('',(0.,1.,0.));
#3032=AXIS2_PLACEMENT_3D('',#3029,#3030,#3031);
#3033=PLANE('',#3032);
#3034=ORIENTED_EDGE('',*,*,#2911,.T.);
#3035=CARTESIAN_POINT('',(112.5,-43.875109611,10.));
#3036=VERTEX_POINT('',#3035);
#3037=CARTESIAN_POINT('',(112.5,-43.875109611,-140.));
#3038=DIRECTION('',(1.,-0.,0.));
#3039=DIRECTION('',(0.,1.,0.));
#3040=AXIS2_PLACEMENT_3D('',#3037,#3038,#3039);
#3041=CIRCLE('',#3040,150.);
#3042=EDGE_CURVE('',#3036,#2897,#3041,.T.);
#3043=ORIENTED_EDGE('',*,*,#3042,.F.);
#3044=CARTESIAN_POINT('',(112.5,29.190510639,10.));
#3045=VERTEX_POINT('',#3044);
#3046=CARTESIAN_POINT('',(112.5,-43.875109611,10.));
#3047=DIRECTION('',(0.,1.,0.));
#3048=VECTOR('',#3047,73.06562025);
#3049=LINE('',#3046,#3048);
#3050=EDGE_CURVE('',#3036,#3045,#3049,.T.);
#3051=ORIENTED_EDGE('',*,*,#3050,.T.);
#3052=CARTESIAN_POINT('',(112.5,79.170098309,1.428571429));
#3053=VERTEX_POINT('',#3052);
#3054=CARTESIAN_POINT('',(112.5,29.190510639,-140.));
#3055=DIRECTION('',(-1.,0.,-0.));
#3056=DIRECTION('',(0.,1.,0.));
#3057=AXIS2_PLACEMENT_3D('',#3054,#3055,#3056);
#3058=CIRCLE('',#3057,150.);
#3059=EDGE_CURVE('',#3045,#3053,#3058,.T.);
#3060=ORIENTED_EDGE('',*,*,#3059,.T.);
#3061=CARTESIAN_POINT('',(112.5,112.500029587,25.));
#3062=VERTEX_POINT('',#3061);
#3063=CARTESIAN_POINT('',(112.5,87.500029587,25.));
#3064=DIRECTION('',(1.,-0.,0.));
#3065=DIRECTION('',(0.,1.,0.));
#3066=AXIS2_PLACEMENT_3D('',#3063,#3064,#3065);
#3067=CIRCLE('',#3066,25.);
#3068=EDGE_CURVE('',#3053,#3062,#3067,.T.);
#3069=ORIENTED_EDGE('',*,*,#3068,.T.);
#3070=CARTESIAN_POINT('',(112.5,112.500029587,65.782861893));
#3071=VERTEX_POINT('',#3070);
#3072=CARTESIAN_POINT('',(112.5,112.500029587,65.782861893));
#3073=DIRECTION('',(0.,0.,-1.));
#3074=VECTOR('',#3073,40.782861893);
#3075=LINE('',#3072,#3074);
#3076=EDGE_CURVE('',#3071,#3062,#3075,.T.);
#3077=ORIENTED_EDGE('',*,*,#3076,.F.);
#3078=CARTESIAN_POINT('',(112.5,77.932943778,88.879850206));
#3079=VERTEX_POINT('',#3078);
#3080=CARTESIAN_POINT('',(112.5,87.500029587,65.782861893));
#3081=DIRECTION('',(1.,-0.,0.));
#3082=DIRECTION('',(0.,0.,-1.));
#3083=AXIS2_PLACEMENT_3D('',#3080,#3081,#3082);
#3084=CIRCLE('',#3083,25.);
#3085=EDGE_CURVE('',#3071,#3079,#3084,.T.);
#3086=ORIENTED_EDGE('',*,*,#3085,.T.);
#3087=CARTESIAN_POINT('',(112.5,-102.700749763,14.05892452));
#3088=VERTEX_POINT('',#3087);
#3089=CARTESIAN_POINT('',(112.5,77.932943778,88.879850206));
#3090=DIRECTION('',(-0.,-0.923879533,-0.382683432));
#3091=VECTOR('',#3090,195.516500999);
#3092=LINE('',#3089,#3091);
#3093=EDGE_CURVE('',#3079,#3088,#3092,.T.);
#3094=ORIENTED_EDGE('',*,*,#3093,.T.);
#3095=CARTESIAN_POINT('',(112.5,-104.700395666,14.096557827));
#3096=VERTEX_POINT('',#3095);
#3097=CARTESIAN_POINT('',(112.5,-103.657458344,16.368623351));
#3098=DIRECTION('',(-1.,0.,-0.));
#3099=DIRECTION('',(0.,1.,0.));
#3100=AXIS2_PLACEMENT_3D('',#3097,#3098,#3099);
#3101=CIRCLE('',#3100,2.5);
#3102=EDGE_CURVE('',#3088,#3096,#3101,.T.);
#3103=ORIENTED_EDGE('',*,*,#3102,.T.);
#3104=CARTESIAN_POINT('',(112.5,-104.700395666,14.096557827));
#3105=DIRECTION('',(-0.,-0.923879533,-0.382683432));
#3106=VECTOR('',#3105,8.332023142);
#3107=LINE('',#3104,#3106);
#3108=EDGE_CURVE('',#3096,#2905,#3107,.T.);
#3109=ORIENTED_EDGE('',*,*,#3108,.T.);
#3110=EDGE_LOOP('',(#3034,#3043,#3051,#3060,#3069,#3077,#3086,#3094,#3103,#3109));
#3111=FACE_BOUND('',#3110,.T.);
#3112=ADVANCED_FACE('',(#3111),#3033,.T.);
#3113=CARTESIAN_POINT('',(107.5,112.500029587,2.5));
#3114=DIRECTION('',(-0.,-1.,-0.));
#3115=DIRECTION('',(0.,0.,-1.));
#3116=AXIS2_PLACEMENT_3D('',#3113,#3114,#3115);
#3117=PLANE('',#3116);
#3118=ORIENTED_EDGE('',*,*,#3076,.T.);
#3119=CARTESIAN_POINT('',(112.5,112.500029587,25.));
#3120=DIRECTION('',(-1.,0.,-0.));
#3121=VECTOR('',#3120,5.);
#3122=LINE('',#3119,#3121);
#3123=EDGE_CURVE('',#3062,#3003,#3122,.T.);
#3124=ORIENTED_EDGE('',*,*,#3123,.T.);
#3125=ORIENTED_EDGE('',*,*,#3008,.F.);
#3126=CARTESIAN_POINT('',(112.5,112.500029587,65.782861893));
#3127=DIRECTION('',(-1.,0.,0.));
#3128=VECTOR('',#3127,5.);
#3129=LINE('',#3126,#3128);
#3130=EDGE_CURVE('',#3071,#2994,#3129,.T.);
#3131=ORIENTED_EDGE('',*,*,#3130,.F.);
#3132=EDGE_LOOP('',(#3118,#3124,#3125,#3131));
#3133=FACE_BOUND('',#3132,.T.);
#3134=ADVANCED_FACE('',(#3133),#3117,.F.);
#3135=CARTESIAN_POINT('',(112.5,29.375029587,10.));
#3136=DIRECTION('',(-0.,-0.,1.));
#3137=DIRECTION('',(0.,-1.,-0.));
#3138=AXIS2_PLACEMENT_3D('',#3135,#3136,#3137);
#3139=PLANE('',#3138);
#3140=ORIENTED_EDGE('',*,*,#2959,.T.);
#3141=CARTESIAN_POINT('',(107.5,29.190510639,10.));
#3142=DIRECTION('',(1.,-0.,0.));
#3143=VECTOR('',#3142,5.);
#3144=LINE('',#3141,#3143);
#3145=EDGE_CURVE('',#2954,#3045,#3144,.T.);
#3146=ORIENTED_EDGE('',*,*,#3145,.T.);
#3147=ORIENTED_EDGE('',*,*,#3050,.F.);
#3148=CARTESIAN_POINT('',(112.5,-43.875109611,10.));
#3149=DIRECTION('',(-1.,0.,0.));
#3150=VECTOR('',#3149,5.);
#3151=LINE('',#3148,#3150);
#3152=EDGE_CURVE('',#3036,#2952,#3151,.T.);
#3153=ORIENTED_EDGE('',*,*,#3152,.T.);
#3154=EDGE_LOOP('',(#3140,#3146,#3147,#3153));
#3155=FACE_BOUND('',#3154,.T.);
#3156=ADVANCED_FACE('',(#3155),#3139,.F.);
#3157=CARTESIAN_POINT('',(112.5,-109.74474634,16.553166606));
#3158=DIRECTION('',(-0.,-0.382683432,0.923879533));
#3159=DIRECTION('',(0.,-0.923879533,-0.382683432));
#3160=AXIS2_PLACEMENT_3D('',#3157,#3158,#3159);
#3161=PLANE('',#3160);
#3162=CARTESIAN_POINT('',(108.3,-112.499970413,15.411915428));
#3163=VERTEX_POINT('',#3162);
#3164=CARTESIAN_POINT('',(-108.3,-112.499970413,15.411915428));
#3165=VERTEX_POINT('',#3164);
#3166=CARTESIAN_POINT('',(108.3,-112.499970413,15.411915428));
#3167=DIRECTION('',(-1.,0.,0.));
#3168=VECTOR('',#3167,216.6);
#3169=LINE('',#3166,#3168);
#3170=EDGE_CURVE('',#3163,#3165,#3169,.T.);
#3171=ORIENTED_EDGE('',*,*,#3170,.F.);
#3172=CARTESIAN_POINT('',(108.3,-106.923865757,17.721613601));
#3173=VERTEX_POINT('',#3172);
#3174=CARTESIAN_POINT('',(108.3,-112.499970413,15.411915428));
#3175=DIRECTION('',(0.,0.923879533,0.382683432));
#3176=VECTOR('',#3175,6.035532188);
#3177=LINE('',#3174,#3176);
#3178=EDGE_CURVE('',#3163,#3173,#3177,.T.);
#3179=ORIENTED_EDGE('',*,*,#3178,.T.);
#3180=CARTESIAN_POINT('',(-108.3,-106.923865757,17.721613601));
#3181=VERTEX_POINT('',#3180);
#3182=CARTESIAN_POINT('',(108.3,-106.923865757,17.721613601));
#3183=DIRECTION('',(-1.,0.,0.));
#3184=VECTOR('',#3183,216.6);
#3185=LINE('',#3182,#3184);
#3186=EDGE_CURVE('',#3173,#3181,#3185,.T.);
#3187=ORIENTED_EDGE('',*,*,#3186,.T.);
#3188=CARTESIAN_POINT('',(-108.3,-106.923865757,17.721613601));
#3189=DIRECTION('',(-0.,-0.923879533,-0.382683432));
#3190=VECTOR('',#3189,6.035532188);
#3191=LINE('',#3188,#3190);
#3192=EDGE_CURVE('',#3181,#3165,#3191,.T.);
#3193=ORIENTED_EDGE('',*,*,#3192,.T.);
#3194=EDGE_LOOP('',(#3171,#3179,#3187,#3193));
#3195=FACE_BOUND('',#3194,.T.);
#3196=ADVANCED_FACE('',(#3195),#3161,.T.);
#3197=CARTESIAN_POINT('',(112.5,-112.499970413,4.999977213));
#3198=DIRECTION('',(-0.,-1.,0.));
#3199=DIRECTION('',(1.,-0.,0.));
#3200=AXIS2_PLACEMENT_3D('',#3197,#3198,#3199);
#3201=PLANE('',#3200);
#3202=ORIENTED_EDGE('',*,*,#2929,.F.);
#3203=CARTESIAN_POINT('',(108.3,-112.499970413,10.865868186));
#3204=DIRECTION('',(-0.,-1.,0.));
#3205=DIRECTION('',(0.,0.,1.));
#3206=AXIS2_PLACEMENT_3D('',#3203,#3204,#3205);
#3207=ELLIPSE('',#3206,4.546047241,4.2);
#3208=EDGE_CURVE('',#2914,#3163,#3207,.T.);
#3209=ORIENTED_EDGE('',*,*,#3208,.T.);
#3210=ORIENTED_EDGE('',*,*,#3170,.T.);
#3211=CARTESIAN_POINT('',(-108.3,-112.499970413,10.865868186));
#3212=DIRECTION('',(-0.,-1.,-0.));
#3213=DIRECTION('',(0.,0.,-1.));
#3214=AXIS2_PLACEMENT_3D('',#3211,#3212,#3213);
#3215=ELLIPSE('',#3214,4.546047241,4.2);
#3216=EDGE_CURVE('',#3165,#270,#3215,.T.);
#3217=ORIENTED_EDGE('',*,*,#3216,.T.);
#3218=EDGE_LOOP('',(#3202,#3209,#3210,#3217));
#3219=FACE_BOUND('',#3218,.T.);
#3220=ADVANCED_FACE('',(#3219),#3201,.T.);
#3221=CARTESIAN_POINT('',(112.5,87.500029587,65.782861893));
#3222=DIRECTION('',(-1.,0.,0.));
#3223=DIRECTION('',(-0.,-1.,0.));
#3224=AXIS2_PLACEMENT_3D('',#3221,#3222,#3223);
#3225=CYLINDRICAL_SURFACE('',#3224,25.);
#3226=ORIENTED_EDGE('',*,*,#3000,.T.);
#3227=CARTESIAN_POINT('',(112.5,77.932943778,88.879850206));
#3228=DIRECTION('',(-1.,0.,0.));
#3229=VECTOR('',#3228,5.);
#3230=LINE('',#3227,#3229);
#3231=EDGE_CURVE('',#3079,#2986,#3230,.T.);
#3232=ORIENTED_EDGE('',*,*,#3231,.F.);
#3233=ORIENTED_EDGE('',*,*,#3085,.F.);
#3234=ORIENTED_EDGE('',*,*,#3130,.T.);
#3235=EDGE_LOOP('',(#3226,#3232,#3233,#3234));
#3236=FACE_BOUND('',#3235,.T.);
#3237=ADVANCED_FACE('',(#3236),#3225,.T.);
#3238=CARTESIAN_POINT('',(112.5,74.189353251,87.329204238));
#3239=DIRECTION('',(0.,0.382683432,-0.923879533));
#3240=DIRECTION('',(0.,0.923879533,0.382683432));
#3241=AXIS2_PLACEMENT_3D('',#3238,#3239,#3240);
#3242=PLANE('',#3241);
#3243=ORIENTED_EDGE('',*,*,#3231,.T.);
#3244=ORIENTED_EDGE('',*,*,#2991,.T.);
#3245=CARTESIAN_POINT('',(105.,73.313546115,86.966433044));
#3246=VERTEX_POINT('',#3245);
#3247=CARTESIAN_POINT('',(105.,75.623244947,87.923141625));
#3248=DIRECTION('',(0.,0.382683432,-0.923879533));
#3249=DIRECTION('',(0.,0.923879533,0.382683432));
#3250=AXIS2_PLACEMENT_3D('',#3247,#3248,#3249);
#3251=CIRCLE('',#3250,2.5);
#3252=EDGE_CURVE('',#2978,#3246,#3251,.T.);
#3253=ORIENTED_EDGE('',*,*,#3252,.T.);
#3254=CARTESIAN_POINT('',(102.5,75.623244947,87.923141625));
#3255=VERTEX_POINT('',#3254);
#3256=CARTESIAN_POINT('',(105.,75.623244947,87.923141625));
#3257=DIRECTION('',(0.,0.382683432,-0.923879533));
#3258=DIRECTION('',(0.,0.923879533,0.382683432));
#3259=AXIS2_PLACEMENT_3D('',#3256,#3257,#3258);
#3260=CIRCLE('',#3259,2.5);
#3261=EDGE_CURVE('',#3246,#3255,#3260,.T.);
#3262=ORIENTED_EDGE('',*,*,#3261,.T.);
#3263=CARTESIAN_POINT('',(102.5,77.932943778,88.879850206));
#3264=VERTEX_POINT('',#3263);
#3265=CARTESIAN_POINT('',(102.5,77.932943778,88.879850206));
#3266=DIRECTION('',(-0.,-0.923879533,-0.382683432));
#3267=VECTOR('',#3266,2.5);
#3268=LINE('',#3265,#3267);
#3269=EDGE_CURVE('',#3264,#3255,#3268,.T.);
#3270=ORIENTED_EDGE('',*,*,#3269,.F.);
#3271=CARTESIAN_POINT('',(97.5,77.932943778,88.879850206));
#3272=VERTEX_POINT('',#3271);
#3273=CARTESIAN_POINT('',(102.5,77.932943778,88.879850206));
#3274=DIRECTION('',(-1.,0.,0.));
#3275=VECTOR('',#3274,5.);
#3276=LINE('',#3273,#3275);
#3277=EDGE_CURVE('',#3264,#3272,#3276,.T.);
#3278=ORIENTED_EDGE('',*,*,#3277,.T.);
#3279=CARTESIAN_POINT('',(97.5,75.623244947,87.923141625));
#3280=VERTEX_POINT('',#3279);
#3281=CARTESIAN_POINT('',(97.5,77.932943778,88.879850206));
#3282=DIRECTION('',(-0.,-0.923879533,-0.382683432));
#3283=VECTOR('',#3282,2.5);
#3284=LINE('',#3281,#3283);
#3285=EDGE_CURVE('',#3272,#3280,#3284,.T.);
#3286=ORIENTED_EDGE('',*,*,#3285,.T.);
#3287=CARTESIAN_POINT('',(92.5,75.623244947,87.923141625));
#3288=VERTEX_POINT('',#3287);
#3289=CARTESIAN_POINT('',(95.,75.623244947,87.923141625));
#3290=DIRECTION('',(0.,0.382683432,-0.923879533));
#3291=DIRECTION('',(0.,0.923879533,0.382683432));
#3292=AXIS2_PLACEMENT_3D('',#3289,#3290,#3291);
#3293=CIRCLE('',#3292,2.5);
#3294=EDGE_CURVE('',#3280,#3288,#3293,.T.);
#3295=ORIENTED_EDGE('',*,*,#3294,.T.);
#3296=CARTESIAN_POINT('',(92.5,77.932943778,88.879850206));
#3297=VERTEX_POINT('',#3296);
#3298=CARTESIAN_POINT('',(92.5,77.932943778,88.879850206));
#3299=DIRECTION('',(-0.,-0.923879533,-0.382683432));
#3300=VECTOR('',#3299,2.5);
#3301=LINE('',#3298,#3300);
#3302=EDGE_CURVE('',#3297,#3288,#3301,.T.);
#3303=ORIENTED_EDGE('',*,*,#3302,.F.);
#3304=CARTESIAN_POINT('',(87.5,77.932943778,88.879850206));
#3305=VERTEX_POINT('',#3304);
#3306=CARTESIAN_POINT('',(92.5,77.932943778,88.879850206));
#3307=DIRECTION('',(-1.,0.,0.));
#3308=VECTOR('',#3307,5.);
#3309=LINE('',#3306,#3308);
#3310=EDGE_CURVE('',#3297,#3305,#3309,.T.);
#3311=ORIENTED_EDGE('',*,*,#3310,.T.);
#3312=CARTESIAN_POINT('',(87.5,75.623244947,87.923141625));
#3313=VERTEX_POINT('',#3312);
#3314=CARTESIAN_POINT('',(87.5,77.932943778,88.879850206));
#3315=DIRECTION('',(-0.,-0.923879533,-0.382683432));
#3316=VECTOR('',#3315,2.5);
#3317=LINE('',#3314,#3316);
#3318=EDGE_CURVE('',#3305,#3313,#3317,.T.);
#3319=ORIENTED_EDGE('',*,*,#3318,.T.);
#3320=CARTESIAN_POINT('',(82.5,75.623244947,87.923141625));
#3321=VERTEX_POINT('',#3320);
#3322=CARTESIAN_POINT('',(85.,75.623244947,87.923141625));
#3323=DIRECTION('',(0.,0.382683432,-0.923879533));
#3324=DIRECTION('',(0.,0.923879533,0.382683432));
#3325=AXIS2_PLACEMENT_3D('',#3322,#3323,#3324);
#3326=CIRCLE('',#3325,2.5);
#3327=EDGE_CURVE('',#3313,#3321,#3326,.T.);
#3328=ORIENTED_EDGE('',*,*,#3327,.T.);
#3329=CARTESIAN_POINT('',(82.5,77.932943778,88.879850206));
#3330=VERTEX_POINT('',#3329);
#3331=CARTESIAN_POINT('',(82.5,77.932943778,88.879850206));
#3332=DIRECTION('',(-0.,-0.923879533,-0.382683432));
#3333=VECTOR('',#3332,2.5);
#3334=LINE('',#3331,#3333);
#3335=EDGE_CURVE('',#3330,#3321,#3334,.T.);
#3336=ORIENTED_EDGE('',*,*,#3335,.F.);
#3337=CARTESIAN_POINT('',(77.5,77.932943778,88.879850206));
#3338=VERTEX_POINT('',#3337);
#3339=CARTESIAN_POINT('',(82.5,77.932943778,88.879850206));
#3340=DIRECTION('',(-1.,0.,0.));
#3341=VECTOR('',#3340,5.);
#3342=LINE('',#3339,#3341);
#3343=EDGE_CURVE('',#3330,#3338,#3342,.T.);
#3344=ORIENTED_EDGE('',*,*,#3343,.T.);
#3345=CARTESIAN_POINT('',(77.5,75.623244947,87.923141625));
#3346=VERTEX_POINT('',#3345);
#3347=CARTESIAN_POINT('',(77.5,77.932943778,88.879850206));
#3348=DIRECTION('',(-0.,-0.923879533,-0.382683432));
#3349=VECTOR('',#3348,2.5);
#3350=LINE('',#3347,#3349);
#3351=EDGE_CURVE('',#3338,#3346,#3350,.T.);
#3352=ORIENTED_EDGE('',*,*,#3351,.T.);
#3353=CARTESIAN_POINT('',(75.,73.313546115,86.966433044));
#3354=VERTEX_POINT('',#3353);
#3355=CARTESIAN_POINT('',(75.,75.623244947,87.923141625));
#3356=DIRECTION('',(0.,0.382683432,-0.923879533));
#3357=DIRECTION('',(0.,0.923879533,0.382683432));
#3358=AXIS2_PLACEMENT_3D('',#3355,#3356,#3357);
#3359=CIRCLE('',#3358,2.5);
#3360=EDGE_CURVE('',#3346,#3354,#3359,.T.);
#3361=ORIENTED_EDGE('',*,*,#3360,.T.);
#3362=CARTESIAN_POINT('',(72.5,75.623244947,87.923141625));
#3363=VERTEX_POINT('',#3362);
#3364=CARTESIAN_POINT('',(75.,75.623244947,87.923141625));
#3365=DIRECTION('',(0.,0.382683432,-0.923879533));
#3366=DIRECTION('',(0.,0.923879533,0.382683432));
#3367=AXIS2_PLACEMENT_3D('',#3364,#3365,#3366);
#3368=CIRCLE('',#3367,2.5);
#3369=EDGE_CURVE('',#3354,#3363,#3368,.T.);
#3370=ORIENTED_EDGE('',*,*,#3369,.T.);
#3371=CARTESIAN_POINT('',(72.5,77.932943778,88.879850206));
#3372=VERTEX_POINT('',#3371);
#3373=CARTESIAN_POINT('',(72.5,77.932943778,88.879850206));
#3374=DIRECTION('',(-0.,-0.923879533,-0.382683432));
#3375=VECTOR('',#3374,2.5);
#3376=LINE('',#3373,#3375);
#3377=EDGE_CURVE('',#3372,#3363,#3376,.T.);
#3378=ORIENTED_EDGE('',*,*,#3377,.F.);
#3379=CARTESIAN_POINT('',(67.5,77.932943778,88.879850206));
#3380=VERTEX_POINT('',#3379);
#3381=CARTESIAN_POINT('',(72.5,77.932943778,88.879850206));
#3382=DIRECTION('',(-1.,0.,0.));
#3383=VECTOR('',#3382,5.);
#3384=LINE('',#3381,#3383);
#3385=EDGE_CURVE('',#3372,#3380,#3384,.T.);
#3386=ORIENTED_EDGE('',*,*,#3385,.T.);
#3387=CARTESIAN_POINT('',(67.5,75.623244947,87.923141625));
#3388=VERTEX_POINT('',#3387);
#3389=CARTESIAN_POINT('',(67.5,77.932943778,88.879850206));
#3390=DIRECTION('',(-0.,-0.923879533,-0.382683432));
#3391=VECTOR('',#3390,2.5);
#3392=LINE('',#3389,#3391);
#3393=EDGE_CURVE('',#3380,#3388,#3392,.T.);
#3394=ORIENTED_EDGE('',*,*,#3393,.T.);
#3395=CARTESIAN_POINT('',(65.,73.313546115,86.966433044));
#3396=VERTEX_POINT('',#3395);
#3397=CARTESIAN_POINT('',(65.,75.623244947,87.923141625));
#3398=DIRECTION('',(0.,0.382683432,-0.923879533));
#3399=DIRECTION('',(0.,0.923879533,0.382683432));
#3400=AXIS2_PLACEMENT_3D('',#3397,#3398,#3399);
#3401=CIRCLE('',#3400,2.5);
#3402=EDGE_CURVE('',#3388,#3396,#3401,.T.);
#3403=ORIENTED_EDGE('',*,*,#3402,.T.);
#3404=CARTESIAN_POINT('',(62.5,75.623244947,87.923141625));
#3405=VERTEX_POINT('',#3404);
#3406=CARTESIAN_POINT('',(65.,75.623244947,87.923141625));
#3407=DIRECTION('',(0.,0.382683432,-0.923879533));
#3408=DIRECTION('',(0.,0.923879533,0.382683432));
#3409=AXIS2_PLACEMENT_3D('',#3406,#3407,#3408);
#3410=CIRCLE('',#3409,2.5);
#3411=EDGE_CURVE('',#3396,#3405,#3410,.T.);
#3412=ORIENTED_EDGE('',*,*,#3411,.T.);
#3413=CARTESIAN_POINT('',(62.5,77.932943778,88.879850206));
#3414=VERTEX_POINT('',#3413);
#3415=CARTESIAN_POINT('',(62.5,77.932943778,88.879850206));
#3416=DIRECTION('',(-0.,-0.923879533,-0.382683432));
#3417=VECTOR('',#3416,2.5);
#3418=LINE('',#3415,#3417);
#3419=EDGE_CURVE('',#3414,#3405,#3418,.T.);
#3420=ORIENTED_EDGE('',*,*,#3419,.F.);
#3421=CARTESIAN_POINT('',(57.5,77.932943778,88.879850206));
#3422=VERTEX_POINT('',#3421);
#3423=CARTESIAN_POINT('',(62.5,77.932943778,88.879850206));
#3424=DIRECTION('',(-1.,0.,0.));
#3425=VECTOR('',#3424,5.);
#3426=LINE('',#3423,#3425);
#3427=EDGE_CURVE('',#3414,#3422,#3426,.T.);
#3428=ORIENTED_EDGE('',*,*,#3427,.T.);
#3429=CARTESIAN_POINT('',(57.5,75.623244947,87.923141625));
#3430=VERTEX_POINT('',#3429);
#3431=CARTESIAN_POINT('',(57.5,77.932943778,88.879850206));
#3432=DIRECTION('',(-0.,-0.923879533,-0.382683432));
#3433=VECTOR('',#3432,2.5);
#3434=LINE('',#3431,#3433);
#3435=EDGE_CURVE('',#3422,#3430,#3434,.T.);
#3436=ORIENTED_EDGE('',*,*,#3435,.T.);
#3437=CARTESIAN_POINT('',(52.5,75.623244947,87.923141625));
#3438=VERTEX_POINT('',#3437);
#3439=CARTESIAN_POINT('',(55.,75.623244947,87.923141625));
#3440=DIRECTION('',(0.,0.382683432,-0.923879533));
#3441=DIRECTION('',(0.,0.923879533,0.382683432));
#3442=AXIS2_PLACEMENT_3D('',#3439,#3440,#3441);
#3443=CIRCLE('',#3442,2.5);
#3444=EDGE_CURVE('',#3430,#3438,#3443,.T.);
#3445=ORIENTED_EDGE('',*,*,#3444,.T.);
#3446=CARTESIAN_POINT('',(52.5,77.932943778,88.879850206));
#3447=VERTEX_POINT('',#3446);
#3448=CARTESIAN_POINT('',(52.5,77.932943778,88.879850206));
#3449=DIRECTION('',(-0.,-0.923879533,-0.382683432));
#3450=VECTOR('',#3449,2.5);
#3451=LINE('',#3448,#3450);
#3452=EDGE_CURVE('',#3447,#3438,#3451,.T.);
#3453=ORIENTED_EDGE('',*,*,#3452,.F.);
#3454=CARTESIAN_POINT('',(47.5,77.932943778,88.879850206));
#3455=VERTEX_POINT('',#3454);
#3456=CARTESIAN_POINT('',(52.5,77.932943778,88.879850206));
#3457=DIRECTION('',(-1.,0.,0.));
#3458=VECTOR('',#3457,5.);
#3459=LINE('',#3456,#3458);
#3460=EDGE_CURVE('',#3447,#3455,#3459,.T.);
#3461=ORIENTED_EDGE('',*,*,#3460,.T.);
#3462=CARTESIAN_POINT('',(47.5,75.623244947,87.923141625));
#3463=VERTEX_POINT('',#3462);
#3464=CARTESIAN_POINT('',(47.5,77.932943778,88.879850206));
#3465=DIRECTION('',(-0.,-0.923879533,-0.382683432));
#3466=VECTOR('',#3465,2.5);
#3467=LINE('',#3464,#3466);
#3468=EDGE_CURVE('',#3455,#3463,#3467,.T.);
#3469=ORIENTED_EDGE('',*,*,#3468,.T.);
#3470=CARTESIAN_POINT('',(45.,73.313546115,86.966433044));
#3471=VERTEX_POINT('',#3470);
#3472=CARTESIAN_POINT('',(45.,75.623244947,87.923141625));
#3473=DIRECTION('',(0.,0.382683432,-0.923879533));
#3474=DIRECTION('',(0.,0.923879533,0.382683432));
#3475=AXIS2_PLACEMENT_3D('',#3472,#3473,#3474);
#3476=CIRCLE('',#3475,2.5);
#3477=EDGE_CURVE('',#3463,#3471,#3476,.T.);
#3478=ORIENTED_EDGE('',*,*,#3477,.T.);
#3479=CARTESIAN_POINT('',(42.5,75.623244947,87.923141625));
#3480=VERTEX_POINT('',#3479);
#3481=CARTESIAN_POINT('',(45.,75.623244947,87.923141625));
#3482=DIRECTION('',(0.,0.382683432,-0.923879533));
#3483=DIRECTION('',(0.,0.923879533,0.382683432));
#3484=AXIS2_PLACEMENT_3D('',#3481,#3482,#3483);
#3485=CIRCLE('',#3484,2.5);
#3486=EDGE_CURVE('',#3471,#3480,#3485,.T.);
#3487=ORIENTED_EDGE('',*,*,#3486,.T.);
#3488=CARTESIAN_POINT('',(42.5,77.932943778,88.879850206));
#3489=VERTEX_POINT('',#3488);
#3490=CARTESIAN_POINT('',(42.5,77.932943778,88.879850206));
#3491=DIRECTION('',(-0.,-0.923879533,-0.382683432));
#3492=VECTOR('',#3491,2.5);
#3493=LINE('',#3490,#3492);
#3494=EDGE_CURVE('',#3489,#3480,#3493,.T.);
#3495=ORIENTED_EDGE('',*,*,#3494,.F.);
#3496=CARTESIAN_POINT('',(37.5,77.932943778,88.879850206));
#3497=VERTEX_POINT('',#3496);
#3498=CARTESIAN_POINT('',(42.5,77.932943778,88.879850206));
#3499=DIRECTION('',(-1.,0.,0.));
#3500=VECTOR('',#3499,5.);
#3501=LINE('',#3498,#3500);
#3502=EDGE_CURVE('',#3489,#3497,#3501,.T.);
#3503=ORIENTED_EDGE('',*,*,#3502,.T.);
#3504=CARTESIAN_POINT('',(37.5,75.623244947,87.923141625));
#3505=VERTEX_POINT('',#3504);
#3506=CARTESIAN_POINT('',(37.5,77.932943778,88.879850206));
#3507=DIRECTION('',(-0.,-0.923879533,-0.382683432));
#3508=VECTOR('',#3507,2.5);
#3509=LINE('',#3506,#3508);
#3510=EDGE_CURVE('',#3497,#3505,#3509,.T.);
#3511=ORIENTED_EDGE('',*,*,#3510,.T.);
#3512=CARTESIAN_POINT('',(35.,73.313546115,86.966433044));
#3513=VERTEX_POINT('',#3512);
#3514=CARTESIAN_POINT('',(35.,75.623244947,87.923141625));
#3515=DIRECTION('',(0.,0.382683432,-0.923879533));
#3516=DIRECTION('',(0.,0.923879533,0.382683432));
#3517=AXIS2_PLACEMENT_3D('',#3514,#3515,#3516);
#3518=CIRCLE('',#3517,2.5);
#3519=EDGE_CURVE('',#3505,#3513,#3518,.T.);
#3520=ORIENTED_EDGE('',*,*,#3519,.T.);
#3521=CARTESIAN_POINT('',(32.5,75.623244947,87.923141625));
#3522=VERTEX_POINT('',#3521);
#3523=CARTESIAN_POINT('',(35.,75.623244947,87.923141625));
#3524=DIRECTION('',(0.,0.382683432,-0.923879533));
#3525=DIRECTION('',(0.,0.923879533,0.382683432));
#3526=AXIS2_PLACEMENT_3D('',#3523,#3524,#3525);
#3527=CIRCLE('',#3526,2.5);
#3528=EDGE_CURVE('',#3513,#3522,#3527,.T.);
#3529=ORIENTED_EDGE('',*,*,#3528,.T.);
#3530=CARTESIAN_POINT('',(32.5,77.932943778,88.879850206));
#3531=VERTEX_POINT('',#3530);
#3532=CARTESIAN_POINT('',(32.5,77.932943778,88.879850206));
#3533=DIRECTION('',(-0.,-0.923879533,-0.382683432));
#3534=VECTOR('',#3533,2.5);
#3535=LINE('',#3532,#3534);
#3536=EDGE_CURVE('',#3531,#3522,#3535,.T.);
#3537=ORIENTED_EDGE('',*,*,#3536,.F.);
#3538=CARTESIAN_POINT('',(27.5,77.932943778,88.879850206));
#3539=VERTEX_POINT('',#3538);
#3540=CARTESIAN_POINT('',(32.5,77.932943778,88.879850206));
#3541=DIRECTION('',(-1.,0.,0.));
#3542=VECTOR('',#3541,5.);
#3543=LINE('',#3540,#3542);
#3544=EDGE_CURVE('',#3531,#3539,#3543,.T.);
#3545=ORIENTED_EDGE('',*,*,#3544,.T.);
#3546=CARTESIAN_POINT('',(27.5,75.623244947,87.923141625));
#3547=VERTEX_POINT('',#3546);
#3548=CARTESIAN_POINT('',(27.5,77.932943778,88.879850206));
#3549=DIRECTION('',(-0.,-0.923879533,-0.382683432));
#3550=VECTOR('',#3549,2.5);
#3551=LINE('',#3548,#3550);
#3552=EDGE_CURVE('',#3539,#3547,#3551,.T.);
#3553=ORIENTED_EDGE('',*,*,#3552,.T.);
#3554=CARTESIAN_POINT('',(25.,73.313546115,86.966433044));
#3555=VERTEX_POINT('',#3554);
#3556=CARTESIAN_POINT('',(25.,75.623244947,87.923141625));
#3557=DIRECTION('',(0.,0.382683432,-0.923879533));
#3558=DIRECTION('',(0.,0.923879533,0.382683432));
#3559=AXIS2_PLACEMENT_3D('',#3556,#3557,#3558);
#3560=CIRCLE('',#3559,2.5);
#3561=EDGE_CURVE('',#3547,#3555,#3560,.T.);
#3562=ORIENTED_EDGE('',*,*,#3561,.T.);
#3563=CARTESIAN_POINT('',(22.5,75.623244947,87.923141625));
#3564=VERTEX_POINT('',#3563);
#3565=CARTESIAN_POINT('',(25.,75.623244947,87.923141625));
#3566=DIRECTION('',(0.,0.382683432,-0.923879533));
#3567=DIRECTION('',(0.,0.923879533,0.382683432));
#3568=AXIS2_PLACEMENT_3D('',#3565,#3566,#3567);
#3569=CIRCLE('',#3568,2.5);
#3570=EDGE_CURVE('',#3555,#3564,#3569,.T.);
#3571=ORIENTED_EDGE('',*,*,#3570,.T.);
#3572=CARTESIAN_POINT('',(22.5,77.932943778,88.879850206));
#3573=VERTEX_POINT('',#3572);
#3574=CARTESIAN_POINT('',(22.5,77.932943778,88.879850206));
#3575=DIRECTION('',(-0.,-0.923879533,-0.382683432));
#3576=VECTOR('',#3575,2.5);
#3577=LINE('',#3574,#3576);
#3578=EDGE_CURVE('',#3573,#3564,#3577,.T.);
#3579=ORIENTED_EDGE('',*,*,#3578,.F.);
#3580=CARTESIAN_POINT('',(17.5,77.932943778,88.879850206));
#3581=VERTEX_POINT('',#3580);
#3582=CARTESIAN_POINT('',(22.5,77.932943778,88.879850206));
#3583=DIRECTION('',(-1.,0.,0.));
#3584=VECTOR('',#3583,5.);
#3585=LINE('',#3582,#3584);
#3586=EDGE_CURVE('',#3573,#3581,#3585,.T.);
#3587=ORIENTED_EDGE('',*,*,#3586,.T.);
#3588=CARTESIAN_POINT('',(17.5,75.623244947,87.923141625));
#3589=VERTEX_POINT('',#3588);
#3590=CARTESIAN_POINT('',(17.5,77.932943778,88.879850206));
#3591=DIRECTION('',(-0.,-0.923879533,-0.382683432));
#3592=VECTOR('',#3591,2.5);
#3593=LINE('',#3590,#3592);
#3594=EDGE_CURVE('',#3581,#3589,#3593,.T.);
#3595=ORIENTED_EDGE('',*,*,#3594,.T.);
#3596=CARTESIAN_POINT('',(15.,73.313546115,86.966433044));
#3597=VERTEX_POINT('',#3596);
#3598=CARTESIAN_POINT('',(15.,75.623244947,87.923141625));
#3599=DIRECTION('',(0.,0.382683432,-0.923879533));
#3600=DIRECTION('',(0.,0.923879533,0.382683432));
#3601=AXIS2_PLACEMENT_3D('',#3598,#3599,#3600);
#3602=CIRCLE('',#3601,2.5);
#3603=EDGE_CURVE('',#3589,#3597,#3602,.T.);
#3604=ORIENTED_EDGE('',*,*,#3603,.T.);
#3605=CARTESIAN_POINT('',(12.5,75.623244947,87.923141625));
#3606=VERTEX_POINT('',#3605);
#3607=CARTESIAN_POINT('',(15.,75.623244947,87.923141625));
#3608=DIRECTION('',(0.,0.382683432,-0.923879533));
#3609=DIRECTION('',(0.,0.923879533,0.382683432));
#3610=AXIS2_PLACEMENT_3D('',#3607,#3608,#3609);
#3611=CIRCLE('',#3610,2.5);
#3612=EDGE_CURVE('',#3597,#3606,#3611,.T.);
#3613=ORIENTED_EDGE('',*,*,#3612,.T.);
#3614=CARTESIAN_POINT('',(12.5,77.932943778,88.879850206));
#3615=VERTEX_POINT('',#3614);
#3616=CARTESIAN_POINT('',(12.5,77.932943778,88.879850206));
#3617=DIRECTION('',(-0.,-0.923879533,-0.382683432));
#3618=VECTOR('',#3617,2.5);
#3619=LINE('',#3616,#3618);
#3620=EDGE_CURVE('',#3615,#3606,#3619,.T.);
#3621=ORIENTED_EDGE('',*,*,#3620,.F.);
#3622=CARTESIAN_POINT('',(7.5,77.932943778,88.879850206));
#3623=VERTEX_POINT('',#3622);
#3624=CARTESIAN_POINT('',(12.5,77.932943778,88.879850206));
#3625=DIRECTION('',(-1.,0.,0.));
#3626=VECTOR('',#3625,5.);
#3627=LINE('',#3624,#3626);
#3628=EDGE_CURVE('',#3615,#3623,#3627,.T.);
#3629=ORIENTED_EDGE('',*,*,#3628,.T.);
#3630=CARTESIAN_POINT('',(7.5,75.623244947,87.923141625));
#3631=VERTEX_POINT('',#3630);
#3632=CARTESIAN_POINT('',(7.5,77.932943778,88.879850206));
#3633=DIRECTION('',(-0.,-0.923879533,-0.382683432));
#3634=VECTOR('',#3633,2.5);
#3635=LINE('',#3632,#3634);
#3636=EDGE_CURVE('',#3623,#3631,#3635,.T.);
#3637=ORIENTED_EDGE('',*,*,#3636,.T.);
#3638=CARTESIAN_POINT('',(5.,73.313546115,86.966433044));
#3639=VERTEX_POINT('',#3638);
#3640=CARTESIAN_POINT('',(5.,75.623244947,87.923141625));
#3641=DIRECTION('',(0.,0.382683432,-0.923879533));
#3642=DIRECTION('',(0.,0.923879533,0.382683432));
#3643=AXIS2_PLACEMENT_3D('',#3640,#3641,#3642);
#3644=CIRCLE('',#3643,2.5);
#3645=EDGE_CURVE('',#3631,#3639,#3644,.T.);
#3646=ORIENTED_EDGE('',*,*,#3645,.T.);
#3647=CARTESIAN_POINT('',(2.5,75.623244947,87.923141625));
#3648=VERTEX_POINT('',#3647);
#3649=CARTESIAN_POINT('',(5.,75.623244947,87.923141625));
#3650=DIRECTION('',(0.,0.382683432,-0.923879533));
#3651=DIRECTION('',(0.,0.923879533,0.382683432));
#3652=AXIS2_PLACEMENT_3D('',#3649,#3650,#3651);
#3653=CIRCLE('',#3652,2.5);
#3654=EDGE_CURVE('',#3639,#3648,#3653,.T.);
#3655=ORIENTED_EDGE('',*,*,#3654,.T.);
#3656=CARTESIAN_POINT('',(2.5,77.932943778,88.879850206));
#3657=VERTEX_POINT('',#3656);
#3658=CARTESIAN_POINT('',(2.5,77.932943778,88.879850206));
#3659=DIRECTION('',(-0.,-0.923879533,-0.382683432));
#3660=VECTOR('',#3659,2.5);
#3661=LINE('',#3658,#3660);
#3662=EDGE_CURVE('',#3657,#3648,#3661,.T.);
#3663=ORIENTED_EDGE('',*,*,#3662,.F.);
#3664=CARTESIAN_POINT('',(-2.5,77.932943778,88.879850206));
#3665=VERTEX_POINT('',#3664);
#3666=CARTESIAN_POINT('',(2.5,77.932943778,88.879850206));
#3667=DIRECTION('',(-1.,0.,0.));
#3668=VECTOR('',#3667,5.);
#3669=LINE('',#3666,#3668);
#3670=EDGE_CURVE('',#3657,#3665,#3669,.T.);
#3671=ORIENTED_EDGE('',*,*,#3670,.T.);
#3672=CARTESIAN_POINT('',(-2.5,75.623244947,87.923141625));
#3673=VERTEX_POINT('',#3672);
#3674=CARTESIAN_POINT('',(-2.5,77.932943778,88.879850206));
#3675=DIRECTION('',(-0.,-0.923879533,-0.382683432));
#3676=VECTOR('',#3675,2.5);
#3677=LINE('',#3674,#3676);
#3678=EDGE_CURVE('',#3665,#3673,#3677,.T.);
#3679=ORIENTED_EDGE('',*,*,#3678,.T.);
#3680=CARTESIAN_POINT('',(-7.5,75.623244947,87.923141625));
#3681=VERTEX_POINT('',#3680);
#3682=CARTESIAN_POINT('',(-5.,75.623244947,87.923141625));
#3683=DIRECTION('',(0.,0.382683432,-0.923879533));
#3684=DIRECTION('',(0.,0.923879533,0.382683432));
#3685=AXIS2_PLACEMENT_3D('',#3682,#3683,#3684);
#3686=CIRCLE('',#3685,2.5);
#3687=EDGE_CURVE('',#3673,#3681,#3686,.T.);
#3688=ORIENTED_EDGE('',*,*,#3687,.T.);
#3689=CARTESIAN_POINT('',(-7.5,77.932943778,88.879850206));
#3690=VERTEX_POINT('',#3689);
#3691=CARTESIAN_POINT('',(-7.5,77.932943778,88.879850206));
#3692=DIRECTION('',(-0.,-0.923879533,-0.382683432));
#3693=VECTOR('',#3692,2.5);
#3694=LINE('',#3691,#3693);
#3695=EDGE_CURVE('',#3690,#3681,#3694,.T.);
#3696=ORIENTED_EDGE('',*,*,#3695,.F.);
#3697=CARTESIAN_POINT('',(-12.5,77.932943778,88.879850206));
#3698=VERTEX_POINT('',#3697);
#3699=CARTESIAN_POINT('',(-7.5,77.932943778,88.879850206));
#3700=DIRECTION('',(-1.,0.,0.));
#3701=VECTOR('',#3700,5.);
#3702=LINE('',#3699,#3701);
#3703=EDGE_CURVE('',#3690,#3698,#3702,.T.);
#3704=ORIENTED_EDGE('',*,*,#3703,.T.);
#3705=CARTESIAN_POINT('',(-12.5,75.623244947,87.923141625));
#3706=VERTEX_POINT('',#3705);
#3707=CARTESIAN_POINT('',(-12.5,77.932943778,88.879850206));
#3708=DIRECTION('',(-0.,-0.923879533,-0.382683432));
#3709=VECTOR('',#3708,2.5);
#3710=LINE('',#3707,#3709);
#3711=EDGE_CURVE('',#3698,#3706,#3710,.T.);
#3712=ORIENTED_EDGE('',*,*,#3711,.T.);
#3713=CARTESIAN_POINT('',(-17.5,75.623244947,87.923141625));
#3714=VERTEX_POINT('',#3713);
#3715=CARTESIAN_POINT('',(-15.,75.623244947,87.923141625));
#3716=DIRECTION('',(0.,0.382683432,-0.923879533));
#3717=DIRECTION('',(0.,0.923879533,0.382683432));
#3718=AXIS2_PLACEMENT_3D('',#3715,#3716,#3717);
#3719=CIRCLE('',#3718,2.5);
#3720=EDGE_CURVE('',#3706,#3714,#3719,.T.);
#3721=ORIENTED_EDGE('',*,*,#3720,.T.);
#3722=CARTESIAN_POINT('',(-17.5,77.932943778,88.879850206));
#3723=VERTEX_POINT('',#3722);
#3724=CARTESIAN_POINT('',(-17.5,77.932943778,88.879850206));
#3725=DIRECTION('',(-0.,-0.923879533,-0.382683432));
#3726=VECTOR('',#3725,2.5);
#3727=LINE('',#3724,#3726);
#3728=EDGE_CURVE('',#3723,#3714,#3727,.T.);
#3729=ORIENTED_EDGE('',*,*,#3728,.F.);
#3730=CARTESIAN_POINT('',(-22.5,77.932943778,88.879850206));
#3731=VERTEX_POINT('',#3730);
#3732=CARTESIAN_POINT('',(-17.5,77.932943778,88.879850206));
#3733=DIRECTION('',(-1.,0.,0.));
#3734=VECTOR('',#3733,5.);
#3735=LINE('',#3732,#3734);
#3736=EDGE_CURVE('',#3723,#3731,#3735,.T.);
#3737=ORIENTED_EDGE('',*,*,#3736,.T.);
#3738=CARTESIAN_POINT('',(-22.5,75.623244947,87.923141625));
#3739=VERTEX_POINT('',#3738);
#3740=CARTESIAN_POINT('',(-22.5,77.932943778,88.879850206));
#3741=DIRECTION('',(-0.,-0.923879533,-0.382683432));
#3742=VECTOR('',#3741,2.5);
#3743=LINE('',#3740,#3742);
#3744=EDGE_CURVE('',#3731,#3739,#3743,.T.);
#3745=ORIENTED_EDGE('',*,*,#3744,.T.);
#3746=CARTESIAN_POINT('',(-25.,73.313546115,86.966433044));
#3747=VERTEX_POINT('',#3746);
#3748=CARTESIAN_POINT('',(-25.,75.623244947,87.923141625));
#3749=DIRECTION('',(0.,0.382683432,-0.923879533));
#3750=DIRECTION('',(0.,0.923879533,0.382683432));
#3751=AXIS2_PLACEMENT_3D('',#3748,#3749,#3750);
#3752=CIRCLE('',#3751,2.5);
#3753=EDGE_CURVE('',#3739,#3747,#3752,.T.);
#3754=ORIENTED_EDGE('',*,*,#3753,.T.);
#3755=CARTESIAN_POINT('',(-27.5,75.623244947,87.923141625));
#3756=VERTEX_POINT('',#3755);
#3757=CARTESIAN_POINT('',(-25.,75.623244947,87.923141625));
#3758=DIRECTION('',(0.,0.382683432,-0.923879533));
#3759=DIRECTION('',(0.,0.923879533,0.382683432));
#3760=AXIS2_PLACEMENT_3D('',#3757,#3758,#3759);
#3761=CIRCLE('',#3760,2.5);
#3762=EDGE_CURVE('',#3747,#3756,#3761,.T.);
#3763=ORIENTED_EDGE('',*,*,#3762,.T.);
#3764=CARTESIAN_POINT('',(-27.5,77.932943778,88.879850206));
#3765=VERTEX_POINT('',#3764);
#3766=CARTESIAN_POINT('',(-27.5,77.932943778,88.879850206));
#3767=DIRECTION('',(-0.,-0.923879533,-0.382683432));
#3768=VECTOR('',#3767,2.5);
#3769=LINE('',#3766,#3768);
#3770=EDGE_CURVE('',#3765,#3756,#3769,.T.);
#3771=ORIENTED_EDGE('',*,*,#3770,.F.);
#3772=CARTESIAN_POINT('',(-32.5,77.932943778,88.879850206));
#3773=VERTEX_POINT('',#3772);
#3774=CARTESIAN_POINT('',(-27.5,77.932943778,88.879850206));
#3775=DIRECTION('',(-1.,0.,0.));
#3776=VECTOR('',#3775,5.);
#3777=LINE('',#3774,#3776);
#3778=EDGE_CURVE('',#3765,#3773,#3777,.T.);
#3779=ORIENTED_EDGE('',*,*,#3778,.T.);
#3780=CARTESIAN_POINT('',(-32.5,75.623244947,87.923141625));
#3781=VERTEX_POINT('',#3780);
#3782=CARTESIAN_POINT('',(-32.5,77.932943778,88.879850206));
#3783=DIRECTION('',(-0.,-0.923879533,-0.382683432));
#3784=VECTOR('',#3783,2.5);
#3785=LINE('',#3782,#3784);
#3786=EDGE_CURVE('',#3773,#3781,#3785,.T.);
#3787=ORIENTED_EDGE('',*,*,#3786,.T.);
#3788=CARTESIAN_POINT('',(-35.,73.313546115,86.966433044));
#3789=VERTEX_POINT('',#3788);
#3790=CARTESIAN_POINT('',(-35.,75.623244947,87.923141625));
#3791=DIRECTION('',(0.,0.382683432,-0.923879533));
#3792=DIRECTION('',(0.,0.923879533,0.382683432));
#3793=AXIS2_PLACEMENT_3D('',#3790,#3791,#3792);
#3794=CIRCLE('',#3793,2.5);
#3795=EDGE_CURVE('',#3781,#3789,#3794,.T.);
#3796=ORIENTED_EDGE('',*,*,#3795,.T.);
#3797=CARTESIAN_POINT('',(-37.5,75.623244947,87.923141625));
#3798=VERTEX_POINT('',#3797);
#3799=CARTESIAN_POINT('',(-35.,75.623244947,87.923141625));
#3800=DIRECTION('',(0.,0.382683432,-0.923879533));
#3801=DIRECTION('',(0.,0.923879533,0.382683432));
#3802=AXIS2_PLACEMENT_3D('',#3799,#3800,#3801);
#3803=CIRCLE('',#3802,2.5);
#3804=EDGE_CURVE('',#3789,#3798,#3803,.T.);
#3805=ORIENTED_EDGE('',*,*,#3804,.T.);
#3806=CARTESIAN_POINT('',(-37.5,77.932943778,88.879850206));
#3807=VERTEX_POINT('',#3806);
#3808=CARTESIAN_POINT('',(-37.5,77.932943778,88.879850206));
#3809=DIRECTION('',(-0.,-0.923879533,-0.382683432));
#3810=VECTOR('',#3809,2.5);
#3811=LINE('',#3808,#3810);
#3812=EDGE_CURVE('',#3807,#3798,#3811,.T.);
#3813=ORIENTED_EDGE('',*,*,#3812,.F.);
#3814=CARTESIAN_POINT('',(-42.5,77.932943778,88.879850206));
#3815=VERTEX_POINT('',#3814);
#3816=CARTESIAN_POINT('',(-37.5,77.932943778,88.879850206));
#3817=DIRECTION('',(-1.,0.,0.));
#3818=VECTOR('',#3817,5.);
#3819=LINE('',#3816,#3818);
#3820=EDGE_CURVE('',#3807,#3815,#3819,.T.);
#3821=ORIENTED_EDGE('',*,*,#3820,.T.);
#3822=CARTESIAN_POINT('',(-42.5,75.623244947,87.923141625));
#3823=VERTEX_POINT('',#3822);
#3824=CARTESIAN_POINT('',(-42.5,77.932943778,88.879850206));
#3825=DIRECTION('',(-0.,-0.923879533,-0.382683432));
#3826=VECTOR('',#3825,2.5);
#3827=LINE('',#3824,#3826);
#3828=EDGE_CURVE('',#3815,#3823,#3827,.T.);
#3829=ORIENTED_EDGE('',*,*,#3828,.T.);
#3830=CARTESIAN_POINT('',(-47.5,75.623244947,87.923141625));
#3831=VERTEX_POINT('',#3830);
#3832=CARTESIAN_POINT('',(-45.,75.623244947,87.923141625));
#3833=DIRECTION('',(0.,0.382683432,-0.923879533));
#3834=DIRECTION('',(0.,0.923879533,0.382683432));
#3835=AXIS2_PLACEMENT_3D('',#3832,#3833,#3834);
#3836=CIRCLE('',#3835,2.5);
#3837=EDGE_CURVE('',#3823,#3831,#3836,.T.);
#3838=ORIENTED_EDGE('',*,*,#3837,.T.);
#3839=CARTESIAN_POINT('',(-47.5,77.932943778,88.879850206));
#3840=VERTEX_POINT('',#3839);
#3841=CARTESIAN_POINT('',(-47.5,77.932943778,88.879850206));
#3842=DIRECTION('',(-0.,-0.923879533,-0.382683432));
#3843=VECTOR('',#3842,2.5);
#3844=LINE('',#3841,#3843);
#3845=EDGE_CURVE('',#3840,#3831,#3844,.T.);
#3846=ORIENTED_EDGE('',*,*,#3845,.F.);
#3847=CARTESIAN_POINT('',(-52.5,77.932943778,88.879850206));
#3848=VERTEX_POINT('',#3847);
#3849=CARTESIAN_POINT('',(-47.5,77.932943778,88.879850206));
#3850=DIRECTION('',(-1.,0.,0.));
#3851=VECTOR('',#3850,5.);
#3852=LINE('',#3849,#3851);
#3853=EDGE_CURVE('',#3840,#3848,#3852,.T.);
#3854=ORIENTED_EDGE('',*,*,#3853,.T.);
#3855=CARTESIAN_POINT('',(-52.5,75.623244947,87.923141625));
#3856=VERTEX_POINT('',#3855);
#3857=CARTESIAN_POINT('',(-52.5,77.932943778,88.879850206));
#3858=DIRECTION('',(-0.,-0.923879533,-0.382683432));
#3859=VECTOR('',#3858,2.5);
#3860=LINE('',#3857,#3859);
#3861=EDGE_CURVE('',#3848,#3856,#3860,.T.);
#3862=ORIENTED_EDGE('',*,*,#3861,.T.);
#3863=CARTESIAN_POINT('',(-55.,73.313546115,86.966433044));
#3864=VERTEX_POINT('',#3863);
#3865=CARTESIAN_POINT('',(-55.,75.623244947,87.923141625));
#3866=DIRECTION('',(0.,0.382683432,-0.923879533));
#3867=DIRECTION('',(0.,0.923879533,0.382683432));
#3868=AXIS2_PLACEMENT_3D('',#3865,#3866,#3867);
#3869=CIRCLE('',#3868,2.5);
#3870=EDGE_CURVE('',#3856,#3864,#3869,.T.);
#3871=ORIENTED_EDGE('',*,*,#3870,.T.);
#3872=CARTESIAN_POINT('',(-57.5,75.623244947,87.923141625));
#3873=VERTEX_POINT('',#3872);
#3874=CARTESIAN_POINT('',(-55.,75.623244947,87.923141625));
#3875=DIRECTION('',(0.,0.382683432,-0.923879533));
#3876=DIRECTION('',(0.,0.923879533,0.382683432));
#3877=AXIS2_PLACEMENT_3D('',#3874,#3875,#3876);
#3878=CIRCLE('',#3877,2.5);
#3879=EDGE_CURVE('',#3864,#3873,#3878,.T.);
#3880=ORIENTED_EDGE('',*,*,#3879,.T.);
#3881=CARTESIAN_POINT('',(-57.5,77.932943778,88.879850206));
#3882=VERTEX_POINT('',#3881);
#3883=CARTESIAN_POINT('',(-57.5,77.932943778,88.879850206));
#3884=DIRECTION('',(-0.,-0.923879533,-0.382683432));
#3885=VECTOR('',#3884,2.5);
#3886=LINE('',#3883,#3885);
#3887=EDGE_CURVE('',#3882,#3873,#3886,.T.);
#3888=ORIENTED_EDGE('',*,*,#3887,.F.);
#3889=CARTESIAN_POINT('',(-62.5,77.932943778,88.879850206));
#3890=VERTEX_POINT('',#3889);
#3891=CARTESIAN_POINT('',(-57.5,77.932943778,88.879850206));
#3892=DIRECTION('',(-1.,0.,0.));
#3893=VECTOR('',#3892,5.);
#3894=LINE('',#3891,#3893);
#3895=EDGE_CURVE('',#3882,#3890,#3894,.T.);
#3896=ORIENTED_EDGE('',*,*,#3895,.T.);
#3897=CARTESIAN_POINT('',(-62.5,75.623244947,87.923141625));
#3898=VERTEX_POINT('',#3897);
#3899=CARTESIAN_POINT('',(-62.5,77.932943778,88.879850206));
#3900=DIRECTION('',(-0.,-0.923879533,-0.382683432));
#3901=VECTOR('',#3900,2.5);
#3902=LINE('',#3899,#3901);
#3903=EDGE_CURVE('',#3890,#3898,#3902,.T.);
#3904=ORIENTED_EDGE('',*,*,#3903,.T.);
#3905=CARTESIAN_POINT('',(-67.5,75.623244947,87.923141625));
#3906=VERTEX_POINT('',#3905);
#3907=CARTESIAN_POINT('',(-65.,75.623244947,87.923141625));
#3908=DIRECTION('',(0.,0.382683432,-0.923879533));
#3909=DIRECTION('',(0.,0.923879533,0.382683432));
#3910=AXIS2_PLACEMENT_3D('',#3907,#3908,#3909);
#3911=CIRCLE('',#3910,2.5);
#3912=EDGE_CURVE('',#3898,#3906,#3911,.T.);
#3913=ORIENTED_EDGE('',*,*,#3912,.T.);
#3914=CARTESIAN_POINT('',(-67.5,77.932943778,88.879850206));
#3915=VERTEX_POINT('',#3914);
#3916=CARTESIAN_POINT('',(-67.5,77.932943778,88.879850206));
#3917=DIRECTION('',(-0.,-0.923879533,-0.382683432));
#3918=VECTOR('',#3917,2.5);
#3919=LINE('',#3916,#3918);
#3920=EDGE_CURVE('',#3915,#3906,#3919,.T.);
#3921=ORIENTED_EDGE('',*,*,#3920,.F.);
#3922=CARTESIAN_POINT('',(-72.5,77.932943778,88.879850206));
#3923=VERTEX_POINT('',#3922);
#3924=CARTESIAN_POINT('',(-67.5,77.932943778,88.879850206));
#3925=DIRECTION('',(-1.,0.,0.));
#3926=VECTOR('',#3925,5.);
#3927=LINE('',#3924,#3926);
#3928=EDGE_CURVE('',#3915,#3923,#3927,.T.);
#3929=ORIENTED_EDGE('',*,*,#3928,.T.);
#3930=CARTESIAN_POINT('',(-72.5,75.623244947,87.923141625));
#3931=VERTEX_POINT('',#3930);
#3932=CARTESIAN_POINT('',(-72.5,77.932943778,88.879850206));
#3933=DIRECTION('',(-0.,-0.923879533,-0.382683432));
#3934=VECTOR('',#3933,2.5);
#3935=LINE('',#3932,#3934);
#3936=EDGE_CURVE('',#3923,#3931,#3935,.T.);
#3937=ORIENTED_EDGE('',*,*,#3936,.T.);
#3938=CARTESIAN_POINT('',(-77.5,75.623244947,87.923141625));
#3939=VERTEX_POINT('',#3938);
#3940=CARTESIAN_POINT('',(-75.,75.623244947,87.923141625));
#3941=DIRECTION('',(0.,0.382683432,-0.923879533));
#3942=DIRECTION('',(0.,0.923879533,0.382683432));
#3943=AXIS2_PLACEMENT_3D('',#3940,#3941,#3942);
#3944=CIRCLE('',#3943,2.5);
#3945=EDGE_CURVE('',#3931,#3939,#3944,.T.);
#3946=ORIENTED_EDGE('',*,*,#3945,.T.);
#3947=CARTESIAN_POINT('',(-77.5,77.932943778,88.879850206));
#3948=VERTEX_POINT('',#3947);
#3949=CARTESIAN_POINT('',(-77.5,77.932943778,88.879850206));
#3950=DIRECTION('',(-0.,-0.923879533,-0.382683432));
#3951=VECTOR('',#3950,2.5);
#3952=LINE('',#3949,#3951);
#3953=EDGE_CURVE('',#3948,#3939,#3952,.T.);
#3954=ORIENTED_EDGE('',*,*,#3953,.F.);
#3955=CARTESIAN_POINT('',(-82.5,77.932943778,88.879850206));
#3956=VERTEX_POINT('',#3955);
#3957=CARTESIAN_POINT('',(-77.5,77.932943778,88.879850206));
#3958=DIRECTION('',(-1.,0.,0.));
#3959=VECTOR('',#3958,5.);
#3960=LINE('',#3957,#3959);
#3961=EDGE_CURVE('',#3948,#3956,#3960,.T.);
#3962=ORIENTED_EDGE('',*,*,#3961,.T.);
#3963=CARTESIAN_POINT('',(-82.5,75.623244947,87.923141625));
#3964=VERTEX_POINT('',#3963);
#3965=CARTESIAN_POINT('',(-82.5,77.932943778,88.879850206));
#3966=DIRECTION('',(-0.,-0.923879533,-0.382683432));
#3967=VECTOR('',#3966,2.5);
#3968=LINE('',#3965,#3967);
#3969=EDGE_CURVE('',#3956,#3964,#3968,.T.);
#3970=ORIENTED_EDGE('',*,*,#3969,.T.);
#3971=CARTESIAN_POINT('',(-87.5,75.623244947,87.923141625));
#3972=VERTEX_POINT('',#3971);
#3973=CARTESIAN_POINT('',(-85.,75.623244947,87.923141625));
#3974=DIRECTION('',(0.,0.382683432,-0.923879533));
#3975=DIRECTION('',(0.,0.923879533,0.382683432));
#3976=AXIS2_PLACEMENT_3D('',#3973,#3974,#3975);
#3977=CIRCLE('',#3976,2.5);
#3978=EDGE_CURVE('',#3964,#3972,#3977,.T.);
#3979=ORIENTED_EDGE('',*,*,#3978,.T.);
#3980=CARTESIAN_POINT('',(-87.5,77.932943778,88.879850206));
#3981=VERTEX_POINT('',#3980);
#3982=CARTESIAN_POINT('',(-87.5,77.932943778,88.879850206));
#3983=DIRECTION('',(-0.,-0.923879533,-0.382683432));
#3984=VECTOR('',#3983,2.5);
#3985=LINE('',#3982,#3984);
#3986=EDGE_CURVE('',#3981,#3972,#3985,.T.);
#3987=ORIENTED_EDGE('',*,*,#3986,.F.);
#3988=CARTESIAN_POINT('',(-92.5,77.932943778,88.879850206));
#3989=VERTEX_POINT('',#3988);
#3990=CARTESIAN_POINT('',(-87.5,77.932943778,88.879850206));
#3991=DIRECTION('',(-1.,0.,0.));
#3992=VECTOR('',#3991,5.);
#3993=LINE('',#3990,#3992);
#3994=EDGE_CURVE('',#3981,#3989,#3993,.T.);
#3995=ORIENTED_EDGE('',*,*,#3994,.T.);
#3996=CARTESIAN_POINT('',(-92.5,75.623244947,87.923141625));
#3997=VERTEX_POINT('',#3996);
#3998=CARTESIAN_POINT('',(-92.5,77.932943778,88.879850206));
#3999=DIRECTION('',(-0.,-0.923879533,-0.382683432));
#4000=VECTOR('',#3999,2.5);
#4001=LINE('',#3998,#4000);
#4002=EDGE_CURVE('',#3989,#3997,#4001,.T.);
#4003=ORIENTED_EDGE('',*,*,#4002,.T.);
#4004=CARTESIAN_POINT('',(-95.,73.313546115,86.966433044));
#4005=VERTEX_POINT('',#4004);
#4006=CARTESIAN_POINT('',(-95.,75.623244947,87.923141625));
#4007=DIRECTION('',(0.,0.382683432,-0.923879533));
#4008=DIRECTION('',(0.,0.923879533,0.382683432));
#4009=AXIS2_PLACEMENT_3D('',#4006,#4007,#4008);
#4010=CIRCLE('',#4009,2.5);
#4011=EDGE_CURVE('',#3997,#4005,#4010,.T.);
#4012=ORIENTED_EDGE('',*,*,#4011,.T.);
#4013=CARTESIAN_POINT('',(-97.5,75.623244947,87.923141625));
#4014=VERTEX_POINT('',#4013);
#4015=CARTESIAN_POINT('',(-95.,75.623244947,87.923141625));
#4016=DIRECTION('',(0.,0.382683432,-0.923879533));
#4017=DIRECTION('',(0.,0.923879533,0.382683432));
#4018=AXIS2_PLACEMENT_3D('',#4015,#4016,#4017);
#4019=CIRCLE('',#4018,2.5);
#4020=EDGE_CURVE('',#4005,#4014,#4019,.T.);
#4021=ORIENTED_EDGE('',*,*,#4020,.T.);
#4022=CARTESIAN_POINT('',(-97.5,77.932943778,88.879850206));
#4023=VERTEX_POINT('',#4022);
#4024=CARTESIAN_POINT('',(-97.5,77.932943778,88.879850206));
#4025=DIRECTION('',(-0.,-0.923879533,-0.382683432));
#4026=VECTOR('',#4025,2.5);
#4027=LINE('',#4024,#4026);
#4028=EDGE_CURVE('',#4023,#4014,#4027,.T.);
#4029=ORIENTED_EDGE('',*,*,#4028,.F.);
#4030=CARTESIAN_POINT('',(-102.5,77.932943778,88.879850206));
#4031=VERTEX_POINT('',#4030);
#4032=CARTESIAN_POINT('',(-97.5,77.932943778,88.879850206));
#4033=DIRECTION('',(-1.,0.,0.));
#4034=VECTOR('',#4033,5.);
#4035=LINE('',#4032,#4034);
#4036=EDGE_CURVE('',#4023,#4031,#4035,.T.);
#4037=ORIENTED_EDGE('',*,*,#4036,.T.);
#4038=CARTESIAN_POINT('',(-102.5,75.623244947,87.923141625));
#4039=VERTEX_POINT('',#4038);
#4040=CARTESIAN_POINT('',(-102.5,77.932943778,88.879850206));
#4041=DIRECTION('',(-0.,-0.923879533,-0.382683432));
#4042=VECTOR('',#4041,2.5);
#4043=LINE('',#4040,#4042);
#4044=EDGE_CURVE('',#4031,#4039,#4043,.T.);
#4045=ORIENTED_EDGE('',*,*,#4044,.T.);
#4046=CARTESIAN_POINT('',(-105.,75.623244947,87.923141625));
#4047=DIRECTION('',(0.,0.382683432,-0.923879533));
#4048=DIRECTION('',(0.,0.923879533,0.382683432));
#4049=AXIS2_PLACEMENT_3D('',#4046,#4047,#4048);
#4050=CIRCLE('',#4049,2.5);
#4051=EDGE_CURVE('',#4039,#146,#4050,.T.);
#4052=ORIENTED_EDGE('',*,*,#4051,.T.);
#4053=ORIENTED_EDGE('',*,*,#151,.F.);
#4054=CARTESIAN_POINT('',(-107.5,77.932943778,88.879850206));
#4055=DIRECTION('',(-1.,0.,0.));
#4056=VECTOR('',#4055,5.);
#4057=LINE('',#4054,#4056);
#4058=EDGE_CURVE('',#137,#213,#4057,.T.);
#4059=ORIENTED_EDGE('',*,*,#4058,.T.);
#4060=ORIENTED_EDGE('',*,*,#218,.T.);
#4061=CARTESIAN_POINT('',(112.5,-102.700749763,14.05892452));
#4062=DIRECTION('',(-1.,0.,0.));
#4063=VECTOR('',#4062,225.);
#4064=LINE('',#4061,#4063);
#4065=EDGE_CURVE('',#3088,#204,#4064,.T.);
#4066=ORIENTED_EDGE('',*,*,#4065,.F.);
#4067=ORIENTED_EDGE('',*,*,#3093,.F.);
#4068=EDGE_LOOP('',(#3243,#3244,#3253,#3262,#3270,#3278,#3286,#3295,#3303,#3311,#3319,#3328,#3336,#3344,#3352,#3361,#3370,#3378,#3386,#3394,#3403,#3412,#3420,#3428,#3436,#3445,
#3453,#3461,#3469,#3478,#3487,#3495,#3503,#3511,#3520,#3529,#3537,#3545,#3553,#3562,#3571,#3579,#3587,#3595,#3604,#3613,#3621,#3629,#3637,#3646,#3655,
#3663,#3671,#3679,#3688,#3696,#3704,#3712,#3721,#3729,#3737,#3745,#3754,#3763,#3771,#3779,#3787,#3796,#3805,#3813,#3821,#3829,#3838,#3846,#3854,#3862,
#3871,#3880,#3888,#3896,#3904,#3913,#3921,#3929,#3937,#3946,#3954,#3962,#3970,#3979,#3987,#3995,#4003,#4012,#4021,#4029,#4037,#4045,#4052,#4053,#4059,
#4060,#4066,#4067));
#4069=FACE_BOUND('',#4068,.T.);
#4070=ADVANCED_FACE('',(#4069),#3242,.F.);
#4071=CARTESIAN_POINT('',(112.5,-103.657458344,16.368623351));
#4072=DIRECTION('',(-1.,0.,0.));
#4073=DIRECTION('',(-0.,-1.,0.));
#4074=AXIS2_PLACEMENT_3D('',#4071,#4072,#4073);
#4075=CYLINDRICAL_SURFACE('',#4074,2.5);
#4076=CARTESIAN_POINT('',(112.140572874,-105.967157176,15.41191477));
#4077=VERTEX_POINT('',#4076);
#4078=CARTESIAN_POINT('',(-112.140572874,-105.967157176,15.41191477));
#4079=VERTEX_POINT('',#4078);
#4080=CARTESIAN_POINT('',(112.140572874,-105.967157176,15.41191477));
#4081=DIRECTION('',(-1.,0.,0.));
#4082=VECTOR('',#4081,224.281145748);
#4083=LINE('',#4080,#4082);
#4084=EDGE_CURVE('',#4077,#4079,#4083,.T.);
#4085=ORIENTED_EDGE('',*,*,#4084,.F.);
#4086=CARTESIAN_POINT('',(112.140572874,-105.967157176,15.41191477));
#4087=CARTESIAN_POINT('',(112.205773165,-105.910788701,15.275829234));
#4088=CARTESIAN_POINT('',(112.261461215,-105.841963541,15.143451528));
#4089=CARTESIAN_POINT('',(112.308276711,-105.759691837,15.015621377));
#4090=CARTESIAN_POINT('',(112.355092207,-105.677420133,14.887791227));
#4091=CARTESIAN_POINT('',(112.393267791,-105.580255374,14.763182517));
#4092=CARTESIAN_POINT('',(112.421908598,-105.472415678,14.64934156));
#4093=CARTESIAN_POINT('',(112.450549405,-105.364575981,14.535500602));
#4094=CARTESIAN_POINT('',(112.470122018,-105.245986238,14.431594257));
#4095=CARTESIAN_POINT('',(112.482537363,-105.116299395,14.338405927));
#4096=CARTESIAN_POINT('',(112.494952707,-104.986612551,14.245217596));
#4097=CARTESIAN_POINT('',(112.5,-104.846859329,14.163788468));
#4098=CARTESIAN_POINT('',(112.5,-104.700395666,14.096557827));
#4099=B_SPLINE_CURVE_WITH_KNOTS('',3,(#4086,#4087,#4088,#4089,#4090,#4091,#4092,#4093,#4094,#4095,#4096,#4097,#4098),.UNSPECIFIED.,.F.,.F.,(4,3,3,3,4),(0.,0.000476782,0.000953564,0.001430346,0.001907128),.UNSPECIFIED.);
#4100=EDGE_CURVE('',#4077,#3096,#4099,.T.);
#4101=ORIENTED_EDGE('',*,*,#4100,.T.);
#4102=ORIENTED_EDGE('',*,*,#3102,.F.);
#4103=ORIENTED_EDGE('',*,*,#4065,.T.);
#4104=ORIENTED_EDGE('',*,*,#210,.T.);
#4105=CARTESIAN_POINT('',(-112.5,-104.700395666,14.096557827));
#4106=CARTESIAN_POINT('',(-112.5,-104.846816512,14.163768814));
#4107=CARTESIAN_POINT('',(-112.495040533,-104.984357979,14.243889953));
#4108=CARTESIAN_POINT('',(-112.482823784,-105.113292104,14.33624837));
#4109=CARTESIAN_POINT('',(-112.470607034,-105.242226229,14.428606786));
#4110=CARTESIAN_POINT('',(-112.45071311,-105.36374019,14.534722711));
#4111=CARTESIAN_POINT('',(-112.422116712,-105.471631282,14.648513891));
#4112=CARTESIAN_POINT('',(-112.393520314,-105.579522373,14.762305072));
#4113=CARTESIAN_POINT('',(-112.356377885,-105.674693251,14.883965088));
#4114=CARTESIAN_POINT('',(-112.309379558,-105.757748325,15.012606391));
#4115=CARTESIAN_POINT('',(-112.262381231,-105.840803399,15.141247693));
#4116=CARTESIAN_POINT('',(-112.205801856,-105.910763896,15.275769349));
#4117=CARTESIAN_POINT('',(-112.140572874,-105.967157176,15.41191477));
#4118=B_SPLINE_CURVE_WITH_KNOTS('',3,(#4105,#4106,#4107,#4108,#4109,#4110,#4111,#4112,#4113,#4114,#4115,#4116,#4117),.UNSPECIFIED.,.F.,.F.,(4,3,3,3,4),(0.,0.000476801,0.000953603,0.001430404,0.001907205),.UNSPECIFIED.);
#4119=EDGE_CURVE('',#196,#4079,#4118,.T.);
#4120=ORIENTED_EDGE('',*,*,#4119,.T.);
#4121=EDGE_LOOP('',(#4085,#4101,#4102,#4103,#4104,#4120));
#4122=FACE_BOUND('',#4121,.T.);
#4123=ADVANCED_FACE('',(#4122),#4075,.F.);
#4124=CARTESIAN_POINT('',(112.5,-105.967157176,15.41191477));
#4125=DIRECTION('',(0.,0.923879533,0.382683432));
#4126=DIRECTION('',(0.,-0.382683432,0.923879533));
#4127=AXIS2_PLACEMENT_3D('',#4124,#4125,#4126);
#4128=PLANE('',#4127);
#4129=ORIENTED_EDGE('',*,*,#3186,.F.);
#4130=CARTESIAN_POINT('',(108.3,-105.316595341,13.841319565));
#4131=DIRECTION('',(0.,0.923879533,0.382683432));
#4132=DIRECTION('',(0.,-0.382683432,0.923879533));
#4133=AXIS2_PLACEMENT_3D('',#4130,#4131,#4132);
#4134=CIRCLE('',#4133,4.2);
#4135=EDGE_CURVE('',#3173,#4077,#4134,.T.);
#4136=ORIENTED_EDGE('',*,*,#4135,.T.);
#4137=ORIENTED_EDGE('',*,*,#4084,.T.);
#4138=CARTESIAN_POINT('',(-108.3,-105.316595341,13.841319565));
#4139=DIRECTION('',(0.,0.923879533,0.382683432));
#4140=DIRECTION('',(0.,-0.382683432,0.923879533));
#4141=AXIS2_PLACEMENT_3D('',#4138,#4139,#4140);
#4142=CIRCLE('',#4141,4.2);
#4143=EDGE_CURVE('',#4079,#3181,#4142,.T.);
#4144=ORIENTED_EDGE('',*,*,#4143,.T.);
#4145=EDGE_LOOP('',(#4129,#4136,#4137,#4144));
#4146=FACE_BOUND('',#4145,.T.);
#4147=ADVANCED_FACE('',(#4146),#4128,.T.);
#4148=CARTESIAN_POINT('',(107.5,87.500029587,25.));
#4149=DIRECTION('',(1.,-0.,0.));
#4150=DIRECTION('',(0.,1.,0.));
#4151=AXIS2_PLACEMENT_3D('',#4148,#4149,#4150);
#4152=CYLINDRICAL_SURFACE('',#4151,25.);
#4153=ORIENTED_EDGE('',*,*,#3068,.F.);
#4154=CARTESIAN_POINT('',(112.5,79.170098309,1.428571429));
#4155=DIRECTION('',(-1.,0.,-0.));
#4156=VECTOR('',#4155,5.);
#4157=LINE('',#4154,#4156);
#4158=EDGE_CURVE('',#3053,#3011,#4157,.T.);
#4159=ORIENTED_EDGE('',*,*,#4158,.T.);
#4160=ORIENTED_EDGE('',*,*,#3017,.F.);
#4161=ORIENTED_EDGE('',*,*,#3123,.F.);
#4162=EDGE_LOOP('',(#4153,#4159,#4160,#4161));
#4163=FACE_BOUND('',#4162,.T.);
#4164=ADVANCED_FACE('',(#4163),#4152,.T.);
#4165=CARTESIAN_POINT('',(107.5,29.190510639,-140.));
#4166=DIRECTION('',(1.,-0.,0.));
#4167=DIRECTION('',(0.,1.,0.));
#4168=AXIS2_PLACEMENT_3D('',#4165,#4166,#4167);
#4169=CYLINDRICAL_SURFACE('',#4168,150.);
#4170=ORIENTED_EDGE('',*,*,#3024,.F.);
#4171=ORIENTED_EDGE('',*,*,#4158,.F.);
#4172=ORIENTED_EDGE('',*,*,#3059,.F.);
#4173=ORIENTED_EDGE('',*,*,#3145,.F.);
#4174=EDGE_LOOP('',(#4170,#4171,#4172,#4173));
#4175=FACE_BOUND('',#4174,.T.);
#4176=ADVANCED_FACE('',(#4175),#4169,.F.);
#4177=CARTESIAN_POINT('',(97.5,-2.5,0.));
#4178=DIRECTION('',(1.,-0.,0.));
#4179=DIRECTION('',(0.,1.,0.));
#4180=AXIS2_PLACEMENT_3D('',#4177,#4178,#4179);
#4181=PLANE('',#4180);
#4182=CARTESIAN_POINT('',(97.5,-43.875109611,10.));
#4183=VERTEX_POINT('',#4182);
#4184=CARTESIAN_POINT('',(97.5,29.190510639,10.));
#4185=VERTEX_POINT('',#4184);
#4186=CARTESIAN_POINT('',(97.5,-43.875109611,10.));
#4187=DIRECTION('',(0.,1.,0.));
#4188=VECTOR('',#4187,73.06562025);
#4189=LINE('',#4186,#4188);
#4190=EDGE_CURVE('',#4183,#4185,#4189,.T.);
#4191=ORIENTED_EDGE('',*,*,#4190,.F.);
#4192=CARTESIAN_POINT('',(97.5,-43.875109611,-140.));
#4193=DIRECTION('',(1.,-0.,0.));
#4194=DIRECTION('',(-0.,-0.,1.));
#4195=AXIS2_PLACEMENT_3D('',#4192,#4193,#4194);
#4196=CIRCLE('',#4195,150.);
#4197=EDGE_CURVE('',#4183,#2754,#4196,.T.);
#4198=ORIENTED_EDGE('',*,*,#4197,.T.);
#4199=ORIENTED_EDGE('',*,*,#2760,.F.);
#4200=CARTESIAN_POINT('',(97.5,78.493370689,80.994045131));
#4201=VERTEX_POINT('',#4200);
#4202=CARTESIAN_POINT('',(97.5,-108.650301032,3.476598192));
#4203=DIRECTION('',(0.,0.923879533,0.382683432));
#4204=VECTOR('',#4203,202.562850605);
#4205=LINE('',#4202,#4204);
#4206=EDGE_CURVE('',#2700,#4201,#4205,.T.);
#4207=ORIENTED_EDGE('',*,*,#4206,.T.);
#4208=CARTESIAN_POINT('',(97.5,78.493370689,80.994045131));
#4209=DIRECTION('',(-0.,-0.382683432,0.923879533));
#4210=VECTOR('',#4209,7.5);
#4211=LINE('',#4208,#4210);
#4212=EDGE_CURVE('',#4201,#3280,#4211,.T.);
#4213=ORIENTED_EDGE('',*,*,#4212,.T.);
#4214=ORIENTED_EDGE('',*,*,#3285,.F.);
#4215=CARTESIAN_POINT('',(97.5,112.500029587,65.782861893));
#4216=VERTEX_POINT('',#4215);
#4217=CARTESIAN_POINT('',(97.5,87.500029587,65.782861893));
#4218=DIRECTION('',(1.,-0.,0.));
#4219=DIRECTION('',(0.,0.,-1.));
#4220=AXIS2_PLACEMENT_3D('',#4217,#4218,#4219);
#4221=CIRCLE('',#4220,25.);
#4222=EDGE_CURVE('',#4216,#3272,#4221,.T.);
#4223=ORIENTED_EDGE('',*,*,#4222,.F.);
#4224=CARTESIAN_POINT('',(97.5,112.500029587,25.));
#4225=VERTEX_POINT('',#4224);
#4226=CARTESIAN_POINT('',(97.5,112.500029587,65.782861893));
#4227=DIRECTION('',(0.,0.,-1.));
#4228=VECTOR('',#4227,40.782861893);
#4229=LINE('',#4226,#4228);
#4230=EDGE_CURVE('',#4216,#4225,#4229,.T.);
#4231=ORIENTED_EDGE('',*,*,#4230,.T.);
#4232=CARTESIAN_POINT('',(97.5,79.170098309,1.428571429));
#4233=VERTEX_POINT('',#4232);
#4234=CARTESIAN_POINT('',(97.5,87.500029587,25.));
#4235=DIRECTION('',(-1.,0.,-0.));
#4236=DIRECTION('',(0.,1.,0.));
#4237=AXIS2_PLACEMENT_3D('',#4234,#4235,#4236);
#4238=CIRCLE('',#4237,25.);
#4239=EDGE_CURVE('',#4225,#4233,#4238,.T.);
#4240=ORIENTED_EDGE('',*,*,#4239,.T.);
#4241=CARTESIAN_POINT('',(97.5,29.190510639,-140.));
#4242=DIRECTION('',(1.,-0.,0.));
#4243=DIRECTION('',(0.,1.,0.));
#4244=AXIS2_PLACEMENT_3D('',#4241,#4242,#4243);
#4245=CIRCLE('',#4244,150.);
#4246=EDGE_CURVE('',#4233,#4185,#4245,.T.);
#4247=ORIENTED_EDGE('',*,*,#4246,.T.);
#4248=EDGE_LOOP('',(#4191,#4198,#4199,#4207,#4213,#4214,#4223,#4231,#4240,#4247));
#4249=FACE_BOUND('',#4248,.T.);
#4250=ADVANCED_FACE('',(#4249),#4181,.F.);
#4251=CARTESIAN_POINT('',(102.5,-2.5,0.));
#4252=DIRECTION('',(1.,-0.,0.));
#4253=DIRECTION('',(0.,1.,0.));
#4254=AXIS2_PLACEMENT_3D('',#4251,#4252,#4253);
#4255=PLANE('',#4254);
#4256=CARTESIAN_POINT('',(102.5,-43.875109611,10.));
#4257=VERTEX_POINT('',#4256);
#4258=CARTESIAN_POINT('',(102.5,-43.875109611,-140.));
#4259=DIRECTION('',(1.,-0.,0.));
#4260=DIRECTION('',(0.,1.,0.));
#4261=AXIS2_PLACEMENT_3D('',#4258,#4259,#4260);
#4262=CIRCLE('',#4261,150.);
#4263=EDGE_CURVE('',#4257,#2763,#4262,.T.);
#4264=ORIENTED_EDGE('',*,*,#4263,.F.);
#4265=CARTESIAN_POINT('',(102.5,29.190510639,10.));
#4266=VERTEX_POINT('',#4265);
#4267=CARTESIAN_POINT('',(102.5,-43.875109611,10.));
#4268=DIRECTION('',(0.,1.,0.));
#4269=VECTOR('',#4268,73.06562025);
#4270=LINE('',#4267,#4269);
#4271=EDGE_CURVE('',#4257,#4266,#4270,.T.);
#4272=ORIENTED_EDGE('',*,*,#4271,.T.);
#4273=CARTESIAN_POINT('',(102.5,79.170098309,1.428571429));
#4274=VERTEX_POINT('',#4273);
#4275=CARTESIAN_POINT('',(102.5,29.190510639,-140.));
#4276=DIRECTION('',(-1.,0.,-0.));
#4277=DIRECTION('',(0.,1.,0.));
#4278=AXIS2_PLACEMENT_3D('',#4275,#4276,#4277);
#4279=CIRCLE('',#4278,150.);
#4280=EDGE_CURVE('',#4266,#4274,#4279,.T.);
#4281=ORIENTED_EDGE('',*,*,#4280,.T.);
#4282=CARTESIAN_POINT('',(102.5,112.500029587,25.));
#4283=VERTEX_POINT('',#4282);
#4284=CARTESIAN_POINT('',(102.5,87.500029587,25.));
#4285=DIRECTION('',(1.,-0.,0.));
#4286=DIRECTION('',(0.,1.,0.));
#4287=AXIS2_PLACEMENT_3D('',#4284,#4285,#4286);
#4288=CIRCLE('',#4287,25.);
#4289=EDGE_CURVE('',#4274,#4283,#4288,.T.);
#4290=ORIENTED_EDGE('',*,*,#4289,.T.);
#4291=CARTESIAN_POINT('',(102.5,112.500029587,65.782861893));
#4292=VERTEX_POINT('',#4291);
#4293=CARTESIAN_POINT('',(102.5,112.500029587,65.782861893));
#4294=DIRECTION('',(0.,0.,-1.));
#4295=VECTOR('',#4294,40.782861893);
#4296=LINE('',#4293,#4295);
#4297=EDGE_CURVE('',#4292,#4283,#4296,.T.);
#4298=ORIENTED_EDGE('',*,*,#4297,.F.);
#4299=CARTESIAN_POINT('',(102.5,87.500029587,65.782861893));
#4300=DIRECTION('',(1.,-0.,0.));
#4301=DIRECTION('',(0.,0.,-1.));
#4302=AXIS2_PLACEMENT_3D('',#4299,#4300,#4301);
#4303=CIRCLE('',#4302,25.);
#4304=EDGE_CURVE('',#4292,#3264,#4303,.T.);
#4305=ORIENTED_EDGE('',*,*,#4304,.T.);
#4306=ORIENTED_EDGE('',*,*,#3269,.T.);
#4307=CARTESIAN_POINT('',(102.5,78.493370689,80.994045131));
#4308=VERTEX_POINT('',#4307);
#4309=CARTESIAN_POINT('',(102.5,75.623244947,87.923141625));
#4310=DIRECTION('',(0.,0.382683432,-0.923879533));
#4311=VECTOR('',#4310,7.5);
#4312=LINE('',#4309,#4311);
#4313=EDGE_CURVE('',#3255,#4308,#4312,.T.);
#4314=ORIENTED_EDGE('',*,*,#4313,.T.);
#4315=CARTESIAN_POINT('',(102.5,78.493370689,80.994045131));
#4316=DIRECTION('',(-0.,-0.923879533,-0.382683432));
#4317=VECTOR('',#4316,202.562850605);
#4318=LINE('',#4315,#4317);
#4319=EDGE_CURVE('',#4308,#2771,#4318,.T.);
#4320=ORIENTED_EDGE('',*,*,#4319,.T.);
#4321=ORIENTED_EDGE('',*,*,#2777,.T.);
#4322=EDGE_LOOP('',(#4264,#4272,#4281,#4290,#4298,#4305,#4306,#4314,#4320,#4321));
#4323=FACE_BOUND('',#4322,.T.);
#4324=ADVANCED_FACE('',(#4323),#4255,.T.);
#4325=CARTESIAN_POINT('',(97.5,112.500029587,2.5));
#4326=DIRECTION('',(-0.,-1.,-0.));
#4327=DIRECTION('',(0.,0.,-1.));
#4328=AXIS2_PLACEMENT_3D('',#4325,#4326,#4327);
#4329=PLANE('',#4328);
#4330=ORIENTED_EDGE('',*,*,#4297,.T.);
#4331=CARTESIAN_POINT('',(102.5,112.500029587,25.));
#4332=DIRECTION('',(-1.,0.,-0.));
#4333=VECTOR('',#4332,5.);
#4334=LINE('',#4331,#4333);
#4335=EDGE_CURVE('',#4283,#4225,#4334,.T.);
#4336=ORIENTED_EDGE('',*,*,#4335,.T.);
#4337=ORIENTED_EDGE('',*,*,#4230,.F.);
#4338=CARTESIAN_POINT('',(102.5,112.500029587,65.782861893));
#4339=DIRECTION('',(-1.,0.,0.));
#4340=VECTOR('',#4339,5.);
#4341=LINE('',#4338,#4340);
#4342=EDGE_CURVE('',#4292,#4216,#4341,.T.);
#4343=ORIENTED_EDGE('',*,*,#4342,.F.);
#4344=EDGE_LOOP('',(#4330,#4336,#4337,#4343));
#4345=FACE_BOUND('',#4344,.T.);
#4346=ADVANCED_FACE('',(#4345),#4329,.F.);
#4347=CARTESIAN_POINT('',(102.5,29.375029587,10.));
#4348=DIRECTION('',(-0.,-0.,1.));
#4349=DIRECTION('',(0.,-1.,-0.));
#4350=AXIS2_PLACEMENT_3D('',#4347,#4348,#4349);
#4351=PLANE('',#4350);
#4352=ORIENTED_EDGE('',*,*,#4190,.T.);
#4353=CARTESIAN_POINT('',(97.5,29.190510639,10.));
#4354=DIRECTION('',(1.,-0.,0.));
#4355=VECTOR('',#4354,5.);
#4356=LINE('',#4353,#4355);
#4357=EDGE_CURVE('',#4185,#4266,#4356,.T.);
#4358=ORIENTED_EDGE('',*,*,#4357,.T.);
#4359=ORIENTED_EDGE('',*,*,#4271,.F.);
#4360=CARTESIAN_POINT('',(102.5,-43.875109611,10.));
#4361=DIRECTION('',(-1.,0.,0.));
#4362=VECTOR('',#4361,5.);
#4363=LINE('',#4360,#4362);
#4364=EDGE_CURVE('',#4257,#4183,#4363,.T.);
#4365=ORIENTED_EDGE('',*,*,#4364,.T.);
#4366=EDGE_LOOP('',(#4352,#4358,#4359,#4365));
#4367=FACE_BOUND('',#4366,.T.);
#4368=ADVANCED_FACE('',(#4367),#4351,.F.);
#4369=CARTESIAN_POINT('',(102.5,87.500029587,65.782861893));
#4370=DIRECTION('',(-1.,0.,0.));
#4371=DIRECTION('',(-0.,-1.,0.));
#4372=AXIS2_PLACEMENT_3D('',#4369,#4370,#4371);
#4373=CYLINDRICAL_SURFACE('',#4372,25.);
#4374=ORIENTED_EDGE('',*,*,#4222,.T.);
#4375=ORIENTED_EDGE('',*,*,#3277,.F.);
#4376=ORIENTED_EDGE('',*,*,#4304,.F.);
#4377=ORIENTED_EDGE('',*,*,#4342,.T.);
#4378=EDGE_LOOP('',(#4374,#4375,#4376,#4377));
#4379=FACE_BOUND('',#4378,.T.);
#4380=ADVANCED_FACE('',(#4379),#4373,.T.);
#4381=CARTESIAN_POINT('',(97.5,87.500029587,25.));
#4382=DIRECTION('',(1.,-0.,0.));
#4383=DIRECTION('',(0.,1.,0.));
#4384=AXIS2_PLACEMENT_3D('',#4381,#4382,#4383);
#4385=CYLINDRICAL_SURFACE('',#4384,25.);
#4386=ORIENTED_EDGE('',*,*,#4289,.F.);
#4387=CARTESIAN_POINT('',(102.5,79.170098309,1.428571429));
#4388=DIRECTION('',(-1.,0.,-0.));
#4389=VECTOR('',#4388,5.);
#4390=LINE('',#4387,#4389);
#4391=EDGE_CURVE('',#4274,#4233,#4390,.T.);
#4392=ORIENTED_EDGE('',*,*,#4391,.T.);
#4393=ORIENTED_EDGE('',*,*,#4239,.F.);
#4394=ORIENTED_EDGE('',*,*,#4335,.F.);
#4395=EDGE_LOOP('',(#4386,#4392,#4393,#4394));
#4396=FACE_BOUND('',#4395,.T.);
#4397=ADVANCED_FACE('',(#4396),#4385,.T.);
#4398=CARTESIAN_POINT('',(97.5,29.190510639,-140.));
#4399=DIRECTION('',(1.,-0.,0.));
#4400=DIRECTION('',(0.,1.,0.));
#4401=AXIS2_PLACEMENT_3D('',#4398,#4399,#4400);
#4402=CYLINDRICAL_SURFACE('',#4401,150.);
#4403=ORIENTED_EDGE('',*,*,#4246,.F.);
#4404=ORIENTED_EDGE('',*,*,#4391,.F.);
#4405=ORIENTED_EDGE('',*,*,#4280,.F.);
#4406=ORIENTED_EDGE('',*,*,#4357,.F.);
#4407=EDGE_LOOP('',(#4403,#4404,#4405,#4406));
#4408=FACE_BOUND('',#4407,.T.);
#4409=ADVANCED_FACE('',(#4408),#4402,.F.);
#4410=CARTESIAN_POINT('',(87.5,-2.5,0.));
#4411=DIRECTION('',(1.,-0.,0.));
#4412=DIRECTION('',(0.,1.,0.));
#4413=AXIS2_PLACEMENT_3D('',#4410,#4411,#4412);
#4414=PLANE('',#4413);
#4415=CARTESIAN_POINT('',(87.5,-43.875109611,10.));
#4416=VERTEX_POINT('',#4415);
#4417=CARTESIAN_POINT('',(87.5,29.190510639,10.));
#4418=VERTEX_POINT('',#4417);
#4419=CARTESIAN_POINT('',(87.5,-43.875109611,10.));
#4420=DIRECTION('',(0.,1.,0.));
#4421=VECTOR('',#4420,73.06562025);
#4422=LINE('',#4419,#4421);
#4423=EDGE_CURVE('',#4416,#4418,#4422,.T.);
#4424=ORIENTED_EDGE('',*,*,#4423,.F.);
#4425=CARTESIAN_POINT('',(87.5,-43.875109611,-140.));
#4426=DIRECTION('',(1.,-0.,0.));
#4427=DIRECTION('',(-0.,-0.,1.));
#4428=AXIS2_PLACEMENT_3D('',#4425,#4426,#4427);
#4429=CIRCLE('',#4428,150.);
#4430=EDGE_CURVE('',#4416,#2674,#4429,.T.);
#4431=ORIENTED_EDGE('',*,*,#4430,.T.);
#4432=ORIENTED_EDGE('',*,*,#2680,.F.);
#4433=CARTESIAN_POINT('',(87.5,78.493370689,80.994045131));
#4434=VERTEX_POINT('',#4433);
#4435=CARTESIAN_POINT('',(87.5,-108.650301032,3.476598192));
#4436=DIRECTION('',(0.,0.923879533,0.382683432));
#4437=VECTOR('',#4436,202.562850605);
#4438=LINE('',#4435,#4437);
#4439=EDGE_CURVE('',#2620,#4434,#4438,.T.);
#4440=ORIENTED_EDGE('',*,*,#4439,.T.);
#4441=CARTESIAN_POINT('',(87.5,78.493370689,80.994045131));
#4442=DIRECTION('',(-0.,-0.382683432,0.923879533));
#4443=VECTOR('',#4442,7.5);
#4444=LINE('',#4441,#4443);
#4445=EDGE_CURVE('',#4434,#3313,#4444,.T.);
#4446=ORIENTED_EDGE('',*,*,#4445,.T.);
#4447=ORIENTED_EDGE('',*,*,#3318,.F.);
#4448=CARTESIAN_POINT('',(87.5,112.500029587,65.782861893));
#4449=VERTEX_POINT('',#4448);
#4450=CARTESIAN_POINT('',(87.5,87.500029587,65.782861893));
#4451=DIRECTION('',(1.,-0.,0.));
#4452=DIRECTION('',(0.,0.,-1.));
#4453=AXIS2_PLACEMENT_3D('',#4450,#4451,#4452);
#4454=CIRCLE('',#4453,25.);
#4455=EDGE_CURVE('',#4449,#3305,#4454,.T.);
#4456=ORIENTED_EDGE('',*,*,#4455,.F.);
#4457=CARTESIAN_POINT('',(87.5,112.500029587,25.));
#4458=VERTEX_POINT('',#4457);
#4459=CARTESIAN_POINT('',(87.5,112.500029587,65.782861893));
#4460=DIRECTION('',(0.,0.,-1.));
#4461=VECTOR('',#4460,40.782861893);
#4462=LINE('',#4459,#4461);
#4463=EDGE_CURVE('',#4449,#4458,#4462,.T.);
#4464=ORIENTED_EDGE('',*,*,#4463,.T.);
#4465=CARTESIAN_POINT('',(87.5,79.170098309,1.428571429));
#4466=VERTEX_POINT('',#4465);
#4467=CARTESIAN_POINT('',(87.5,87.500029587,25.));
#4468=DIRECTION('',(-1.,0.,-0.));
#4469=DIRECTION('',(0.,1.,0.));
#4470=AXIS2_PLACEMENT_3D('',#4467,#4468,#4469);
#4471=CIRCLE('',#4470,25.);
#4472=EDGE_CURVE('',#4458,#4466,#4471,.T.);
#4473=ORIENTED_EDGE('',*,*,#4472,.T.);
#4474=CARTESIAN_POINT('',(87.5,29.190510639,-140.));
#4475=DIRECTION('',(1.,-0.,0.));
#4476=DIRECTION('',(0.,1.,0.));
#4477=AXIS2_PLACEMENT_3D('',#4474,#4475,#4476);
#4478=CIRCLE('',#4477,150.);
#4479=EDGE_CURVE('',#4466,#4418,#4478,.T.);
#4480=ORIENTED_EDGE('',*,*,#4479,.T.);
#4481=EDGE_LOOP('',(#4424,#4431,#4432,#4440,#4446,#4447,#4456,#4464,#4473,#4480));
#4482=FACE_BOUND('',#4481,.T.);
#4483=ADVANCED_FACE('',(#4482),#4414,.F.);
#4484=CARTESIAN_POINT('',(92.5,-2.5,0.));
#4485=DIRECTION('',(1.,-0.,0.));
#4486=DIRECTION('',(0.,1.,0.));
#4487=AXIS2_PLACEMENT_3D('',#4484,#4485,#4486);
#4488=PLANE('',#4487);
#4489=CARTESIAN_POINT('',(92.5,-43.875109611,10.));
#4490=VERTEX_POINT('',#4489);
#4491=CARTESIAN_POINT('',(92.5,-43.875109611,-140.));
#4492=DIRECTION('',(1.,-0.,0.));
#4493=DIRECTION('',(0.,1.,0.));
#4494=AXIS2_PLACEMENT_3D('',#4491,#4492,#4493);
#4495=CIRCLE('',#4494,150.);
#4496=EDGE_CURVE('',#4490,#2683,#4495,.T.);
#4497=ORIENTED_EDGE('',*,*,#4496,.F.);
#4498=CARTESIAN_POINT('',(92.5,29.190510639,10.));
#4499=VERTEX_POINT('',#4498);
#4500=CARTESIAN_POINT('',(92.5,-43.875109611,10.));
#4501=DIRECTION('',(0.,1.,0.));
#4502=VECTOR('',#4501,73.06562025);
#4503=LINE('',#4500,#4502);
#4504=EDGE_CURVE('',#4490,#4499,#4503,.T.);
#4505=ORIENTED_EDGE('',*,*,#4504,.T.);
#4506=CARTESIAN_POINT('',(92.5,79.170098309,1.428571429));
#4507=VERTEX_POINT('',#4506);
#4508=CARTESIAN_POINT('',(92.5,29.190510639,-140.));
#4509=DIRECTION('',(-1.,0.,-0.));
#4510=DIRECTION('',(0.,1.,0.));
#4511=AXIS2_PLACEMENT_3D('',#4508,#4509,#4510);
#4512=CIRCLE('',#4511,150.);
#4513=EDGE_CURVE('',#4499,#4507,#4512,.T.);
#4514=ORIENTED_EDGE('',*,*,#4513,.T.);
#4515=CARTESIAN_POINT('',(92.5,112.500029587,25.));
#4516=VERTEX_POINT('',#4515);
#4517=CARTESIAN_POINT('',(92.5,87.500029587,25.));
#4518=DIRECTION('',(1.,-0.,0.));
#4519=DIRECTION('',(0.,1.,0.));
#4520=AXIS2_PLACEMENT_3D('',#4517,#4518,#4519);
#4521=CIRCLE('',#4520,25.);
#4522=EDGE_CURVE('',#4507,#4516,#4521,.T.);
#4523=ORIENTED_EDGE('',*,*,#4522,.T.);
#4524=CARTESIAN_POINT('',(92.5,112.500029587,65.782861893));
#4525=VERTEX_POINT('',#4524);
#4526=CARTESIAN_POINT('',(92.5,112.500029587,65.782861893));
#4527=DIRECTION('',(0.,0.,-1.));
#4528=VECTOR('',#4527,40.782861893);
#4529=LINE('',#4526,#4528);
#4530=EDGE_CURVE('',#4525,#4516,#4529,.T.);
#4531=ORIENTED_EDGE('',*,*,#4530,.F.);
#4532=CARTESIAN_POINT('',(92.5,87.500029587,65.782861893));
#4533=DIRECTION('',(1.,-0.,0.));
#4534=DIRECTION('',(0.,0.,-1.));
#4535=AXIS2_PLACEMENT_3D('',#4532,#4533,#4534);
#4536=CIRCLE('',#4535,25.);
#4537=EDGE_CURVE('',#4525,#3297,#4536,.T.);
#4538=ORIENTED_EDGE('',*,*,#4537,.T.);
#4539=ORIENTED_EDGE('',*,*,#3302,.T.);
#4540=CARTESIAN_POINT('',(92.5,78.493370689,80.994045131));
#4541=VERTEX_POINT('',#4540);
#4542=CARTESIAN_POINT('',(92.5,75.623244947,87.923141625));
#4543=DIRECTION('',(0.,0.382683432,-0.923879533));
#4544=VECTOR('',#4543,7.5);
#4545=LINE('',#4542,#4544);
#4546=EDGE_CURVE('',#3288,#4541,#4545,.T.);
#4547=ORIENTED_EDGE('',*,*,#4546,.T.);
#4548=CARTESIAN_POINT('',(92.5,78.493370689,80.994045131));
#4549=DIRECTION('',(-0.,-0.923879533,-0.382683432));
#4550=VECTOR('',#4549,202.562850605);
#4551=LINE('',#4548,#4550);
#4552=EDGE_CURVE('',#4541,#2691,#4551,.T.);
#4553=ORIENTED_EDGE('',*,*,#4552,.T.);
#4554=ORIENTED_EDGE('',*,*,#2697,.T.);
#4555=EDGE_LOOP('',(#4497,#4505,#4514,#4523,#4531,#4538,#4539,#4547,#4553,#4554));
#4556=FACE_BOUND('',#4555,.T.);
#4557=ADVANCED_FACE('',(#4556),#4488,.T.);
#4558=CARTESIAN_POINT('',(87.5,112.500029587,2.5));
#4559=DIRECTION('',(-0.,-1.,-0.));
#4560=DIRECTION('',(0.,0.,-1.));
#4561=AXIS2_PLACEMENT_3D('',#4558,#4559,#4560);
#4562=PLANE('',#4561);
#4563=ORIENTED_EDGE('',*,*,#4530,.T.);
#4564=CARTESIAN_POINT('',(92.5,112.500029587,25.));
#4565=DIRECTION('',(-1.,0.,-0.));
#4566=VECTOR('',#4565,5.);
#4567=LINE('',#4564,#4566);
#4568=EDGE_CURVE('',#4516,#4458,#4567,.T.);
#4569=ORIENTED_EDGE('',*,*,#4568,.T.);
#4570=ORIENTED_EDGE('',*,*,#4463,.F.);
#4571=CARTESIAN_POINT('',(92.5,112.500029587,65.782861893));
#4572=DIRECTION('',(-1.,0.,0.));
#4573=VECTOR('',#4572,5.);
#4574=LINE('',#4571,#4573);
#4575=EDGE_CURVE('',#4525,#4449,#4574,.T.);
#4576=ORIENTED_EDGE('',*,*,#4575,.F.);
#4577=EDGE_LOOP('',(#4563,#4569,#4570,#4576));
#4578=FACE_BOUND('',#4577,.T.);
#4579=ADVANCED_FACE('',(#4578),#4562,.F.);
#4580=CARTESIAN_POINT('',(92.5,29.375029587,10.));
#4581=DIRECTION('',(-0.,-0.,1.));
#4582=DIRECTION('',(0.,-1.,-0.));
#4583=AXIS2_PLACEMENT_3D('',#4580,#4581,#4582);
#4584=PLANE('',#4583);
#4585=ORIENTED_EDGE('',*,*,#4423,.T.);
#4586=CARTESIAN_POINT('',(87.5,29.190510639,10.));
#4587=DIRECTION('',(1.,-0.,0.));
#4588=VECTOR('',#4587,5.);
#4589=LINE('',#4586,#4588);
#4590=EDGE_CURVE('',#4418,#4499,#4589,.T.);
#4591=ORIENTED_EDGE('',*,*,#4590,.T.);
#4592=ORIENTED_EDGE('',*,*,#4504,.F.);
#4593=CARTESIAN_POINT('',(92.5,-43.875109611,10.));
#4594=DIRECTION('',(-1.,0.,0.));
#4595=VECTOR('',#4594,5.);
#4596=LINE('',#4593,#4595);
#4597=EDGE_CURVE('',#4490,#4416,#4596,.T.);
#4598=ORIENTED_EDGE('',*,*,#4597,.T.);
#4599=EDGE_LOOP('',(#4585,#4591,#4592,#4598));
#4600=FACE_BOUND('',#4599,.T.);
#4601=ADVANCED_FACE('',(#4600),#4584,.F.);
#4602=CARTESIAN_POINT('',(92.5,87.500029587,65.782861893));
#4603=DIRECTION('',(-1.,0.,0.));
#4604=DIRECTION('',(-0.,-1.,0.));
#4605=AXIS2_PLACEMENT_3D('',#4602,#4603,#4604);
#4606=CYLINDRICAL_SURFACE('',#4605,25.);
#4607=ORIENTED_EDGE('',*,*,#4455,.T.);
#4608=ORIENTED_EDGE('',*,*,#3310,.F.);
#4609=ORIENTED_EDGE('',*,*,#4537,.F.);
#4610=ORIENTED_EDGE('',*,*,#4575,.T.);
#4611=EDGE_LOOP('',(#4607,#4608,#4609,#4610));
#4612=FACE_BOUND('',#4611,.T.);
#4613=ADVANCED_FACE('',(#4612),#4606,.T.);
#4614=CARTESIAN_POINT('',(87.5,87.500029587,25.));
#4615=DIRECTION('',(1.,-0.,0.));
#4616=DIRECTION('',(0.,1.,0.));
#4617=AXIS2_PLACEMENT_3D('',#4614,#4615,#4616);
#4618=CYLINDRICAL_SURFACE('',#4617,25.);
#4619=ORIENTED_EDGE('',*,*,#4522,.F.);
#4620=CARTESIAN_POINT('',(92.5,79.170098309,1.428571429));
#4621=DIRECTION('',(-1.,0.,-0.));
#4622=VECTOR('',#4621,5.);
#4623=LINE('',#4620,#4622);
#4624=EDGE_CURVE('',#4507,#4466,#4623,.T.);
#4625=ORIENTED_EDGE('',*,*,#4624,.T.);
#4626=ORIENTED_EDGE('',*,*,#4472,.F.);
#4627=ORIENTED_EDGE('',*,*,#4568,.F.);
#4628=EDGE_LOOP('',(#4619,#4625,#4626,#4627));
#4629=FACE_BOUND('',#4628,.T.);
#4630=ADVANCED_FACE('',(#4629),#4618,.T.);
#4631=CARTESIAN_POINT('',(87.5,29.190510639,-140.));
#4632=DIRECTION('',(1.,-0.,0.));
#4633=DIRECTION('',(0.,1.,0.));
#4634=AXIS2_PLACEMENT_3D('',#4631,#4632,#4633);
#4635=CYLINDRICAL_SURFACE('',#4634,150.);
#4636=ORIENTED_EDGE('',*,*,#4479,.F.);
#4637=ORIENTED_EDGE('',*,*,#4624,.F.);
#4638=ORIENTED_EDGE('',*,*,#4513,.F.);
#4639=ORIENTED_EDGE('',*,*,#4590,.F.);
#4640=EDGE_LOOP('',(#4636,#4637,#4638,#4639));
#4641=FACE_BOUND('',#4640,.T.);
#4642=ADVANCED_FACE('',(#4641),#4635,.F.);
#4643=CARTESIAN_POINT('',(77.5,-2.5,0.));
#4644=DIRECTION('',(1.,-0.,0.));
#4645=DIRECTION('',(0.,1.,0.));
#4646=AXIS2_PLACEMENT_3D('',#4643,#4644,#4645);
#4647=PLANE('',#4646);
#4648=CARTESIAN_POINT('',(77.5,-43.875109611,10.));
#4649=VERTEX_POINT('',#4648);
#4650=CARTESIAN_POINT('',(77.5,29.190510639,10.));
#4651=VERTEX_POINT('',#4650);
#4652=CARTESIAN_POINT('',(77.5,-43.875109611,10.));
#4653=DIRECTION('',(0.,1.,0.));
#4654=VECTOR('',#4653,73.06562025);
#4655=LINE('',#4652,#4654);
#4656=EDGE_CURVE('',#4649,#4651,#4655,.T.);
#4657=ORIENTED_EDGE('',*,*,#4656,.F.);
#4658=CARTESIAN_POINT('',(77.5,-43.875109611,-140.));
#4659=DIRECTION('',(1.,-0.,0.));
#4660=DIRECTION('',(-0.,-0.,1.));
#4661=AXIS2_PLACEMENT_3D('',#4658,#4659,#4660);
#4662=CIRCLE('',#4661,150.);
#4663=EDGE_CURVE('',#4649,#2540,#4662,.T.);
#4664=ORIENTED_EDGE('',*,*,#4663,.T.);
#4665=ORIENTED_EDGE('',*,*,#2546,.F.);
#4666=CARTESIAN_POINT('',(77.5,78.493370689,80.994045131));
#4667=VERTEX_POINT('',#4666);
#4668=CARTESIAN_POINT('',(77.5,-108.650301032,3.476598192));
#4669=DIRECTION('',(0.,0.923879533,0.382683432));
#4670=VECTOR('',#4669,202.562850605);
#4671=LINE('',#4668,#4670);
#4672=EDGE_CURVE('',#2486,#4667,#4671,.T.);
#4673=ORIENTED_EDGE('',*,*,#4672,.T.);
#4674=CARTESIAN_POINT('',(77.5,78.493370689,80.994045131));
#4675=DIRECTION('',(-0.,-0.382683432,0.923879533));
#4676=VECTOR('',#4675,7.5);
#4677=LINE('',#4674,#4676);
#4678=EDGE_CURVE('',#4667,#3346,#4677,.T.);
#4679=ORIENTED_EDGE('',*,*,#4678,.T.);
#4680=ORIENTED_EDGE('',*,*,#3351,.F.);
#4681=CARTESIAN_POINT('',(77.5,112.500029587,65.782861893));
#4682=VERTEX_POINT('',#4681);
#4683=CARTESIAN_POINT('',(77.5,87.500029587,65.782861893));
#4684=DIRECTION('',(1.,-0.,0.));
#4685=DIRECTION('',(0.,0.,-1.));
#4686=AXIS2_PLACEMENT_3D('',#4683,#4684,#4685);
#4687=CIRCLE('',#4686,25.);
#4688=EDGE_CURVE('',#4682,#3338,#4687,.T.);
#4689=ORIENTED_EDGE('',*,*,#4688,.F.);
#4690=CARTESIAN_POINT('',(77.5,112.500029587,25.));
#4691=VERTEX_POINT('',#4690);
#4692=CARTESIAN_POINT('',(77.5,112.500029587,65.782861893));
#4693=DIRECTION('',(0.,0.,-1.));
#4694=VECTOR('',#4693,40.782861893);
#4695=LINE('',#4692,#4694);
#4696=EDGE_CURVE('',#4682,#4691,#4695,.T.);
#4697=ORIENTED_EDGE('',*,*,#4696,.T.);
#4698=CARTESIAN_POINT('',(77.5,79.170098309,1.428571429));
#4699=VERTEX_POINT('',#4698);
#4700=CARTESIAN_POINT('',(77.5,87.500029587,25.));
#4701=DIRECTION('',(-1.,0.,-0.));
#4702=DIRECTION('',(0.,1.,0.));
#4703=AXIS2_PLACEMENT_3D('',#4700,#4701,#4702);
#4704=CIRCLE('',#4703,25.);
#4705=EDGE_CURVE('',#4691,#4699,#4704,.T.);
#4706=ORIENTED_EDGE('',*,*,#4705,.T.);
#4707=CARTESIAN_POINT('',(77.5,29.190510639,-140.));
#4708=DIRECTION('',(1.,-0.,0.));
#4709=DIRECTION('',(0.,1.,0.));
#4710=AXIS2_PLACEMENT_3D('',#4707,#4708,#4709);
#4711=CIRCLE('',#4710,150.);
#4712=EDGE_CURVE('',#4699,#4651,#4711,.T.);
#4713=ORIENTED_EDGE('',*,*,#4712,.T.);
#4714=EDGE_LOOP('',(#4657,#4664,#4665,#4673,#4679,#4680,#4689,#4697,#4706,#4713));
#4715=FACE_BOUND('',#4714,.T.);
#4716=ADVANCED_FACE('',(#4715),#4647,.F.);
#4717=CARTESIAN_POINT('',(82.5,-2.5,0.));
#4718=DIRECTION('',(1.,-0.,0.));
#4719=DIRECTION('',(0.,1.,0.));
#4720=AXIS2_PLACEMENT_3D('',#4717,#4718,#4719);
#4721=PLANE('',#4720);
#4722=CARTESIAN_POINT('',(82.5,-43.875109611,10.));
#4723=VERTEX_POINT('',#4722);
#4724=CARTESIAN_POINT('',(82.5,-43.875109611,-140.));
#4725=DIRECTION('',(1.,-0.,0.));
#4726=DIRECTION('',(0.,1.,0.));
#4727=AXIS2_PLACEMENT_3D('',#4724,#4725,#4726);
#4728=CIRCLE('',#4727,150.);
#4729=EDGE_CURVE('',#4723,#2549,#4728,.T.);
#4730=ORIENTED_EDGE('',*,*,#4729,.F.);
#4731=CARTESIAN_POINT('',(82.5,29.190510639,10.));
#4732=VERTEX_POINT('',#4731);
#4733=CARTESIAN_POINT('',(82.5,-43.875109611,10.));
#4734=DIRECTION('',(0.,1.,0.));
#4735=VECTOR('',#4734,73.06562025);
#4736=LINE('',#4733,#4735);
#4737=EDGE_CURVE('',#4723,#4732,#4736,.T.);
#4738=ORIENTED_EDGE('',*,*,#4737,.T.);
#4739=CARTESIAN_POINT('',(82.5,79.170098309,1.428571429));
#4740=VERTEX_POINT('',#4739);
#4741=CARTESIAN_POINT('',(82.5,29.190510639,-140.));
#4742=DIRECTION('',(-1.,0.,-0.));
#4743=DIRECTION('',(0.,1.,0.));
#4744=AXIS2_PLACEMENT_3D('',#4741,#4742,#4743);
#4745=CIRCLE('',#4744,150.);
#4746=EDGE_CURVE('',#4732,#4740,#4745,.T.);
#4747=ORIENTED_EDGE('',*,*,#4746,.T.);
#4748=CARTESIAN_POINT('',(82.5,112.500029587,25.));
#4749=VERTEX_POINT('',#4748);
#4750=CARTESIAN_POINT('',(82.5,87.500029587,25.));
#4751=DIRECTION('',(1.,-0.,0.));
#4752=DIRECTION('',(0.,1.,0.));
#4753=AXIS2_PLACEMENT_3D('',#4750,#4751,#4752);
#4754=CIRCLE('',#4753,25.);
#4755=EDGE_CURVE('',#4740,#4749,#4754,.T.);
#4756=ORIENTED_EDGE('',*,*,#4755,.T.);
#4757=CARTESIAN_POINT('',(82.5,112.500029587,65.782861893));
#4758=VERTEX_POINT('',#4757);
#4759=CARTESIAN_POINT('',(82.5,112.500029587,65.782861893));
#4760=DIRECTION('',(0.,0.,-1.));
#4761=VECTOR('',#4760,40.782861893);
#4762=LINE('',#4759,#4761);
#4763=EDGE_CURVE('',#4758,#4749,#4762,.T.);
#4764=ORIENTED_EDGE('',*,*,#4763,.F.);
#4765=CARTESIAN_POINT('',(82.5,87.500029587,65.782861893));
#4766=DIRECTION('',(1.,-0.,0.));
#4767=DIRECTION('',(0.,0.,-1.));
#4768=AXIS2_PLACEMENT_3D('',#4765,#4766,#4767);
#4769=CIRCLE('',#4768,25.);
#4770=EDGE_CURVE('',#4758,#3330,#4769,.T.);
#4771=ORIENTED_EDGE('',*,*,#4770,.T.);
#4772=ORIENTED_EDGE('',*,*,#3335,.T.);
#4773=CARTESIAN_POINT('',(82.5,78.493370689,80.994045131));
#4774=VERTEX_POINT('',#4773);
#4775=CARTESIAN_POINT('',(82.5,75.623244947,87.923141625));
#4776=DIRECTION('',(0.,0.382683432,-0.923879533));
#4777=VECTOR('',#4776,7.5);
#4778=LINE('',#4775,#4777);
#4779=EDGE_CURVE('',#3321,#4774,#4778,.T.);
#4780=ORIENTED_EDGE('',*,*,#4779,.T.);
#4781=CARTESIAN_POINT('',(82.5,78.493370689,80.994045131));
#4782=DIRECTION('',(-0.,-0.923879533,-0.382683432));
#4783=VECTOR('',#4782,202.562850605);
#4784=LINE('',#4781,#4783);
#4785=EDGE_CURVE('',#4774,#2557,#4784,.T.);
#4786=ORIENTED_EDGE('',*,*,#4785,.T.);
#4787=ORIENTED_EDGE('',*,*,#2563,.T.);
#4788=EDGE_LOOP('',(#4730,#4738,#4747,#4756,#4764,#4771,#4772,#4780,#4786,#4787));
#4789=FACE_BOUND('',#4788,.T.);
#4790=ADVANCED_FACE('',(#4789),#4721,.T.);
#4791=CARTESIAN_POINT('',(77.5,112.500029587,2.5));
#4792=DIRECTION('',(-0.,-1.,-0.));
#4793=DIRECTION('',(0.,0.,-1.));
#4794=AXIS2_PLACEMENT_3D('',#4791,#4792,#4793);
#4795=PLANE('',#4794);
#4796=ORIENTED_EDGE('',*,*,#4763,.T.);
#4797=CARTESIAN_POINT('',(82.5,112.500029587,25.));
#4798=DIRECTION('',(-1.,0.,-0.));
#4799=VECTOR('',#4798,5.);
#4800=LINE('',#4797,#4799);
#4801=EDGE_CURVE('',#4749,#4691,#4800,.T.);
#4802=ORIENTED_EDGE('',*,*,#4801,.T.);
#4803=ORIENTED_EDGE('',*,*,#4696,.F.);
#4804=CARTESIAN_POINT('',(82.5,112.500029587,65.782861893));
#4805=DIRECTION('',(-1.,0.,0.));
#4806=VECTOR('',#4805,5.);
#4807=LINE('',#4804,#4806);
#4808=EDGE_CURVE('',#4758,#4682,#4807,.T.);
#4809=ORIENTED_EDGE('',*,*,#4808,.F.);
#4810=EDGE_LOOP('',(#4796,#4802,#4803,#4809));
#4811=FACE_BOUND('',#4810,.T.);
#4812=ADVANCED_FACE('',(#4811),#4795,.F.);
#4813=CARTESIAN_POINT('',(82.5,29.375029587,10.));
#4814=DIRECTION('',(-0.,-0.,1.));
#4815=DIRECTION('',(0.,-1.,-0.));
#4816=AXIS2_PLACEMENT_3D('',#4813,#4814,#4815);
#4817=PLANE('',#4816);
#4818=ORIENTED_EDGE('',*,*,#4656,.T.);
#4819=CARTESIAN_POINT('',(77.5,29.190510639,10.));
#4820=DIRECTION('',(1.,-0.,0.));
#4821=VECTOR('',#4820,5.);
#4822=LINE('',#4819,#4821);
#4823=EDGE_CURVE('',#4651,#4732,#4822,.T.);
#4824=ORIENTED_EDGE('',*,*,#4823,.T.);
#4825=ORIENTED_EDGE('',*,*,#4737,.F.);
#4826=CARTESIAN_POINT('',(82.5,-43.875109611,10.));
#4827=DIRECTION('',(-1.,0.,0.));
#4828=VECTOR('',#4827,5.);
#4829=LINE('',#4826,#4828);
#4830=EDGE_CURVE('',#4723,#4649,#4829,.T.);
#4831=ORIENTED_EDGE('',*,*,#4830,.T.);
#4832=EDGE_LOOP('',(#4818,#4824,#4825,#4831));
#4833=FACE_BOUND('',#4832,.T.);
#4834=ADVANCED_FACE('',(#4833),#4817,.F.);
#4835=CARTESIAN_POINT('',(82.5,87.500029587,65.782861893));
#4836=DIRECTION('',(-1.,0.,0.));
#4837=DIRECTION('',(-0.,-1.,0.));
#4838=AXIS2_PLACEMENT_3D('',#4835,#4836,#4837);
#4839=CYLINDRICAL_SURFACE('',#4838,25.);
#4840=ORIENTED_EDGE('',*,*,#4688,.T.);
#4841=ORIENTED_EDGE('',*,*,#3343,.F.);
#4842=ORIENTED_EDGE('',*,*,#4770,.F.);
#4843=ORIENTED_EDGE('',*,*,#4808,.T.);
#4844=EDGE_LOOP('',(#4840,#4841,#4842,#4843));
#4845=FACE_BOUND('',#4844,.T.);
#4846=ADVANCED_FACE('',(#4845),#4839,.T.);
#4847=CARTESIAN_POINT('',(77.5,87.500029587,25.));
#4848=DIRECTION('',(1.,-0.,0.));
#4849=DIRECTION('',(0.,1.,0.));
#4850=AXIS2_PLACEMENT_3D('',#4847,#4848,#4849);
#4851=CYLINDRICAL_SURFACE('',#4850,25.);
#4852=ORIENTED_EDGE('',*,*,#4755,.F.);
#4853=CARTESIAN_POINT('',(82.5,79.170098309,1.428571429));
#4854=DIRECTION('',(-1.,0.,-0.));
#4855=VECTOR('',#4854,5.);
#4856=LINE('',#4853,#4855);
#4857=EDGE_CURVE('',#4740,#4699,#4856,.T.);
#4858=ORIENTED_EDGE('',*,*,#4857,.T.);
#4859=ORIENTED_EDGE('',*,*,#4705,.F.);
#4860=ORIENTED_EDGE('',*,*,#4801,.F.);
#4861=EDGE_LOOP('',(#4852,#4858,#4859,#4860));
#4862=FACE_BOUND('',#4861,.T.);
#4863=ADVANCED_FACE('',(#4862),#4851,.T.);
#4864=CARTESIAN_POINT('',(77.5,29.190510639,-140.));
#4865=DIRECTION('',(1.,-0.,0.));
#4866=DIRECTION('',(0.,1.,0.));
#4867=AXIS2_PLACEMENT_3D('',#4864,#4865,#4866);
#4868=CYLINDRICAL_SURFACE('',#4867,150.);
#4869=ORIENTED_EDGE('',*,*,#4712,.F.);
#4870=ORIENTED_EDGE('',*,*,#4857,.F.);
#4871=ORIENTED_EDGE('',*,*,#4746,.F.);
#4872=ORIENTED_EDGE('',*,*,#4823,.F.);
#4873=EDGE_LOOP('',(#4869,#4870,#4871,#4872));
#4874=FACE_BOUND('',#4873,.T.);
#4875=ADVANCED_FACE('',(#4874),#4868,.F.);
#4876=CARTESIAN_POINT('',(67.5,-2.5,0.));
#4877=DIRECTION('',(1.,-0.,0.));
#4878=DIRECTION('',(0.,1.,0.));
#4879=AXIS2_PLACEMENT_3D('',#4876,#4877,#4878);
#4880=PLANE('',#4879);
#4881=CARTESIAN_POINT('',(67.5,-43.875109611,10.));
#4882=VERTEX_POINT('',#4881);
#4883=CARTESIAN_POINT('',(67.5,29.190510639,10.));
#4884=VERTEX_POINT('',#4883);
#4885=CARTESIAN_POINT('',(67.5,-43.875109611,10.));
#4886=DIRECTION('',(0.,1.,0.));
#4887=VECTOR('',#4886,73.06562025);
#4888=LINE('',#4885,#4887);
#4889=EDGE_CURVE('',#4882,#4884,#4888,.T.);
#4890=ORIENTED_EDGE('',*,*,#4889,.F.);
#4891=CARTESIAN_POINT('',(67.5,-43.875109611,-140.));
#4892=DIRECTION('',(1.,-0.,0.));
#4893=DIRECTION('',(-0.,-0.,1.));
#4894=AXIS2_PLACEMENT_3D('',#4891,#4892,#4893);
#4895=CIRCLE('',#4894,150.);
#4896=EDGE_CURVE('',#4882,#2406,#4895,.T.);
#4897=ORIENTED_EDGE('',*,*,#4896,.T.);
#4898=ORIENTED_EDGE('',*,*,#2412,.F.);
#4899=CARTESIAN_POINT('',(67.5,78.493370689,80.994045131));
#4900=VERTEX_POINT('',#4899);
#4901=CARTESIAN_POINT('',(67.5,-108.650301032,3.476598192));
#4902=DIRECTION('',(0.,0.923879533,0.382683432));
#4903=VECTOR('',#4902,202.562850605);
#4904=LINE('',#4901,#4903);
#4905=EDGE_CURVE('',#2352,#4900,#4904,.T.);
#4906=ORIENTED_EDGE('',*,*,#4905,.T.);
#4907=CARTESIAN_POINT('',(67.5,78.493370689,80.994045131));
#4908=DIRECTION('',(-0.,-0.382683432,0.923879533));
#4909=VECTOR('',#4908,7.5);
#4910=LINE('',#4907,#4909);
#4911=EDGE_CURVE('',#4900,#3388,#4910,.T.);
#4912=ORIENTED_EDGE('',*,*,#4911,.T.);
#4913=ORIENTED_EDGE('',*,*,#3393,.F.);
#4914=CARTESIAN_POINT('',(67.5,112.500029587,65.782861893));
#4915=VERTEX_POINT('',#4914);
#4916=CARTESIAN_POINT('',(67.5,87.500029587,65.782861893));
#4917=DIRECTION('',(1.,-0.,0.));
#4918=DIRECTION('',(0.,0.,-1.));
#4919=AXIS2_PLACEMENT_3D('',#4916,#4917,#4918);
#4920=CIRCLE('',#4919,25.);
#4921=EDGE_CURVE('',#4915,#3380,#4920,.T.);
#4922=ORIENTED_EDGE('',*,*,#4921,.F.);
#4923=CARTESIAN_POINT('',(67.5,112.500029587,25.));
#4924=VERTEX_POINT('',#4923);
#4925=CARTESIAN_POINT('',(67.5,112.500029587,65.782861893));
#4926=DIRECTION('',(0.,0.,-1.));
#4927=VECTOR('',#4926,40.782861893);
#4928=LINE('',#4925,#4927);
#4929=EDGE_CURVE('',#4915,#4924,#4928,.T.);
#4930=ORIENTED_EDGE('',*,*,#4929,.T.);
#4931=CARTESIAN_POINT('',(67.5,79.170098309,1.428571429));
#4932=VERTEX_POINT('',#4931);
#4933=CARTESIAN_POINT('',(67.5,87.500029587,25.));
#4934=DIRECTION('',(-1.,0.,-0.));
#4935=DIRECTION('',(0.,1.,0.));
#4936=AXIS2_PLACEMENT_3D('',#4933,#4934,#4935);
#4937=CIRCLE('',#4936,25.);
#4938=EDGE_CURVE('',#4924,#4932,#4937,.T.);
#4939=ORIENTED_EDGE('',*,*,#4938,.T.);
#4940=CARTESIAN_POINT('',(67.5,29.190510639,-140.));
#4941=DIRECTION('',(1.,-0.,0.));
#4942=DIRECTION('',(0.,1.,0.));
#4943=AXIS2_PLACEMENT_3D('',#4940,#4941,#4942);
#4944=CIRCLE('',#4943,150.);
#4945=EDGE_CURVE('',#4932,#4884,#4944,.T.);
#4946=ORIENTED_EDGE('',*,*,#4945,.T.);
#4947=EDGE_LOOP('',(#4890,#4897,#4898,#4906,#4912,#4913,#4922,#4930,#4939,#4946));
#4948=FACE_BOUND('',#4947,.T.);
#4949=ADVANCED_FACE('',(#4948),#4880,.F.);
#4950=CARTESIAN_POINT('',(72.5,-2.5,0.));
#4951=DIRECTION('',(1.,-0.,0.));
#4952=DIRECTION('',(0.,1.,0.));
#4953=AXIS2_PLACEMENT_3D('',#4950,#4951,#4952);
#4954=PLANE('',#4953);
#4955=CARTESIAN_POINT('',(72.5,-43.875109611,10.));
#4956=VERTEX_POINT('',#4955);
#4957=CARTESIAN_POINT('',(72.5,-43.875109611,-140.));
#4958=DIRECTION('',(1.,-0.,0.));
#4959=DIRECTION('',(0.,1.,0.));
#4960=AXIS2_PLACEMENT_3D('',#4957,#4958,#4959);
#4961=CIRCLE('',#4960,150.);
#4962=EDGE_CURVE('',#4956,#2415,#4961,.T.);
#4963=ORIENTED_EDGE('',*,*,#4962,.F.);
#4964=CARTESIAN_POINT('',(72.5,29.190510639,10.));
#4965=VERTEX_POINT('',#4964);
#4966=CARTESIAN_POINT('',(72.5,-43.875109611,10.));
#4967=DIRECTION('',(0.,1.,0.));
#4968=VECTOR('',#4967,73.06562025);
#4969=LINE('',#4966,#4968);
#4970=EDGE_CURVE('',#4956,#4965,#4969,.T.);
#4971=ORIENTED_EDGE('',*,*,#4970,.T.);
#4972=CARTESIAN_POINT('',(72.5,79.170098309,1.428571429));
#4973=VERTEX_POINT('',#4972);
#4974=CARTESIAN_POINT('',(72.5,29.190510639,-140.));
#4975=DIRECTION('',(-1.,0.,-0.));
#4976=DIRECTION('',(0.,1.,0.));
#4977=AXIS2_PLACEMENT_3D('',#4974,#4975,#4976);
#4978=CIRCLE('',#4977,150.);
#4979=EDGE_CURVE('',#4965,#4973,#4978,.T.);
#4980=ORIENTED_EDGE('',*,*,#4979,.T.);
#4981=CARTESIAN_POINT('',(72.5,112.500029587,25.));
#4982=VERTEX_POINT('',#4981);
#4983=CARTESIAN_POINT('',(72.5,87.500029587,25.));
#4984=DIRECTION('',(1.,-0.,0.));
#4985=DIRECTION('',(0.,1.,0.));
#4986=AXIS2_PLACEMENT_3D('',#4983,#4984,#4985);
#4987=CIRCLE('',#4986,25.);
#4988=EDGE_CURVE('',#4973,#4982,#4987,.T.);
#4989=ORIENTED_EDGE('',*,*,#4988,.T.);
#4990=CARTESIAN_POINT('',(72.5,112.500029587,65.782861893));
#4991=VERTEX_POINT('',#4990);
#4992=CARTESIAN_POINT('',(72.5,112.500029587,65.782861893));
#4993=DIRECTION('',(0.,0.,-1.));
#4994=VECTOR('',#4993,40.782861893);
#4995=LINE('',#4992,#4994);
#4996=EDGE_CURVE('',#4991,#4982,#4995,.T.);
#4997=ORIENTED_EDGE('',*,*,#4996,.F.);
#4998=CARTESIAN_POINT('',(72.5,87.500029587,65.782861893));
#4999=DIRECTION('',(1.,-0.,0.));
#5000=DIRECTION('',(0.,0.,-1.));
#5001=AXIS2_PLACEMENT_3D('',#4998,#4999,#5000);
#5002=CIRCLE('',#5001,25.);
#5003=EDGE_CURVE('',#4991,#3372,#5002,.T.);
#5004=ORIENTED_EDGE('',*,*,#5003,.T.);
#5005=ORIENTED_EDGE('',*,*,#3377,.T.);
#5006=CARTESIAN_POINT('',(72.5,78.493370689,80.994045131));
#5007=VERTEX_POINT('',#5006);
#5008=CARTESIAN_POINT('',(72.5,75.623244947,87.923141625));
#5009=DIRECTION('',(0.,0.382683432,-0.923879533));
#5010=VECTOR('',#5009,7.5);
#5011=LINE('',#5008,#5010);
#5012=EDGE_CURVE('',#3363,#5007,#5011,.T.);
#5013=ORIENTED_EDGE('',*,*,#5012,.T.);
#5014=CARTESIAN_POINT('',(72.5,78.493370689,80.994045131));
#5015=DIRECTION('',(-0.,-0.923879533,-0.382683432));
#5016=VECTOR('',#5015,202.562850605);
#5017=LINE('',#5014,#5016);
#5018=EDGE_CURVE('',#5007,#2423,#5017,.T.);
#5019=ORIENTED_EDGE('',*,*,#5018,.T.);
#5020=ORIENTED_EDGE('',*,*,#2429,.T.);
#5021=EDGE_LOOP('',(#4963,#4971,#4980,#4989,#4997,#5004,#5005,#5013,#5019,#5020));
#5022=FACE_BOUND('',#5021,.T.);
#5023=ADVANCED_FACE('',(#5022),#4954,.T.);
#5024=CARTESIAN_POINT('',(67.5,112.500029587,2.5));
#5025=DIRECTION('',(-0.,-1.,-0.));
#5026=DIRECTION('',(0.,0.,-1.));
#5027=AXIS2_PLACEMENT_3D('',#5024,#5025,#5026);
#5028=PLANE('',#5027);
#5029=ORIENTED_EDGE('',*,*,#4996,.T.);
#5030=CARTESIAN_POINT('',(72.5,112.500029587,25.));
#5031=DIRECTION('',(-1.,0.,-0.));
#5032=VECTOR('',#5031,5.);
#5033=LINE('',#5030,#5032);
#5034=EDGE_CURVE('',#4982,#4924,#5033,.T.);
#5035=ORIENTED_EDGE('',*,*,#5034,.T.);
#5036=ORIENTED_EDGE('',*,*,#4929,.F.);
#5037=CARTESIAN_POINT('',(72.5,112.500029587,65.782861893));
#5038=DIRECTION('',(-1.,0.,0.));
#5039=VECTOR('',#5038,5.);
#5040=LINE('',#5037,#5039);
#5041=EDGE_CURVE('',#4991,#4915,#5040,.T.);
#5042=ORIENTED_EDGE('',*,*,#5041,.F.);
#5043=EDGE_LOOP('',(#5029,#5035,#5036,#5042));
#5044=FACE_BOUND('',#5043,.T.);
#5045=ADVANCED_FACE('',(#5044),#5028,.F.);
#5046=CARTESIAN_POINT('',(72.5,29.375029587,10.));
#5047=DIRECTION('',(-0.,-0.,1.));
#5048=DIRECTION('',(0.,-1.,-0.));
#5049=AXIS2_PLACEMENT_3D('',#5046,#5047,#5048);
#5050=PLANE('',#5049);
#5051=ORIENTED_EDGE('',*,*,#4889,.T.);
#5052=CARTESIAN_POINT('',(67.5,29.190510639,10.));
#5053=DIRECTION('',(1.,-0.,0.));
#5054=VECTOR('',#5053,5.);
#5055=LINE('',#5052,#5054);
#5056=EDGE_CURVE('',#4884,#4965,#5055,.T.);
#5057=ORIENTED_EDGE('',*,*,#5056,.T.);
#5058=ORIENTED_EDGE('',*,*,#4970,.F.);
#5059=CARTESIAN_POINT('',(72.5,-43.875109611,10.));
#5060=DIRECTION('',(-1.,0.,0.));
#5061=VECTOR('',#5060,5.);
#5062=LINE('',#5059,#5061);
#5063=EDGE_CURVE('',#4956,#4882,#5062,.T.);
#5064=ORIENTED_EDGE('',*,*,#5063,.T.);
#5065=EDGE_LOOP('',(#5051,#5057,#5058,#5064));
#5066=FACE_BOUND('',#5065,.T.);
#5067=ADVANCED_FACE('',(#5066),#5050,.F.);
#5068=CARTESIAN_POINT('',(72.5,87.500029587,65.782861893));
#5069=DIRECTION('',(-1.,0.,0.));
#5070=DIRECTION('',(-0.,-1.,0.));
#5071=AXIS2_PLACEMENT_3D('',#5068,#5069,#5070);
#5072=CYLINDRICAL_SURFACE('',#5071,25.);
#5073=ORIENTED_EDGE('',*,*,#4921,.T.);
#5074=ORIENTED_EDGE('',*,*,#3385,.F.);
#5075=ORIENTED_EDGE('',*,*,#5003,.F.);
#5076=ORIENTED_EDGE('',*,*,#5041,.T.);
#5077=EDGE_LOOP('',(#5073,#5074,#5075,#5076));
#5078=FACE_BOUND('',#5077,.T.);
#5079=ADVANCED_FACE('',(#5078),#5072,.T.);
#5080=CARTESIAN_POINT('',(67.5,87.500029587,25.));
#5081=DIRECTION('',(1.,-0.,0.));
#5082=DIRECTION('',(0.,1.,0.));
#5083=AXIS2_PLACEMENT_3D('',#5080,#5081,#5082);
#5084=CYLINDRICAL_SURFACE('',#5083,25.);
#5085=ORIENTED_EDGE('',*,*,#4988,.F.);
#5086=CARTESIAN_POINT('',(72.5,79.170098309,1.428571429));
#5087=DIRECTION('',(-1.,0.,-0.));
#5088=VECTOR('',#5087,5.);
#5089=LINE('',#5086,#5088);
#5090=EDGE_CURVE('',#4973,#4932,#5089,.T.);
#5091=ORIENTED_EDGE('',*,*,#5090,.T.);
#5092=ORIENTED_EDGE('',*,*,#4938,.F.);
#5093=ORIENTED_EDGE('',*,*,#5034,.F.);
#5094=EDGE_LOOP('',(#5085,#5091,#5092,#5093));
#5095=FACE_BOUND('',#5094,.T.);
#5096=ADVANCED_FACE('',(#5095),#5084,.T.);
#5097=CARTESIAN_POINT('',(67.5,29.190510639,-140.));
#5098=DIRECTION('',(1.,-0.,0.));
#5099=DIRECTION('',(0.,1.,0.));
#5100=AXIS2_PLACEMENT_3D('',#5097,#5098,#5099);
#5101=CYLINDRICAL_SURFACE('',#5100,150.);
#5102=ORIENTED_EDGE('',*,*,#4945,.F.);
#5103=ORIENTED_EDGE('',*,*,#5090,.F.);
#5104=ORIENTED_EDGE('',*,*,#4979,.F.);
#5105=ORIENTED_EDGE('',*,*,#5056,.F.);
#5106=EDGE_LOOP('',(#5102,#5103,#5104,#5105));
#5107=FACE_BOUND('',#5106,.T.);
#5108=ADVANCED_FACE('',(#5107),#5101,.F.);
#5109=CARTESIAN_POINT('',(57.5,-2.5,0.));
#5110=DIRECTION('',(1.,-0.,0.));
#5111=DIRECTION('',(0.,1.,0.));
#5112=AXIS2_PLACEMENT_3D('',#5109,#5110,#5111);
#5113=PLANE('',#5112);
#5114=CARTESIAN_POINT('',(57.5,-43.875109611,10.));
#5115=VERTEX_POINT('',#5114);
#5116=CARTESIAN_POINT('',(57.5,29.190510639,10.));
#5117=VERTEX_POINT('',#5116);
#5118=CARTESIAN_POINT('',(57.5,-43.875109611,10.));
#5119=DIRECTION('',(0.,1.,0.));
#5120=VECTOR('',#5119,73.06562025);
#5121=LINE('',#5118,#5120);
#5122=EDGE_CURVE('',#5115,#5117,#5121,.T.);
#5123=ORIENTED_EDGE('',*,*,#5122,.F.);
#5124=CARTESIAN_POINT('',(57.5,-43.875109611,-140.));
#5125=DIRECTION('',(1.,-0.,0.));
#5126=DIRECTION('',(-0.,-0.,1.));
#5127=AXIS2_PLACEMENT_3D('',#5124,#5125,#5126);
#5128=CIRCLE('',#5127,150.);
#5129=EDGE_CURVE('',#5115,#2272,#5128,.T.);
#5130=ORIENTED_EDGE('',*,*,#5129,.T.);
#5131=ORIENTED_EDGE('',*,*,#2278,.F.);
#5132=CARTESIAN_POINT('',(57.5,78.493370689,80.994045131));
#5133=VERTEX_POINT('',#5132);
#5134=CARTESIAN_POINT('',(57.5,-108.650301032,3.476598192));
#5135=DIRECTION('',(0.,0.923879533,0.382683432));
#5136=VECTOR('',#5135,202.562850605);
#5137=LINE('',#5134,#5136);
#5138=EDGE_CURVE('',#2218,#5133,#5137,.T.);
#5139=ORIENTED_EDGE('',*,*,#5138,.T.);
#5140=CARTESIAN_POINT('',(57.5,78.493370689,80.994045131));
#5141=DIRECTION('',(-0.,-0.382683432,0.923879533));
#5142=VECTOR('',#5141,7.5);
#5143=LINE('',#5140,#5142);
#5144=EDGE_CURVE('',#5133,#3430,#5143,.T.);
#5145=ORIENTED_EDGE('',*,*,#5144,.T.);
#5146=ORIENTED_EDGE('',*,*,#3435,.F.);
#5147=CARTESIAN_POINT('',(57.5,112.500029587,65.782861893));
#5148=VERTEX_POINT('',#5147);
#5149=CARTESIAN_POINT('',(57.5,87.500029587,65.782861893));
#5150=DIRECTION('',(1.,-0.,0.));
#5151=DIRECTION('',(0.,0.,-1.));
#5152=AXIS2_PLACEMENT_3D('',#5149,#5150,#5151);
#5153=CIRCLE('',#5152,25.);
#5154=EDGE_CURVE('',#5148,#3422,#5153,.T.);
#5155=ORIENTED_EDGE('',*,*,#5154,.F.);
#5156=CARTESIAN_POINT('',(57.5,112.500029587,25.));
#5157=VERTEX_POINT('',#5156);
#5158=CARTESIAN_POINT('',(57.5,112.500029587,65.782861893));
#5159=DIRECTION('',(0.,0.,-1.));
#5160=VECTOR('',#5159,40.782861893);
#5161=LINE('',#5158,#5160);
#5162=EDGE_CURVE('',#5148,#5157,#5161,.T.);
#5163=ORIENTED_EDGE('',*,*,#5162,.T.);
#5164=CARTESIAN_POINT('',(57.5,79.170098309,1.428571429));
#5165=VERTEX_POINT('',#5164);
#5166=CARTESIAN_POINT('',(57.5,87.500029587,25.));
#5167=DIRECTION('',(-1.,0.,-0.));
#5168=DIRECTION('',(0.,1.,0.));
#5169=AXIS2_PLACEMENT_3D('',#5166,#5167,#5168);
#5170=CIRCLE('',#5169,25.);
#5171=EDGE_CURVE('',#5157,#5165,#5170,.T.);
#5172=ORIENTED_EDGE('',*,*,#5171,.T.);
#5173=CARTESIAN_POINT('',(57.5,29.190510639,-140.));
#5174=DIRECTION('',(1.,-0.,0.));
#5175=DIRECTION('',(0.,1.,0.));
#5176=AXIS2_PLACEMENT_3D('',#5173,#5174,#5175);
#5177=CIRCLE('',#5176,150.);
#5178=EDGE_CURVE('',#5165,#5117,#5177,.T.);
#5179=ORIENTED_EDGE('',*,*,#5178,.T.);
#5180=EDGE_LOOP('',(#5123,#5130,#5131,#5139,#5145,#5146,#5155,#5163,#5172,#5179));
#5181=FACE_BOUND('',#5180,.T.);
#5182=ADVANCED_FACE('',(#5181),#5113,.F.);
#5183=CARTESIAN_POINT('',(62.5,-2.5,0.));
#5184=DIRECTION('',(1.,-0.,0.));
#5185=DIRECTION('',(0.,1.,0.));
#5186=AXIS2_PLACEMENT_3D('',#5183,#5184,#5185);
#5187=PLANE('',#5186);
#5188=CARTESIAN_POINT('',(62.5,-43.875109611,10.));
#5189=VERTEX_POINT('',#5188);
#5190=CARTESIAN_POINT('',(62.5,-43.875109611,-140.));
#5191=DIRECTION('',(1.,-0.,0.));
#5192=DIRECTION('',(0.,1.,0.));
#5193=AXIS2_PLACEMENT_3D('',#5190,#5191,#5192);
#5194=CIRCLE('',#5193,150.);
#5195=EDGE_CURVE('',#5189,#2281,#5194,.T.);
#5196=ORIENTED_EDGE('',*,*,#5195,.F.);
#5197=CARTESIAN_POINT('',(62.5,29.190510639,10.));
#5198=VERTEX_POINT('',#5197);
#5199=CARTESIAN_POINT('',(62.5,-43.875109611,10.));
#5200=DIRECTION('',(0.,1.,0.));
#5201=VECTOR('',#5200,73.06562025);
#5202=LINE('',#5199,#5201);
#5203=EDGE_CURVE('',#5189,#5198,#5202,.T.);
#5204=ORIENTED_EDGE('',*,*,#5203,.T.);
#5205=CARTESIAN_POINT('',(62.5,79.170098309,1.428571429));
#5206=VERTEX_POINT('',#5205);
#5207=CARTESIAN_POINT('',(62.5,29.190510639,-140.));
#5208=DIRECTION('',(-1.,0.,-0.));
#5209=DIRECTION('',(0.,1.,0.));
#5210=AXIS2_PLACEMENT_3D('',#5207,#5208,#5209);
#5211=CIRCLE('',#5210,150.);
#5212=EDGE_CURVE('',#5198,#5206,#5211,.T.);
#5213=ORIENTED_EDGE('',*,*,#5212,.T.);
#5214=CARTESIAN_POINT('',(62.5,112.500029587,25.));
#5215=VERTEX_POINT('',#5214);
#5216=CARTESIAN_POINT('',(62.5,87.500029587,25.));
#5217=DIRECTION('',(1.,-0.,0.));
#5218=DIRECTION('',(0.,1.,0.));
#5219=AXIS2_PLACEMENT_3D('',#5216,#5217,#5218);
#5220=CIRCLE('',#5219,25.);
#5221=EDGE_CURVE('',#5206,#5215,#5220,.T.);
#5222=ORIENTED_EDGE('',*,*,#5221,.T.);
#5223=CARTESIAN_POINT('',(62.5,112.500029587,65.782861893));
#5224=VERTEX_POINT('',#5223);
#5225=CARTESIAN_POINT('',(62.5,112.500029587,65.782861893));
#5226=DIRECTION('',(0.,0.,-1.));
#5227=VECTOR('',#5226,40.782861893);
#5228=LINE('',#5225,#5227);
#5229=EDGE_CURVE('',#5224,#5215,#5228,.T.);
#5230=ORIENTED_EDGE('',*,*,#5229,.F.);
#5231=CARTESIAN_POINT('',(62.5,87.500029587,65.782861893));
#5232=DIRECTION('',(1.,-0.,0.));
#5233=DIRECTION('',(0.,0.,-1.));
#5234=AXIS2_PLACEMENT_3D('',#5231,#5232,#5233);
#5235=CIRCLE('',#5234,25.);
#5236=EDGE_CURVE('',#5224,#3414,#5235,.T.);
#5237=ORIENTED_EDGE('',*,*,#5236,.T.);
#5238=ORIENTED_EDGE('',*,*,#3419,.T.);
#5239=CARTESIAN_POINT('',(62.5,78.493370689,80.994045131));
#5240=VERTEX_POINT('',#5239);
#5241=CARTESIAN_POINT('',(62.5,75.623244947,87.923141625));
#5242=DIRECTION('',(0.,0.382683432,-0.923879533));
#5243=VECTOR('',#5242,7.5);
#5244=LINE('',#5241,#5243);
#5245=EDGE_CURVE('',#3405,#5240,#5244,.T.);
#5246=ORIENTED_EDGE('',*,*,#5245,.T.);
#5247=CARTESIAN_POINT('',(62.5,78.493370689,80.994045131));
#5248=DIRECTION('',(-0.,-0.923879533,-0.382683432));
#5249=VECTOR('',#5248,202.562850605);
#5250=LINE('',#5247,#5249);
#5251=EDGE_CURVE('',#5240,#2289,#5250,.T.);
#5252=ORIENTED_EDGE('',*,*,#5251,.T.);
#5253=ORIENTED_EDGE('',*,*,#2295,.T.);
#5254=EDGE_LOOP('',(#5196,#5204,#5213,#5222,#5230,#5237,#5238,#5246,#5252,#5253));
#5255=FACE_BOUND('',#5254,.T.);
#5256=ADVANCED_FACE('',(#5255),#5187,.T.);
#5257=CARTESIAN_POINT('',(57.5,112.500029587,2.5));
#5258=DIRECTION('',(-0.,-1.,-0.));
#5259=DIRECTION('',(0.,0.,-1.));
#5260=AXIS2_PLACEMENT_3D('',#5257,#5258,#5259);
#5261=PLANE('',#5260);
#5262=ORIENTED_EDGE('',*,*,#5229,.T.);
#5263=CARTESIAN_POINT('',(62.5,112.500029587,25.));
#5264=DIRECTION('',(-1.,0.,-0.));
#5265=VECTOR('',#5264,5.);
#5266=LINE('',#5263,#5265);
#5267=EDGE_CURVE('',#5215,#5157,#5266,.T.);
#5268=ORIENTED_EDGE('',*,*,#5267,.T.);
#5269=ORIENTED_EDGE('',*,*,#5162,.F.);
#5270=CARTESIAN_POINT('',(62.5,112.500029587,65.782861893));
#5271=DIRECTION('',(-1.,0.,0.));
#5272=VECTOR('',#5271,5.);
#5273=LINE('',#5270,#5272);
#5274=EDGE_CURVE('',#5224,#5148,#5273,.T.);
#5275=ORIENTED_EDGE('',*,*,#5274,.F.);
#5276=EDGE_LOOP('',(#5262,#5268,#5269,#5275));
#5277=FACE_BOUND('',#5276,.T.);
#5278=ADVANCED_FACE('',(#5277),#5261,.F.);
#5279=CARTESIAN_POINT('',(62.5,29.375029587,10.));
#5280=DIRECTION('',(-0.,-0.,1.));
#5281=DIRECTION('',(0.,-1.,-0.));
#5282=AXIS2_PLACEMENT_3D('',#5279,#5280,#5281);
#5283=PLANE('',#5282);
#5284=ORIENTED_EDGE('',*,*,#5122,.T.);
#5285=CARTESIAN_POINT('',(57.5,29.190510639,10.));
#5286=DIRECTION('',(1.,-0.,0.));
#5287=VECTOR('',#5286,5.);
#5288=LINE('',#5285,#5287);
#5289=EDGE_CURVE('',#5117,#5198,#5288,.T.);
#5290=ORIENTED_EDGE('',*,*,#5289,.T.);
#5291=ORIENTED_EDGE('',*,*,#5203,.F.);
#5292=CARTESIAN_POINT('',(62.5,-43.875109611,10.));
#5293=DIRECTION('',(-1.,0.,0.));
#5294=VECTOR('',#5293,5.);
#5295=LINE('',#5292,#5294);
#5296=EDGE_CURVE('',#5189,#5115,#5295,.T.);
#5297=ORIENTED_EDGE('',*,*,#5296,.T.);
#5298=EDGE_LOOP('',(#5284,#5290,#5291,#5297));
#5299=FACE_BOUND('',#5298,.T.);
#5300=ADVANCED_FACE('',(#5299),#5283,.F.);
#5301=CARTESIAN_POINT('',(62.5,87.500029587,65.782861893));
#5302=DIRECTION('',(-1.,0.,0.));
#5303=DIRECTION('',(-0.,-1.,0.));
#5304=AXIS2_PLACEMENT_3D('',#5301,#5302,#5303);
#5305=CYLINDRICAL_SURFACE('',#5304,25.);
#5306=ORIENTED_EDGE('',*,*,#5154,.T.);
#5307=ORIENTED_EDGE('',*,*,#3427,.F.);
#5308=ORIENTED_EDGE('',*,*,#5236,.F.);
#5309=ORIENTED_EDGE('',*,*,#5274,.T.);
#5310=EDGE_LOOP('',(#5306,#5307,#5308,#5309));
#5311=FACE_BOUND('',#5310,.T.);
#5312=ADVANCED_FACE('',(#5311),#5305,.T.);
#5313=CARTESIAN_POINT('',(57.5,87.500029587,25.));
#5314=DIRECTION('',(1.,-0.,0.));
#5315=DIRECTION('',(0.,1.,0.));
#5316=AXIS2_PLACEMENT_3D('',#5313,#5314,#5315);
#5317=CYLINDRICAL_SURFACE('',#5316,25.);
#5318=ORIENTED_EDGE('',*,*,#5221,.F.);
#5319=CARTESIAN_POINT('',(62.5,79.170098309,1.428571429));
#5320=DIRECTION('',(-1.,0.,-0.));
#5321=VECTOR('',#5320,5.);
#5322=LINE('',#5319,#5321);
#5323=EDGE_CURVE('',#5206,#5165,#5322,.T.);
#5324=ORIENTED_EDGE('',*,*,#5323,.T.);
#5325=ORIENTED_EDGE('',*,*,#5171,.F.);
#5326=ORIENTED_EDGE('',*,*,#5267,.F.);
#5327=EDGE_LOOP('',(#5318,#5324,#5325,#5326));
#5328=FACE_BOUND('',#5327,.T.);
#5329=ADVANCED_FACE('',(#5328),#5317,.T.);
#5330=CARTESIAN_POINT('',(57.5,29.190510639,-140.));
#5331=DIRECTION('',(1.,-0.,0.));
#5332=DIRECTION('',(0.,1.,0.));
#5333=AXIS2_PLACEMENT_3D('',#5330,#5331,#5332);
#5334=CYLINDRICAL_SURFACE('',#5333,150.);
#5335=ORIENTED_EDGE('',*,*,#5178,.F.);
#5336=ORIENTED_EDGE('',*,*,#5323,.F.);
#5337=ORIENTED_EDGE('',*,*,#5212,.F.);
#5338=ORIENTED_EDGE('',*,*,#5289,.F.);
#5339=EDGE_LOOP('',(#5335,#5336,#5337,#5338));
#5340=FACE_BOUND('',#5339,.T.);
#5341=ADVANCED_FACE('',(#5340),#5334,.F.);
#5342=CARTESIAN_POINT('',(47.5,-2.5,0.));
#5343=DIRECTION('',(1.,-0.,0.));
#5344=DIRECTION('',(0.,1.,0.));
#5345=AXIS2_PLACEMENT_3D('',#5342,#5343,#5344);
#5346=PLANE('',#5345);
#5347=CARTESIAN_POINT('',(47.5,-43.875109611,10.));
#5348=VERTEX_POINT('',#5347);
#5349=CARTESIAN_POINT('',(47.5,29.190510639,10.));
#5350=VERTEX_POINT('',#5349);
#5351=CARTESIAN_POINT('',(47.5,-43.875109611,10.));
#5352=DIRECTION('',(0.,1.,0.));
#5353=VECTOR('',#5352,73.06562025);
#5354=LINE('',#5351,#5353);
#5355=EDGE_CURVE('',#5348,#5350,#5354,.T.);
#5356=ORIENTED_EDGE('',*,*,#5355,.F.);
#5357=CARTESIAN_POINT('',(47.5,-43.875109611,-140.));
#5358=DIRECTION('',(1.,-0.,0.));
#5359=DIRECTION('',(-0.,-0.,1.));
#5360=AXIS2_PLACEMENT_3D('',#5357,#5358,#5359);
#5361=CIRCLE('',#5360,150.);
#5362=EDGE_CURVE('',#5348,#2192,#5361,.T.);
#5363=ORIENTED_EDGE('',*,*,#5362,.T.);
#5364=ORIENTED_EDGE('',*,*,#2198,.F.);
#5365=CARTESIAN_POINT('',(47.5,78.493370689,80.994045131));
#5366=VERTEX_POINT('',#5365);
#5367=CARTESIAN_POINT('',(47.5,-108.650301032,3.476598192));
#5368=DIRECTION('',(0.,0.923879533,0.382683432));
#5369=VECTOR('',#5368,202.562850605);
#5370=LINE('',#5367,#5369);
#5371=EDGE_CURVE('',#2138,#5366,#5370,.T.);
#5372=ORIENTED_EDGE('',*,*,#5371,.T.);
#5373=CARTESIAN_POINT('',(47.5,78.493370689,80.994045131));
#5374=DIRECTION('',(-0.,-0.382683432,0.923879533));
#5375=VECTOR('',#5374,7.5);
#5376=LINE('',#5373,#5375);
#5377=EDGE_CURVE('',#5366,#3463,#5376,.T.);
#5378=ORIENTED_EDGE('',*,*,#5377,.T.);
#5379=ORIENTED_EDGE('',*,*,#3468,.F.);
#5380=CARTESIAN_POINT('',(47.5,112.500029587,65.782861893));
#5381=VERTEX_POINT('',#5380);
#5382=CARTESIAN_POINT('',(47.5,87.500029587,65.782861893));
#5383=DIRECTION('',(1.,-0.,0.));
#5384=DIRECTION('',(0.,0.,-1.));
#5385=AXIS2_PLACEMENT_3D('',#5382,#5383,#5384);
#5386=CIRCLE('',#5385,25.);
#5387=EDGE_CURVE('',#5381,#3455,#5386,.T.);
#5388=ORIENTED_EDGE('',*,*,#5387,.F.);
#5389=CARTESIAN_POINT('',(47.5,112.500029587,25.));
#5390=VERTEX_POINT('',#5389);
#5391=CARTESIAN_POINT('',(47.5,112.500029587,65.782861893));
#5392=DIRECTION('',(0.,0.,-1.));
#5393=VECTOR('',#5392,40.782861893);
#5394=LINE('',#5391,#5393);
#5395=EDGE_CURVE('',#5381,#5390,#5394,.T.);
#5396=ORIENTED_EDGE('',*,*,#5395,.T.);
#5397=CARTESIAN_POINT('',(47.5,79.170098309,1.428571429));
#5398=VERTEX_POINT('',#5397);
#5399=CARTESIAN_POINT('',(47.5,87.500029587,25.));
#5400=DIRECTION('',(-1.,0.,-0.));
#5401=DIRECTION('',(0.,1.,0.));
#5402=AXIS2_PLACEMENT_3D('',#5399,#5400,#5401);
#5403=CIRCLE('',#5402,25.);
#5404=EDGE_CURVE('',#5390,#5398,#5403,.T.);
#5405=ORIENTED_EDGE('',*,*,#5404,.T.);
#5406=CARTESIAN_POINT('',(47.5,29.190510639,-140.));
#5407=DIRECTION('',(1.,-0.,0.));
#5408=DIRECTION('',(0.,1.,0.));
#5409=AXIS2_PLACEMENT_3D('',#5406,#5407,#5408);
#5410=CIRCLE('',#5409,150.);
#5411=EDGE_CURVE('',#5398,#5350,#5410,.T.);
#5412=ORIENTED_EDGE('',*,*,#5411,.T.);
#5413=EDGE_LOOP('',(#5356,#5363,#5364,#5372,#5378,#5379,#5388,#5396,#5405,#5412));
#5414=FACE_BOUND('',#5413,.T.);
#5415=ADVANCED_FACE('',(#5414),#5346,.F.);
#5416=CARTESIAN_POINT('',(52.5,-2.5,0.));
#5417=DIRECTION('',(1.,-0.,0.));
#5418=DIRECTION('',(0.,1.,0.));
#5419=AXIS2_PLACEMENT_3D('',#5416,#5417,#5418);
#5420=PLANE('',#5419);
#5421=CARTESIAN_POINT('',(52.5,-43.875109611,10.));
#5422=VERTEX_POINT('',#5421);
#5423=CARTESIAN_POINT('',(52.5,-43.875109611,-140.));
#5424=DIRECTION('',(1.,-0.,0.));
#5425=DIRECTION('',(0.,1.,0.));
#5426=AXIS2_PLACEMENT_3D('',#5423,#5424,#5425);
#5427=CIRCLE('',#5426,150.);
#5428=EDGE_CURVE('',#5422,#2201,#5427,.T.);
#5429=ORIENTED_EDGE('',*,*,#5428,.F.);
#5430=CARTESIAN_POINT('',(52.5,29.190510639,10.));
#5431=VERTEX_POINT('',#5430);
#5432=CARTESIAN_POINT('',(52.5,-43.875109611,10.));
#5433=DIRECTION('',(0.,1.,0.));
#5434=VECTOR('',#5433,73.06562025);
#5435=LINE('',#5432,#5434);
#5436=EDGE_CURVE('',#5422,#5431,#5435,.T.);
#5437=ORIENTED_EDGE('',*,*,#5436,.T.);
#5438=CARTESIAN_POINT('',(52.5,79.170098309,1.428571429));
#5439=VERTEX_POINT('',#5438);
#5440=CARTESIAN_POINT('',(52.5,29.190510639,-140.));
#5441=DIRECTION('',(-1.,0.,-0.));
#5442=DIRECTION('',(0.,1.,0.));
#5443=AXIS2_PLACEMENT_3D('',#5440,#5441,#5442);
#5444=CIRCLE('',#5443,150.);
#5445=EDGE_CURVE('',#5431,#5439,#5444,.T.);
#5446=ORIENTED_EDGE('',*,*,#5445,.T.);
#5447=CARTESIAN_POINT('',(52.5,112.500029587,25.));
#5448=VERTEX_POINT('',#5447);
#5449=CARTESIAN_POINT('',(52.5,87.500029587,25.));
#5450=DIRECTION('',(1.,-0.,0.));
#5451=DIRECTION('',(0.,1.,0.));
#5452=AXIS2_PLACEMENT_3D('',#5449,#5450,#5451);
#5453=CIRCLE('',#5452,25.);
#5454=EDGE_CURVE('',#5439,#5448,#5453,.T.);
#5455=ORIENTED_EDGE('',*,*,#5454,.T.);
#5456=CARTESIAN_POINT('',(52.5,112.500029587,65.782861893));
#5457=VERTEX_POINT('',#5456);
#5458=CARTESIAN_POINT('',(52.5,112.500029587,65.782861893));
#5459=DIRECTION('',(0.,0.,-1.));
#5460=VECTOR('',#5459,40.782861893);
#5461=LINE('',#5458,#5460);
#5462=EDGE_CURVE('',#5457,#5448,#5461,.T.);
#5463=ORIENTED_EDGE('',*,*,#5462,.F.);
#5464=CARTESIAN_POINT('',(52.5,87.500029587,65.782861893));
#5465=DIRECTION('',(1.,-0.,0.));
#5466=DIRECTION('',(0.,0.,-1.));
#5467=AXIS2_PLACEMENT_3D('',#5464,#5465,#5466);
#5468=CIRCLE('',#5467,25.);
#5469=EDGE_CURVE('',#5457,#3447,#5468,.T.);
#5470=ORIENTED_EDGE('',*,*,#5469,.T.);
#5471=ORIENTED_EDGE('',*,*,#3452,.T.);
#5472=CARTESIAN_POINT('',(52.5,78.493370689,80.994045131));
#5473=VERTEX_POINT('',#5472);
#5474=CARTESIAN_POINT('',(52.5,75.623244947,87.923141625));
#5475=DIRECTION('',(0.,0.382683432,-0.923879533));
#5476=VECTOR('',#5475,7.5);
#5477=LINE('',#5474,#5476);
#5478=EDGE_CURVE('',#3438,#5473,#5477,.T.);
#5479=ORIENTED_EDGE('',*,*,#5478,.T.);
#5480=CARTESIAN_POINT('',(52.5,78.493370689,80.994045131));
#5481=DIRECTION('',(-0.,-0.923879533,-0.382683432));
#5482=VECTOR('',#5481,202.562850605);
#5483=LINE('',#5480,#5482);
#5484=EDGE_CURVE('',#5473,#2209,#5483,.T.);
#5485=ORIENTED_EDGE('',*,*,#5484,.T.);
#5486=ORIENTED_EDGE('',*,*,#2215,.T.);
#5487=EDGE_LOOP('',(#5429,#5437,#5446,#5455,#5463,#5470,#5471,#5479,#5485,#5486));
#5488=FACE_BOUND('',#5487,.T.);
#5489=ADVANCED_FACE('',(#5488),#5420,.T.);
#5490=CARTESIAN_POINT('',(47.5,112.500029587,2.5));
#5491=DIRECTION('',(-0.,-1.,-0.));
#5492=DIRECTION('',(0.,0.,-1.));
#5493=AXIS2_PLACEMENT_3D('',#5490,#5491,#5492);
#5494=PLANE('',#5493);
#5495=ORIENTED_EDGE('',*,*,#5462,.T.);
#5496=CARTESIAN_POINT('',(52.5,112.500029587,25.));
#5497=DIRECTION('',(-1.,0.,-0.));
#5498=VECTOR('',#5497,5.);
#5499=LINE('',#5496,#5498);
#5500=EDGE_CURVE('',#5448,#5390,#5499,.T.);
#5501=ORIENTED_EDGE('',*,*,#5500,.T.);
#5502=ORIENTED_EDGE('',*,*,#5395,.F.);
#5503=CARTESIAN_POINT('',(52.5,112.500029587,65.782861893));
#5504=DIRECTION('',(-1.,0.,0.));
#5505=VECTOR('',#5504,5.);
#5506=LINE('',#5503,#5505);
#5507=EDGE_CURVE('',#5457,#5381,#5506,.T.);
#5508=ORIENTED_EDGE('',*,*,#5507,.F.);
#5509=EDGE_LOOP('',(#5495,#5501,#5502,#5508));
#5510=FACE_BOUND('',#5509,.T.);
#5511=ADVANCED_FACE('',(#5510),#5494,.F.);
#5512=CARTESIAN_POINT('',(52.5,29.375029587,10.));
#5513=DIRECTION('',(-0.,-0.,1.));
#5514=DIRECTION('',(0.,-1.,-0.));
#5515=AXIS2_PLACEMENT_3D('',#5512,#5513,#5514);
#5516=PLANE('',#5515);
#5517=ORIENTED_EDGE('',*,*,#5355,.T.);
#5518=CARTESIAN_POINT('',(47.5,29.190510639,10.));
#5519=DIRECTION('',(1.,-0.,0.));
#5520=VECTOR('',#5519,5.);
#5521=LINE('',#5518,#5520);
#5522=EDGE_CURVE('',#5350,#5431,#5521,.T.);
#5523=ORIENTED_EDGE('',*,*,#5522,.T.);
#5524=ORIENTED_EDGE('',*,*,#5436,.F.);
#5525=CARTESIAN_POINT('',(52.5,-43.875109611,10.));
#5526=DIRECTION('',(-1.,0.,0.));
#5527=VECTOR('',#5526,5.);
#5528=LINE('',#5525,#5527);
#5529=EDGE_CURVE('',#5422,#5348,#5528,.T.);
#5530=ORIENTED_EDGE('',*,*,#5529,.T.);
#5531=EDGE_LOOP('',(#5517,#5523,#5524,#5530));
#5532=FACE_BOUND('',#5531,.T.);
#5533=ADVANCED_FACE('',(#5532),#5516,.F.);
#5534=CARTESIAN_POINT('',(52.5,87.500029587,65.782861893));
#5535=DIRECTION('',(-1.,0.,0.));
#5536=DIRECTION('',(-0.,-1.,0.));
#5537=AXIS2_PLACEMENT_3D('',#5534,#5535,#5536);
#5538=CYLINDRICAL_SURFACE('',#5537,25.);
#5539=ORIENTED_EDGE('',*,*,#5387,.T.);
#5540=ORIENTED_EDGE('',*,*,#3460,.F.);
#5541=ORIENTED_EDGE('',*,*,#5469,.F.);
#5542=ORIENTED_EDGE('',*,*,#5507,.T.);
#5543=EDGE_LOOP('',(#5539,#5540,#5541,#5542));
#5544=FACE_BOUND('',#5543,.T.);
#5545=ADVANCED_FACE('',(#5544),#5538,.T.);
#5546=CARTESIAN_POINT('',(47.5,87.500029587,25.));
#5547=DIRECTION('',(1.,-0.,0.));
#5548=DIRECTION('',(0.,1.,0.));
#5549=AXIS2_PLACEMENT_3D('',#5546,#5547,#5548);
#5550=CYLINDRICAL_SURFACE('',#5549,25.);
#5551=ORIENTED_EDGE('',*,*,#5454,.F.);
#5552=CARTESIAN_POINT('',(52.5,79.170098309,1.428571429));
#5553=DIRECTION('',(-1.,0.,-0.));
#5554=VECTOR('',#5553,5.);
#5555=LINE('',#5552,#5554);
#5556=EDGE_CURVE('',#5439,#5398,#5555,.T.);
#5557=ORIENTED_EDGE('',*,*,#5556,.T.);
#5558=ORIENTED_EDGE('',*,*,#5404,.F.);
#5559=ORIENTED_EDGE('',*,*,#5500,.F.);
#5560=EDGE_LOOP('',(#5551,#5557,#5558,#5559));
#5561=FACE_BOUND('',#5560,.T.);
#5562=ADVANCED_FACE('',(#5561),#5550,.T.);
#5563=CARTESIAN_POINT('',(47.5,29.190510639,-140.));
#5564=DIRECTION('',(1.,-0.,0.));
#5565=DIRECTION('',(0.,1.,0.));
#5566=AXIS2_PLACEMENT_3D('',#5563,#5564,#5565);
#5567=CYLINDRICAL_SURFACE('',#5566,150.);
#5568=ORIENTED_EDGE('',*,*,#5411,.F.);
#5569=ORIENTED_EDGE('',*,*,#5556,.F.);
#5570=ORIENTED_EDGE('',*,*,#5445,.F.);
#5571=ORIENTED_EDGE('',*,*,#5522,.F.);
#5572=EDGE_LOOP('',(#5568,#5569,#5570,#5571));
#5573=FACE_BOUND('',#5572,.T.);
#5574=ADVANCED_FACE('',(#5573),#5567,.F.);
#5575=CARTESIAN_POINT('',(37.5,-2.5,0.));
#5576=DIRECTION('',(1.,-0.,0.));
#5577=DIRECTION('',(0.,1.,0.));
#5578=AXIS2_PLACEMENT_3D('',#5575,#5576,#5577);
#5579=PLANE('',#5578);
#5580=CARTESIAN_POINT('',(37.5,-43.875109611,10.));
#5581=VERTEX_POINT('',#5580);
#5582=CARTESIAN_POINT('',(37.5,29.190510639,10.));
#5583=VERTEX_POINT('',#5582);
#5584=CARTESIAN_POINT('',(37.5,-43.875109611,10.));
#5585=DIRECTION('',(0.,1.,0.));
#5586=VECTOR('',#5585,73.06562025);
#5587=LINE('',#5584,#5586);
#5588=EDGE_CURVE('',#5581,#5583,#5587,.T.);
#5589=ORIENTED_EDGE('',*,*,#5588,.F.);
#5590=CARTESIAN_POINT('',(37.5,-43.875109611,-140.));
#5591=DIRECTION('',(1.,-0.,0.));
#5592=DIRECTION('',(-0.,-0.,1.));
#5593=AXIS2_PLACEMENT_3D('',#5590,#5591,#5592);
#5594=CIRCLE('',#5593,150.);
#5595=EDGE_CURVE('',#5581,#2058,#5594,.T.);
#5596=ORIENTED_EDGE('',*,*,#5595,.T.);
#5597=ORIENTED_EDGE('',*,*,#2064,.F.);
#5598=CARTESIAN_POINT('',(37.5,78.493370689,80.994045131));
#5599=VERTEX_POINT('',#5598);
#5600=CARTESIAN_POINT('',(37.5,-108.650301032,3.476598192));
#5601=DIRECTION('',(0.,0.923879533,0.382683432));
#5602=VECTOR('',#5601,202.562850605);
#5603=LINE('',#5600,#5602);
#5604=EDGE_CURVE('',#2004,#5599,#5603,.T.);
#5605=ORIENTED_EDGE('',*,*,#5604,.T.);
#5606=CARTESIAN_POINT('',(37.5,78.493370689,80.994045131));
#5607=DIRECTION('',(-0.,-0.382683432,0.923879533));
#5608=VECTOR('',#5607,7.5);
#5609=LINE('',#5606,#5608);
#5610=EDGE_CURVE('',#5599,#3505,#5609,.T.);
#5611=ORIENTED_EDGE('',*,*,#5610,.T.);
#5612=ORIENTED_EDGE('',*,*,#3510,.F.);
#5613=CARTESIAN_POINT('',(37.5,112.500029587,65.782861893));
#5614=VERTEX_POINT('',#5613);
#5615=CARTESIAN_POINT('',(37.5,87.500029587,65.782861893));
#5616=DIRECTION('',(1.,-0.,0.));
#5617=DIRECTION('',(0.,0.,-1.));
#5618=AXIS2_PLACEMENT_3D('',#5615,#5616,#5617);
#5619=CIRCLE('',#5618,25.);
#5620=EDGE_CURVE('',#5614,#3497,#5619,.T.);
#5621=ORIENTED_EDGE('',*,*,#5620,.F.);
#5622=CARTESIAN_POINT('',(37.5,112.500029587,25.));
#5623=VERTEX_POINT('',#5622);
#5624=CARTESIAN_POINT('',(37.5,112.500029587,65.782861893));
#5625=DIRECTION('',(0.,0.,-1.));
#5626=VECTOR('',#5625,40.782861893);
#5627=LINE('',#5624,#5626);
#5628=EDGE_CURVE('',#5614,#5623,#5627,.T.);
#5629=ORIENTED_EDGE('',*,*,#5628,.T.);
#5630=CARTESIAN_POINT('',(37.5,79.170098309,1.428571429));
#5631=VERTEX_POINT('',#5630);
#5632=CARTESIAN_POINT('',(37.5,87.500029587,25.));
#5633=DIRECTION('',(-1.,0.,-0.));
#5634=DIRECTION('',(0.,1.,0.));
#5635=AXIS2_PLACEMENT_3D('',#5632,#5633,#5634);
#5636=CIRCLE('',#5635,25.);
#5637=EDGE_CURVE('',#5623,#5631,#5636,.T.);
#5638=ORIENTED_EDGE('',*,*,#5637,.T.);
#5639=CARTESIAN_POINT('',(37.5,29.190510639,-140.));
#5640=DIRECTION('',(1.,-0.,0.));
#5641=DIRECTION('',(0.,1.,0.));
#5642=AXIS2_PLACEMENT_3D('',#5639,#5640,#5641);
#5643=CIRCLE('',#5642,150.);
#5644=EDGE_CURVE('',#5631,#5583,#5643,.T.);
#5645=ORIENTED_EDGE('',*,*,#5644,.T.);
#5646=EDGE_LOOP('',(#5589,#5596,#5597,#5605,#5611,#5612,#5621,#5629,#5638,#5645));
#5647=FACE_BOUND('',#5646,.T.);
#5648=ADVANCED_FACE('',(#5647),#5579,.F.);
#5649=CARTESIAN_POINT('',(42.5,-2.5,0.));
#5650=DIRECTION('',(1.,-0.,0.));
#5651=DIRECTION('',(0.,1.,0.));
#5652=AXIS2_PLACEMENT_3D('',#5649,#5650,#5651);
#5653=PLANE('',#5652);
#5654=CARTESIAN_POINT('',(42.5,-43.875109611,10.));
#5655=VERTEX_POINT('',#5654);
#5656=CARTESIAN_POINT('',(42.5,-43.875109611,-140.));
#5657=DIRECTION('',(1.,-0.,0.));
#5658=DIRECTION('',(0.,1.,0.));
#5659=AXIS2_PLACEMENT_3D('',#5656,#5657,#5658);
#5660=CIRCLE('',#5659,150.);
#5661=EDGE_CURVE('',#5655,#2067,#5660,.T.);
#5662=ORIENTED_EDGE('',*,*,#5661,.F.);
#5663=CARTESIAN_POINT('',(42.5,29.190510639,10.));
#5664=VERTEX_POINT('',#5663);
#5665=CARTESIAN_POINT('',(42.5,-43.875109611,10.));
#5666=DIRECTION('',(0.,1.,0.));
#5667=VECTOR('',#5666,73.06562025);
#5668=LINE('',#5665,#5667);
#5669=EDGE_CURVE('',#5655,#5664,#5668,.T.);
#5670=ORIENTED_EDGE('',*,*,#5669,.T.);
#5671=CARTESIAN_POINT('',(42.5,79.170098309,1.428571429));
#5672=VERTEX_POINT('',#5671);
#5673=CARTESIAN_POINT('',(42.5,29.190510639,-140.));
#5674=DIRECTION('',(-1.,0.,-0.));
#5675=DIRECTION('',(0.,1.,0.));
#5676=AXIS2_PLACEMENT_3D('',#5673,#5674,#5675);
#5677=CIRCLE('',#5676,150.);
#5678=EDGE_CURVE('',#5664,#5672,#5677,.T.);
#5679=ORIENTED_EDGE('',*,*,#5678,.T.);
#5680=CARTESIAN_POINT('',(42.5,112.500029587,25.));
#5681=VERTEX_POINT('',#5680);
#5682=CARTESIAN_POINT('',(42.5,87.500029587,25.));
#5683=DIRECTION('',(1.,-0.,0.));
#5684=DIRECTION('',(0.,1.,0.));
#5685=AXIS2_PLACEMENT_3D('',#5682,#5683,#5684);
#5686=CIRCLE('',#5685,25.);
#5687=EDGE_CURVE('',#5672,#5681,#5686,.T.);
#5688=ORIENTED_EDGE('',*,*,#5687,.T.);
#5689=CARTESIAN_POINT('',(42.5,112.500029587,65.782861893));
#5690=VERTEX_POINT('',#5689);
#5691=CARTESIAN_POINT('',(42.5,112.500029587,65.782861893));
#5692=DIRECTION('',(0.,0.,-1.));
#5693=VECTOR('',#5692,40.782861893);
#5694=LINE('',#5691,#5693);
#5695=EDGE_CURVE('',#5690,#5681,#5694,.T.);
#5696=ORIENTED_EDGE('',*,*,#5695,.F.);
#5697=CARTESIAN_POINT('',(42.5,87.500029587,65.782861893));
#5698=DIRECTION('',(1.,-0.,0.));
#5699=DIRECTION('',(0.,0.,-1.));
#5700=AXIS2_PLACEMENT_3D('',#5697,#5698,#5699);
#5701=CIRCLE('',#5700,25.);
#5702=EDGE_CURVE('',#5690,#3489,#5701,.T.);
#5703=ORIENTED_EDGE('',*,*,#5702,.T.);
#5704=ORIENTED_EDGE('',*,*,#3494,.T.);
#5705=CARTESIAN_POINT('',(42.5,78.493370689,80.994045131));
#5706=VERTEX_POINT('',#5705);
#5707=CARTESIAN_POINT('',(42.5,75.623244947,87.923141625));
#5708=DIRECTION('',(0.,0.382683432,-0.923879533));
#5709=VECTOR('',#5708,7.5);
#5710=LINE('',#5707,#5709);
#5711=EDGE_CURVE('',#3480,#5706,#5710,.T.);
#5712=ORIENTED_EDGE('',*,*,#5711,.T.);
#5713=CARTESIAN_POINT('',(42.5,78.493370689,80.994045131));
#5714=DIRECTION('',(-0.,-0.923879533,-0.382683432));
#5715=VECTOR('',#5714,202.562850605);
#5716=LINE('',#5713,#5715);
#5717=EDGE_CURVE('',#5706,#2075,#5716,.T.);
#5718=ORIENTED_EDGE('',*,*,#5717,.T.);
#5719=ORIENTED_EDGE('',*,*,#2081,.T.);
#5720=EDGE_LOOP('',(#5662,#5670,#5679,#5688,#5696,#5703,#5704,#5712,#5718,#5719));
#5721=FACE_BOUND('',#5720,.T.);
#5722=ADVANCED_FACE('',(#5721),#5653,.T.);
#5723=CARTESIAN_POINT('',(37.5,112.500029587,2.5));
#5724=DIRECTION('',(-0.,-1.,-0.));
#5725=DIRECTION('',(0.,0.,-1.));
#5726=AXIS2_PLACEMENT_3D('',#5723,#5724,#5725);
#5727=PLANE('',#5726);
#5728=ORIENTED_EDGE('',*,*,#5695,.T.);
#5729=CARTESIAN_POINT('',(42.5,112.500029587,25.));
#5730=DIRECTION('',(-1.,0.,-0.));
#5731=VECTOR('',#5730,5.);
#5732=LINE('',#5729,#5731);
#5733=EDGE_CURVE('',#5681,#5623,#5732,.T.);
#5734=ORIENTED_EDGE('',*,*,#5733,.T.);
#5735=ORIENTED_EDGE('',*,*,#5628,.F.);
#5736=CARTESIAN_POINT('',(42.5,112.500029587,65.782861893));
#5737=DIRECTION('',(-1.,0.,0.));
#5738=VECTOR('',#5737,5.);
#5739=LINE('',#5736,#5738);
#5740=EDGE_CURVE('',#5690,#5614,#5739,.T.);
#5741=ORIENTED_EDGE('',*,*,#5740,.F.);
#5742=EDGE_LOOP('',(#5728,#5734,#5735,#5741));
#5743=FACE_BOUND('',#5742,.T.);
#5744=ADVANCED_FACE('',(#5743),#5727,.F.);
#5745=CARTESIAN_POINT('',(42.5,29.375029587,10.));
#5746=DIRECTION('',(-0.,-0.,1.));
#5747=DIRECTION('',(0.,-1.,-0.));
#5748=AXIS2_PLACEMENT_3D('',#5745,#5746,#5747);
#5749=PLANE('',#5748);
#5750=ORIENTED_EDGE('',*,*,#5588,.T.);
#5751=CARTESIAN_POINT('',(37.5,29.190510639,10.));
#5752=DIRECTION('',(1.,-0.,0.));
#5753=VECTOR('',#5752,5.);
#5754=LINE('',#5751,#5753);
#5755=EDGE_CURVE('',#5583,#5664,#5754,.T.);
#5756=ORIENTED_EDGE('',*,*,#5755,.T.);
#5757=ORIENTED_EDGE('',*,*,#5669,.F.);
#5758=CARTESIAN_POINT('',(42.5,-43.875109611,10.));
#5759=DIRECTION('',(-1.,0.,0.));
#5760=VECTOR('',#5759,5.);
#5761=LINE('',#5758,#5760);
#5762=EDGE_CURVE('',#5655,#5581,#5761,.T.);
#5763=ORIENTED_EDGE('',*,*,#5762,.T.);
#5764=EDGE_LOOP('',(#5750,#5756,#5757,#5763));
#5765=FACE_BOUND('',#5764,.T.);
#5766=ADVANCED_FACE('',(#5765),#5749,.F.);
#5767=CARTESIAN_POINT('',(42.5,87.500029587,65.782861893));
#5768=DIRECTION('',(-1.,0.,0.));
#5769=DIRECTION('',(-0.,-1.,0.));
#5770=AXIS2_PLACEMENT_3D('',#5767,#5768,#5769);
#5771=CYLINDRICAL_SURFACE('',#5770,25.);
#5772=ORIENTED_EDGE('',*,*,#5620,.T.);
#5773=ORIENTED_EDGE('',*,*,#3502,.F.);
#5774=ORIENTED_EDGE('',*,*,#5702,.F.);
#5775=ORIENTED_EDGE('',*,*,#5740,.T.);
#5776=EDGE_LOOP('',(#5772,#5773,#5774,#5775));
#5777=FACE_BOUND('',#5776,.T.);
#5778=ADVANCED_FACE('',(#5777),#5771,.T.);
#5779=CARTESIAN_POINT('',(37.5,87.500029587,25.));
#5780=DIRECTION('',(1.,-0.,0.));
#5781=DIRECTION('',(0.,1.,0.));
#5782=AXIS2_PLACEMENT_3D('',#5779,#5780,#5781);
#5783=CYLINDRICAL_SURFACE('',#5782,25.);
#5784=ORIENTED_EDGE('',*,*,#5687,.F.);
#5785=CARTESIAN_POINT('',(42.5,79.170098309,1.428571429));
#5786=DIRECTION('',(-1.,0.,-0.));
#5787=VECTOR('',#5786,5.);
#5788=LINE('',#5785,#5787);
#5789=EDGE_CURVE('',#5672,#5631,#5788,.T.);
#5790=ORIENTED_EDGE('',*,*,#5789,.T.);
#5791=ORIENTED_EDGE('',*,*,#5637,.F.);
#5792=ORIENTED_EDGE('',*,*,#5733,.F.);
#5793=EDGE_LOOP('',(#5784,#5790,#5791,#5792));
#5794=FACE_BOUND('',#5793,.T.);
#5795=ADVANCED_FACE('',(#5794),#5783,.T.);
#5796=CARTESIAN_POINT('',(37.5,29.190510639,-140.));
#5797=DIRECTION('',(1.,-0.,0.));
#5798=DIRECTION('',(0.,1.,0.));
#5799=AXIS2_PLACEMENT_3D('',#5796,#5797,#5798);
#5800=CYLINDRICAL_SURFACE('',#5799,150.);
#5801=ORIENTED_EDGE('',*,*,#5644,.F.);
#5802=ORIENTED_EDGE('',*,*,#5789,.F.);
#5803=ORIENTED_EDGE('',*,*,#5678,.F.);
#5804=ORIENTED_EDGE('',*,*,#5755,.F.);
#5805=EDGE_LOOP('',(#5801,#5802,#5803,#5804));
#5806=FACE_BOUND('',#5805,.T.);
#5807=ADVANCED_FACE('',(#5806),#5800,.F.);
#5808=CARTESIAN_POINT('',(27.5,-2.5,0.));
#5809=DIRECTION('',(1.,-0.,0.));
#5810=DIRECTION('',(0.,1.,0.));
#5811=AXIS2_PLACEMENT_3D('',#5808,#5809,#5810);
#5812=PLANE('',#5811);
#5813=CARTESIAN_POINT('',(27.5,-43.875109611,10.));
#5814=VERTEX_POINT('',#5813);
#5815=CARTESIAN_POINT('',(27.5,29.190510639,10.));
#5816=VERTEX_POINT('',#5815);
#5817=CARTESIAN_POINT('',(27.5,-43.875109611,10.));
#5818=DIRECTION('',(0.,1.,0.));
#5819=VECTOR('',#5818,73.06562025);
#5820=LINE('',#5817,#5819);
#5821=EDGE_CURVE('',#5814,#5816,#5820,.T.);
#5822=ORIENTED_EDGE('',*,*,#5821,.F.);
#5823=CARTESIAN_POINT('',(27.5,-43.875109611,-140.));
#5824=DIRECTION('',(1.,-0.,0.));
#5825=DIRECTION('',(-0.,-0.,1.));
#5826=AXIS2_PLACEMENT_3D('',#5823,#5824,#5825);
#5827=CIRCLE('',#5826,150.);
#5828=EDGE_CURVE('',#5814,#1924,#5827,.T.);
#5829=ORIENTED_EDGE('',*,*,#5828,.T.);
#5830=ORIENTED_EDGE('',*,*,#1930,.F.);
#5831=CARTESIAN_POINT('',(27.5,78.493370689,80.994045131));
#5832=VERTEX_POINT('',#5831);
#5833=CARTESIAN_POINT('',(27.5,-108.650301032,3.476598192));
#5834=DIRECTION('',(0.,0.923879533,0.382683432));
#5835=VECTOR('',#5834,202.562850605);
#5836=LINE('',#5833,#5835);
#5837=EDGE_CURVE('',#1870,#5832,#5836,.T.);
#5838=ORIENTED_EDGE('',*,*,#5837,.T.);
#5839=CARTESIAN_POINT('',(27.5,78.493370689,80.994045131));
#5840=DIRECTION('',(-0.,-0.382683432,0.923879533));
#5841=VECTOR('',#5840,7.5);
#5842=LINE('',#5839,#5841);
#5843=EDGE_CURVE('',#5832,#3547,#5842,.T.);
#5844=ORIENTED_EDGE('',*,*,#5843,.T.);
#5845=ORIENTED_EDGE('',*,*,#3552,.F.);
#5846=CARTESIAN_POINT('',(27.5,112.500029587,65.782861893));
#5847=VERTEX_POINT('',#5846);
#5848=CARTESIAN_POINT('',(27.5,87.500029587,65.782861893));
#5849=DIRECTION('',(1.,-0.,0.));
#5850=DIRECTION('',(0.,0.,-1.));
#5851=AXIS2_PLACEMENT_3D('',#5848,#5849,#5850);
#5852=CIRCLE('',#5851,25.);
#5853=EDGE_CURVE('',#5847,#3539,#5852,.T.);
#5854=ORIENTED_EDGE('',*,*,#5853,.F.);
#5855=CARTESIAN_POINT('',(27.5,112.500029587,25.));
#5856=VERTEX_POINT('',#5855);
#5857=CARTESIAN_POINT('',(27.5,112.500029587,65.782861893));
#5858=DIRECTION('',(0.,0.,-1.));
#5859=VECTOR('',#5858,40.782861893);
#5860=LINE('',#5857,#5859);
#5861=EDGE_CURVE('',#5847,#5856,#5860,.T.);
#5862=ORIENTED_EDGE('',*,*,#5861,.T.);
#5863=CARTESIAN_POINT('',(27.5,79.170098309,1.428571429));
#5864=VERTEX_POINT('',#5863);
#5865=CARTESIAN_POINT('',(27.5,87.500029587,25.));
#5866=DIRECTION('',(-1.,0.,-0.));
#5867=DIRECTION('',(0.,1.,0.));
#5868=AXIS2_PLACEMENT_3D('',#5865,#5866,#5867);
#5869=CIRCLE('',#5868,25.);
#5870=EDGE_CURVE('',#5856,#5864,#5869,.T.);
#5871=ORIENTED_EDGE('',*,*,#5870,.T.);
#5872=CARTESIAN_POINT('',(27.5,29.190510639,-140.));
#5873=DIRECTION('',(1.,-0.,0.));
#5874=DIRECTION('',(0.,1.,0.));
#5875=AXIS2_PLACEMENT_3D('',#5872,#5873,#5874);
#5876=CIRCLE('',#5875,150.);
#5877=EDGE_CURVE('',#5864,#5816,#5876,.T.);
#5878=ORIENTED_EDGE('',*,*,#5877,.T.);
#5879=EDGE_LOOP('',(#5822,#5829,#5830,#5838,#5844,#5845,#5854,#5862,#5871,#5878));
#5880=FACE_BOUND('',#5879,.T.);
#5881=ADVANCED_FACE('',(#5880),#5812,.F.);
#5882=CARTESIAN_POINT('',(32.5,-2.5,0.));
#5883=DIRECTION('',(1.,-0.,0.));
#5884=DIRECTION('',(0.,1.,0.));
#5885=AXIS2_PLACEMENT_3D('',#5882,#5883,#5884);
#5886=PLANE('',#5885);
#5887=CARTESIAN_POINT('',(32.5,-43.875109611,10.));
#5888=VERTEX_POINT('',#5887);
#5889=CARTESIAN_POINT('',(32.5,-43.875109611,-140.));
#5890=DIRECTION('',(1.,-0.,0.));
#5891=DIRECTION('',(0.,1.,0.));
#5892=AXIS2_PLACEMENT_3D('',#5889,#5890,#5891);
#5893=CIRCLE('',#5892,150.);
#5894=EDGE_CURVE('',#5888,#1933,#5893,.T.);
#5895=ORIENTED_EDGE('',*,*,#5894,.F.);
#5896=CARTESIAN_POINT('',(32.5,29.190510639,10.));
#5897=VERTEX_POINT('',#5896);
#5898=CARTESIAN_POINT('',(32.5,-43.875109611,10.));
#5899=DIRECTION('',(0.,1.,0.));
#5900=VECTOR('',#5899,73.06562025);
#5901=LINE('',#5898,#5900);
#5902=EDGE_CURVE('',#5888,#5897,#5901,.T.);
#5903=ORIENTED_EDGE('',*,*,#5902,.T.);
#5904=CARTESIAN_POINT('',(32.5,79.170098309,1.428571429));
#5905=VERTEX_POINT('',#5904);
#5906=CARTESIAN_POINT('',(32.5,29.190510639,-140.));
#5907=DIRECTION('',(-1.,0.,-0.));
#5908=DIRECTION('',(0.,1.,0.));
#5909=AXIS2_PLACEMENT_3D('',#5906,#5907,#5908);
#5910=CIRCLE('',#5909,150.);
#5911=EDGE_CURVE('',#5897,#5905,#5910,.T.);
#5912=ORIENTED_EDGE('',*,*,#5911,.T.);
#5913=CARTESIAN_POINT('',(32.5,112.500029587,25.));
#5914=VERTEX_POINT('',#5913);
#5915=CARTESIAN_POINT('',(32.5,87.500029587,25.));
#5916=DIRECTION('',(1.,-0.,0.));
#5917=DIRECTION('',(0.,1.,0.));
#5918=AXIS2_PLACEMENT_3D('',#5915,#5916,#5917);
#5919=CIRCLE('',#5918,25.);
#5920=EDGE_CURVE('',#5905,#5914,#5919,.T.);
#5921=ORIENTED_EDGE('',*,*,#5920,.T.);
#5922=CARTESIAN_POINT('',(32.5,112.500029587,65.782861893));
#5923=VERTEX_POINT('',#5922);
#5924=CARTESIAN_POINT('',(32.5,112.500029587,65.782861893));
#5925=DIRECTION('',(0.,0.,-1.));
#5926=VECTOR('',#5925,40.782861893);
#5927=LINE('',#5924,#5926);
#5928=EDGE_CURVE('',#5923,#5914,#5927,.T.);
#5929=ORIENTED_EDGE('',*,*,#5928,.F.);
#5930=CARTESIAN_POINT('',(32.5,87.500029587,65.782861893));
#5931=DIRECTION('',(1.,-0.,0.));
#5932=DIRECTION('',(0.,0.,-1.));
#5933=AXIS2_PLACEMENT_3D('',#5930,#5931,#5932);
#5934=CIRCLE('',#5933,25.);
#5935=EDGE_CURVE('',#5923,#3531,#5934,.T.);
#5936=ORIENTED_EDGE('',*,*,#5935,.T.);
#5937=ORIENTED_EDGE('',*,*,#3536,.T.);
#5938=CARTESIAN_POINT('',(32.5,78.493370689,80.994045131));
#5939=VERTEX_POINT('',#5938);
#5940=CARTESIAN_POINT('',(32.5,75.623244947,87.923141625));
#5941=DIRECTION('',(0.,0.382683432,-0.923879533));
#5942=VECTOR('',#5941,7.5);
#5943=LINE('',#5940,#5942);
#5944=EDGE_CURVE('',#3522,#5939,#5943,.T.);
#5945=ORIENTED_EDGE('',*,*,#5944,.T.);
#5946=CARTESIAN_POINT('',(32.5,78.493370689,80.994045131));
#5947=DIRECTION('',(-0.,-0.923879533,-0.382683432));
#5948=VECTOR('',#5947,202.562850605);
#5949=LINE('',#5946,#5948);
#5950=EDGE_CURVE('',#5939,#1941,#5949,.T.);
#5951=ORIENTED_EDGE('',*,*,#5950,.T.);
#5952=ORIENTED_EDGE('',*,*,#1947,.T.);
#5953=EDGE_LOOP('',(#5895,#5903,#5912,#5921,#5929,#5936,#5937,#5945,#5951,#5952));
#5954=FACE_BOUND('',#5953,.T.);
#5955=ADVANCED_FACE('',(#5954),#5886,.T.);
#5956=CARTESIAN_POINT('',(27.5,112.500029587,2.5));
#5957=DIRECTION('',(-0.,-1.,-0.));
#5958=DIRECTION('',(0.,0.,-1.));
#5959=AXIS2_PLACEMENT_3D('',#5956,#5957,#5958);
#5960=PLANE('',#5959);
#5961=ORIENTED_EDGE('',*,*,#5928,.T.);
#5962=CARTESIAN_POINT('',(32.5,112.500029587,25.));
#5963=DIRECTION('',(-1.,0.,-0.));
#5964=VECTOR('',#5963,5.);
#5965=LINE('',#5962,#5964);
#5966=EDGE_CURVE('',#5914,#5856,#5965,.T.);
#5967=ORIENTED_EDGE('',*,*,#5966,.T.);
#5968=ORIENTED_EDGE('',*,*,#5861,.F.);
#5969=CARTESIAN_POINT('',(32.5,112.500029587,65.782861893));
#5970=DIRECTION('',(-1.,0.,0.));
#5971=VECTOR('',#5970,5.);
#5972=LINE('',#5969,#5971);
#5973=EDGE_CURVE('',#5923,#5847,#5972,.T.);
#5974=ORIENTED_EDGE('',*,*,#5973,.F.);
#5975=EDGE_LOOP('',(#5961,#5967,#5968,#5974));
#5976=FACE_BOUND('',#5975,.T.);
#5977=ADVANCED_FACE('',(#5976),#5960,.F.);
#5978=CARTESIAN_POINT('',(32.5,29.375029587,10.));
#5979=DIRECTION('',(-0.,-0.,1.));
#5980=DIRECTION('',(0.,-1.,-0.));
#5981=AXIS2_PLACEMENT_3D('',#5978,#5979,#5980);
#5982=PLANE('',#5981);
#5983=ORIENTED_EDGE('',*,*,#5821,.T.);
#5984=CARTESIAN_POINT('',(27.5,29.190510639,10.));
#5985=DIRECTION('',(1.,-0.,0.));
#5986=VECTOR('',#5985,5.);
#5987=LINE('',#5984,#5986);
#5988=EDGE_CURVE('',#5816,#5897,#5987,.T.);
#5989=ORIENTED_EDGE('',*,*,#5988,.T.);
#5990=ORIENTED_EDGE('',*,*,#5902,.F.);
#5991=CARTESIAN_POINT('',(32.5,-43.875109611,10.));
#5992=DIRECTION('',(-1.,0.,0.));
#5993=VECTOR('',#5992,5.);
#5994=LINE('',#5991,#5993);
#5995=EDGE_CURVE('',#5888,#5814,#5994,.T.);
#5996=ORIENTED_EDGE('',*,*,#5995,.T.);
#5997=EDGE_LOOP('',(#5983,#5989,#5990,#5996));
#5998=FACE_BOUND('',#5997,.T.);
#5999=ADVANCED_FACE('',(#5998),#5982,.F.);
#6000=CARTESIAN_POINT('',(32.5,87.500029587,65.782861893));
#6001=DIRECTION('',(-1.,0.,0.));
#6002=DIRECTION('',(-0.,-1.,0.));
#6003=AXIS2_PLACEMENT_3D('',#6000,#6001,#6002);
#6004=CYLINDRICAL_SURFACE('',#6003,25.);
#6005=ORIENTED_EDGE('',*,*,#5853,.T.);
#6006=ORIENTED_EDGE('',*,*,#3544,.F.);
#6007=ORIENTED_EDGE('',*,*,#5935,.F.);
#6008=ORIENTED_EDGE('',*,*,#5973,.T.);
#6009=EDGE_LOOP('',(#6005,#6006,#6007,#6008));
#6010=FACE_BOUND('',#6009,.T.);
#6011=ADVANCED_FACE('',(#6010),#6004,.T.);
#6012=CARTESIAN_POINT('',(27.5,87.500029587,25.));
#6013=DIRECTION('',(1.,-0.,0.));
#6014=DIRECTION('',(0.,1.,0.));
#6015=AXIS2_PLACEMENT_3D('',#6012,#6013,#6014);
#6016=CYLINDRICAL_SURFACE('',#6015,25.);
#6017=ORIENTED_EDGE('',*,*,#5920,.F.);
#6018=CARTESIAN_POINT('',(32.5,79.170098309,1.428571429));
#6019=DIRECTION('',(-1.,0.,-0.));
#6020=VECTOR('',#6019,5.);
#6021=LINE('',#6018,#6020);
#6022=EDGE_CURVE('',#5905,#5864,#6021,.T.);
#6023=ORIENTED_EDGE('',*,*,#6022,.T.);
#6024=ORIENTED_EDGE('',*,*,#5870,.F.);
#6025=ORIENTED_EDGE('',*,*,#5966,.F.);
#6026=EDGE_LOOP('',(#6017,#6023,#6024,#6025));
#6027=FACE_BOUND('',#6026,.T.);
#6028=ADVANCED_FACE('',(#6027),#6016,.T.);
#6029=CARTESIAN_POINT('',(27.5,29.190510639,-140.));
#6030=DIRECTION('',(1.,-0.,0.));
#6031=DIRECTION('',(0.,1.,0.));
#6032=AXIS2_PLACEMENT_3D('',#6029,#6030,#6031);
#6033=CYLINDRICAL_SURFACE('',#6032,150.);
#6034=ORIENTED_EDGE('',*,*,#5877,.F.);
#6035=ORIENTED_EDGE('',*,*,#6022,.F.);
#6036=ORIENTED_EDGE('',*,*,#5911,.F.);
#6037=ORIENTED_EDGE('',*,*,#5988,.F.);
#6038=EDGE_LOOP('',(#6034,#6035,#6036,#6037));
#6039=FACE_BOUND('',#6038,.T.);
#6040=ADVANCED_FACE('',(#6039),#6033,.F.);
#6041=CARTESIAN_POINT('',(17.5,-2.5,0.));
#6042=DIRECTION('',(1.,-0.,0.));
#6043=DIRECTION('',(0.,1.,0.));
#6044=AXIS2_PLACEMENT_3D('',#6041,#6042,#6043);
#6045=PLANE('',#6044);
#6046=CARTESIAN_POINT('',(17.5,-43.875109611,10.));
#6047=VERTEX_POINT('',#6046);
#6048=CARTESIAN_POINT('',(17.5,29.190510639,10.));
#6049=VERTEX_POINT('',#6048);
#6050=CARTESIAN_POINT('',(17.5,-43.875109611,10.));
#6051=DIRECTION('',(0.,1.,0.));
#6052=VECTOR('',#6051,73.06562025);
#6053=LINE('',#6050,#6052);
#6054=EDGE_CURVE('',#6047,#6049,#6053,.T.);
#6055=ORIENTED_EDGE('',*,*,#6054,.F.);
#6056=CARTESIAN_POINT('',(17.5,-43.875109611,-140.));
#6057=DIRECTION('',(1.,-0.,0.));
#6058=DIRECTION('',(-0.,-0.,1.));
#6059=AXIS2_PLACEMENT_3D('',#6056,#6057,#6058);
#6060=CIRCLE('',#6059,150.);
#6061=EDGE_CURVE('',#6047,#1790,#6060,.T.);
#6062=ORIENTED_EDGE('',*,*,#6061,.T.);
#6063=ORIENTED_EDGE('',*,*,#1796,.F.);
#6064=CARTESIAN_POINT('',(17.5,78.493370689,80.994045131));
#6065=VERTEX_POINT('',#6064);
#6066=CARTESIAN_POINT('',(17.5,-108.650301032,3.476598192));
#6067=DIRECTION('',(0.,0.923879533,0.382683432));
#6068=VECTOR('',#6067,202.562850605);
#6069=LINE('',#6066,#6068);
#6070=EDGE_CURVE('',#1736,#6065,#6069,.T.);
#6071=ORIENTED_EDGE('',*,*,#6070,.T.);
#6072=CARTESIAN_POINT('',(17.5,78.493370689,80.994045131));
#6073=DIRECTION('',(-0.,-0.382683432,0.923879533));
#6074=VECTOR('',#6073,7.5);
#6075=LINE('',#6072,#6074);
#6076=EDGE_CURVE('',#6065,#3589,#6075,.T.);
#6077=ORIENTED_EDGE('',*,*,#6076,.T.);
#6078=ORIENTED_EDGE('',*,*,#3594,.F.);
#6079=CARTESIAN_POINT('',(17.5,112.500029587,65.782861893));
#6080=VERTEX_POINT('',#6079);
#6081=CARTESIAN_POINT('',(17.5,87.500029587,65.782861893));
#6082=DIRECTION('',(1.,-0.,0.));
#6083=DIRECTION('',(0.,0.,-1.));
#6084=AXIS2_PLACEMENT_3D('',#6081,#6082,#6083);
#6085=CIRCLE('',#6084,25.);
#6086=EDGE_CURVE('',#6080,#3581,#6085,.T.);
#6087=ORIENTED_EDGE('',*,*,#6086,.F.);
#6088=CARTESIAN_POINT('',(17.5,112.500029587,25.));
#6089=VERTEX_POINT('',#6088);
#6090=CARTESIAN_POINT('',(17.5,112.500029587,65.782861893));
#6091=DIRECTION('',(0.,0.,-1.));
#6092=VECTOR('',#6091,40.782861893);
#6093=LINE('',#6090,#6092);
#6094=EDGE_CURVE('',#6080,#6089,#6093,.T.);
#6095=ORIENTED_EDGE('',*,*,#6094,.T.);
#6096=CARTESIAN_POINT('',(17.5,79.170098309,1.428571429));
#6097=VERTEX_POINT('',#6096);
#6098=CARTESIAN_POINT('',(17.5,87.500029587,25.));
#6099=DIRECTION('',(-1.,0.,-0.));
#6100=DIRECTION('',(0.,1.,0.));
#6101=AXIS2_PLACEMENT_3D('',#6098,#6099,#6100);
#6102=CIRCLE('',#6101,25.);
#6103=EDGE_CURVE('',#6089,#6097,#6102,.T.);
#6104=ORIENTED_EDGE('',*,*,#6103,.T.);
#6105=CARTESIAN_POINT('',(17.5,29.190510639,-140.));
#6106=DIRECTION('',(1.,-0.,0.));
#6107=DIRECTION('',(0.,1.,0.));
#6108=AXIS2_PLACEMENT_3D('',#6105,#6106,#6107);
#6109=CIRCLE('',#6108,150.);
#6110=EDGE_CURVE('',#6097,#6049,#6109,.T.);
#6111=ORIENTED_EDGE('',*,*,#6110,.T.);
#6112=EDGE_LOOP('',(#6055,#6062,#6063,#6071,#6077,#6078,#6087,#6095,#6104,#6111));
#6113=FACE_BOUND('',#6112,.T.);
#6114=ADVANCED_FACE('',(#6113),#6045,.F.);
#6115=CARTESIAN_POINT('',(22.5,-2.5,0.));
#6116=DIRECTION('',(1.,-0.,0.));
#6117=DIRECTION('',(0.,1.,0.));
#6118=AXIS2_PLACEMENT_3D('',#6115,#6116,#6117);
#6119=PLANE('',#6118);
#6120=CARTESIAN_POINT('',(22.5,-43.875109611,10.));
#6121=VERTEX_POINT('',#6120);
#6122=CARTESIAN_POINT('',(22.5,-43.875109611,-140.));
#6123=DIRECTION('',(1.,-0.,0.));
#6124=DIRECTION('',(0.,1.,0.));
#6125=AXIS2_PLACEMENT_3D('',#6122,#6123,#6124);
#6126=CIRCLE('',#6125,150.);
#6127=EDGE_CURVE('',#6121,#1799,#6126,.T.);
#6128=ORIENTED_EDGE('',*,*,#6127,.F.);
#6129=CARTESIAN_POINT('',(22.5,29.190510639,10.));
#6130=VERTEX_POINT('',#6129);
#6131=CARTESIAN_POINT('',(22.5,-43.875109611,10.));
#6132=DIRECTION('',(0.,1.,0.));
#6133=VECTOR('',#6132,73.06562025);
#6134=LINE('',#6131,#6133);
#6135=EDGE_CURVE('',#6121,#6130,#6134,.T.);
#6136=ORIENTED_EDGE('',*,*,#6135,.T.);
#6137=CARTESIAN_POINT('',(22.5,79.170098309,1.428571429));
#6138=VERTEX_POINT('',#6137);
#6139=CARTESIAN_POINT('',(22.5,29.190510639,-140.));
#6140=DIRECTION('',(-1.,0.,-0.));
#6141=DIRECTION('',(0.,1.,0.));
#6142=AXIS2_PLACEMENT_3D('',#6139,#6140,#6141);
#6143=CIRCLE('',#6142,150.);
#6144=EDGE_CURVE('',#6130,#6138,#6143,.T.);
#6145=ORIENTED_EDGE('',*,*,#6144,.T.);
#6146=CARTESIAN_POINT('',(22.5,112.500029587,25.));
#6147=VERTEX_POINT('',#6146);
#6148=CARTESIAN_POINT('',(22.5,87.500029587,25.));
#6149=DIRECTION('',(1.,-0.,0.));
#6150=DIRECTION('',(0.,1.,0.));
#6151=AXIS2_PLACEMENT_3D('',#6148,#6149,#6150);
#6152=CIRCLE('',#6151,25.);
#6153=EDGE_CURVE('',#6138,#6147,#6152,.T.);
#6154=ORIENTED_EDGE('',*,*,#6153,.T.);
#6155=CARTESIAN_POINT('',(22.5,112.500029587,65.782861893));
#6156=VERTEX_POINT('',#6155);
#6157=CARTESIAN_POINT('',(22.5,112.500029587,65.782861893));
#6158=DIRECTION('',(0.,0.,-1.));
#6159=VECTOR('',#6158,40.782861893);
#6160=LINE('',#6157,#6159);
#6161=EDGE_CURVE('',#6156,#6147,#6160,.T.);
#6162=ORIENTED_EDGE('',*,*,#6161,.F.);
#6163=CARTESIAN_POINT('',(22.5,87.500029587,65.782861893));
#6164=DIRECTION('',(1.,-0.,0.));
#6165=DIRECTION('',(0.,0.,-1.));
#6166=AXIS2_PLACEMENT_3D('',#6163,#6164,#6165);
#6167=CIRCLE('',#6166,25.);
#6168=EDGE_CURVE('',#6156,#3573,#6167,.T.);
#6169=ORIENTED_EDGE('',*,*,#6168,.T.);
#6170=ORIENTED_EDGE('',*,*,#3578,.T.);
#6171=CARTESIAN_POINT('',(22.5,78.493370689,80.994045131));
#6172=VERTEX_POINT('',#6171);
#6173=CARTESIAN_POINT('',(22.5,75.623244947,87.923141625));
#6174=DIRECTION('',(0.,0.382683432,-0.923879533));
#6175=VECTOR('',#6174,7.5);
#6176=LINE('',#6173,#6175);
#6177=EDGE_CURVE('',#3564,#6172,#6176,.T.);
#6178=ORIENTED_EDGE('',*,*,#6177,.T.);
#6179=CARTESIAN_POINT('',(22.5,78.493370689,80.994045131));
#6180=DIRECTION('',(-0.,-0.923879533,-0.382683432));
#6181=VECTOR('',#6180,202.562850605);
#6182=LINE('',#6179,#6181);
#6183=EDGE_CURVE('',#6172,#1807,#6182,.T.);
#6184=ORIENTED_EDGE('',*,*,#6183,.T.);
#6185=ORIENTED_EDGE('',*,*,#1813,.T.);
#6186=EDGE_LOOP('',(#6128,#6136,#6145,#6154,#6162,#6169,#6170,#6178,#6184,#6185));
#6187=FACE_BOUND('',#6186,.T.);
#6188=ADVANCED_FACE('',(#6187),#6119,.T.);
#6189=CARTESIAN_POINT('',(17.5,112.500029587,2.5));
#6190=DIRECTION('',(-0.,-1.,-0.));
#6191=DIRECTION('',(0.,0.,-1.));
#6192=AXIS2_PLACEMENT_3D('',#6189,#6190,#6191);
#6193=PLANE('',#6192);
#6194=ORIENTED_EDGE('',*,*,#6161,.T.);
#6195=CARTESIAN_POINT('',(22.5,112.500029587,25.));
#6196=DIRECTION('',(-1.,0.,-0.));
#6197=VECTOR('',#6196,5.);
#6198=LINE('',#6195,#6197);
#6199=EDGE_CURVE('',#6147,#6089,#6198,.T.);
#6200=ORIENTED_EDGE('',*,*,#6199,.T.);
#6201=ORIENTED_EDGE('',*,*,#6094,.F.);
#6202=CARTESIAN_POINT('',(22.5,112.500029587,65.782861893));
#6203=DIRECTION('',(-1.,0.,0.));
#6204=VECTOR('',#6203,5.);
#6205=LINE('',#6202,#6204);
#6206=EDGE_CURVE('',#6156,#6080,#6205,.T.);
#6207=ORIENTED_EDGE('',*,*,#6206,.F.);
#6208=EDGE_LOOP('',(#6194,#6200,#6201,#6207));
#6209=FACE_BOUND('',#6208,.T.);
#6210=ADVANCED_FACE('',(#6209),#6193,.F.);
#6211=CARTESIAN_POINT('',(22.5,29.375029587,10.));
#6212=DIRECTION('',(-0.,-0.,1.));
#6213=DIRECTION('',(0.,-1.,-0.));
#6214=AXIS2_PLACEMENT_3D('',#6211,#6212,#6213);
#6215=PLANE('',#6214);
#6216=ORIENTED_EDGE('',*,*,#6054,.T.);
#6217=CARTESIAN_POINT('',(17.5,29.190510639,10.));
#6218=DIRECTION('',(1.,-0.,0.));
#6219=VECTOR('',#6218,5.);
#6220=LINE('',#6217,#6219);
#6221=EDGE_CURVE('',#6049,#6130,#6220,.T.);
#6222=ORIENTED_EDGE('',*,*,#6221,.T.);
#6223=ORIENTED_EDGE('',*,*,#6135,.F.);
#6224=CARTESIAN_POINT('',(22.5,-43.875109611,10.));
#6225=DIRECTION('',(-1.,0.,0.));
#6226=VECTOR('',#6225,5.);
#6227=LINE('',#6224,#6226);
#6228=EDGE_CURVE('',#6121,#6047,#6227,.T.);
#6229=ORIENTED_EDGE('',*,*,#6228,.T.);
#6230=EDGE_LOOP('',(#6216,#6222,#6223,#6229));
#6231=FACE_BOUND('',#6230,.T.);
#6232=ADVANCED_FACE('',(#6231),#6215,.F.);
#6233=CARTESIAN_POINT('',(22.5,87.500029587,65.782861893));
#6234=DIRECTION('',(-1.,0.,0.));
#6235=DIRECTION('',(-0.,-1.,0.));
#6236=AXIS2_PLACEMENT_3D('',#6233,#6234,#6235);
#6237=CYLINDRICAL_SURFACE('',#6236,25.);
#6238=ORIENTED_EDGE('',*,*,#6086,.T.);
#6239=ORIENTED_EDGE('',*,*,#3586,.F.);
#6240=ORIENTED_EDGE('',*,*,#6168,.F.);
#6241=ORIENTED_EDGE('',*,*,#6206,.T.);
#6242=EDGE_LOOP('',(#6238,#6239,#6240,#6241));
#6243=FACE_BOUND('',#6242,.T.);
#6244=ADVANCED_FACE('',(#6243),#6237,.T.);
#6245=CARTESIAN_POINT('',(17.5,87.500029587,25.));
#6246=DIRECTION('',(1.,-0.,0.));
#6247=DIRECTION('',(0.,1.,0.));
#6248=AXIS2_PLACEMENT_3D('',#6245,#6246,#6247);
#6249=CYLINDRICAL_SURFACE('',#6248,25.);
#6250=ORIENTED_EDGE('',*,*,#6153,.F.);
#6251=CARTESIAN_POINT('',(22.5,79.170098309,1.428571429));
#6252=DIRECTION('',(-1.,0.,-0.));
#6253=VECTOR('',#6252,5.);
#6254=LINE('',#6251,#6253);
#6255=EDGE_CURVE('',#6138,#6097,#6254,.T.);
#6256=ORIENTED_EDGE('',*,*,#6255,.T.);
#6257=ORIENTED_EDGE('',*,*,#6103,.F.);
#6258=ORIENTED_EDGE('',*,*,#6199,.F.);
#6259=EDGE_LOOP('',(#6250,#6256,#6257,#6258));
#6260=FACE_BOUND('',#6259,.T.);
#6261=ADVANCED_FACE('',(#6260),#6249,.T.);
#6262=CARTESIAN_POINT('',(17.5,29.190510639,-140.));
#6263=DIRECTION('',(1.,-0.,0.));
#6264=DIRECTION('',(0.,1.,0.));
#6265=AXIS2_PLACEMENT_3D('',#6262,#6263,#6264);
#6266=CYLINDRICAL_SURFACE('',#6265,150.);
#6267=ORIENTED_EDGE('',*,*,#6110,.F.);
#6268=ORIENTED_EDGE('',*,*,#6255,.F.);
#6269=ORIENTED_EDGE('',*,*,#6144,.F.);
#6270=ORIENTED_EDGE('',*,*,#6221,.F.);
#6271=EDGE_LOOP('',(#6267,#6268,#6269,#6270));
#6272=FACE_BOUND('',#6271,.T.);
#6273=ADVANCED_FACE('',(#6272),#6266,.F.);
#6274=CARTESIAN_POINT('',(7.5,-2.5,0.));
#6275=DIRECTION('',(1.,-0.,0.));
#6276=DIRECTION('',(0.,1.,0.));
#6277=AXIS2_PLACEMENT_3D('',#6274,#6275,#6276);
#6278=PLANE('',#6277);
#6279=CARTESIAN_POINT('',(7.5,-43.875109611,10.));
#6280=VERTEX_POINT('',#6279);
#6281=CARTESIAN_POINT('',(7.5,29.190510639,10.));
#6282=VERTEX_POINT('',#6281);
#6283=CARTESIAN_POINT('',(7.5,-43.875109611,10.));
#6284=DIRECTION('',(0.,1.,0.));
#6285=VECTOR('',#6284,73.06562025);
#6286=LINE('',#6283,#6285);
#6287=EDGE_CURVE('',#6280,#6282,#6286,.T.);
#6288=ORIENTED_EDGE('',*,*,#6287,.F.);
#6289=CARTESIAN_POINT('',(7.5,-43.875109611,-140.));
#6290=DIRECTION('',(1.,-0.,0.));
#6291=DIRECTION('',(-0.,-0.,1.));
#6292=AXIS2_PLACEMENT_3D('',#6289,#6290,#6291);
#6293=CIRCLE('',#6292,150.);
#6294=EDGE_CURVE('',#6280,#1656,#6293,.T.);
#6295=ORIENTED_EDGE('',*,*,#6294,.T.);
#6296=ORIENTED_EDGE('',*,*,#1662,.F.);
#6297=CARTESIAN_POINT('',(7.5,78.493370689,80.994045131));
#6298=VERTEX_POINT('',#6297);
#6299=CARTESIAN_POINT('',(7.5,-108.650301032,3.476598192));
#6300=DIRECTION('',(0.,0.923879533,0.382683432));
#6301=VECTOR('',#6300,202.562850605);
#6302=LINE('',#6299,#6301);
#6303=EDGE_CURVE('',#1602,#6298,#6302,.T.);
#6304=ORIENTED_EDGE('',*,*,#6303,.T.);
#6305=CARTESIAN_POINT('',(7.5,78.493370689,80.994045131));
#6306=DIRECTION('',(-0.,-0.382683432,0.923879533));
#6307=VECTOR('',#6306,7.5);
#6308=LINE('',#6305,#6307);
#6309=EDGE_CURVE('',#6298,#3631,#6308,.T.);
#6310=ORIENTED_EDGE('',*,*,#6309,.T.);
#6311=ORIENTED_EDGE('',*,*,#3636,.F.);
#6312=CARTESIAN_POINT('',(7.5,112.500029587,65.782861893));
#6313=VERTEX_POINT('',#6312);
#6314=CARTESIAN_POINT('',(7.5,87.500029587,65.782861893));
#6315=DIRECTION('',(1.,-0.,0.));
#6316=DIRECTION('',(0.,0.,-1.));
#6317=AXIS2_PLACEMENT_3D('',#6314,#6315,#6316);
#6318=CIRCLE('',#6317,25.);
#6319=EDGE_CURVE('',#6313,#3623,#6318,.T.);
#6320=ORIENTED_EDGE('',*,*,#6319,.F.);
#6321=CARTESIAN_POINT('',(7.5,112.500029587,25.));
#6322=VERTEX_POINT('',#6321);
#6323=CARTESIAN_POINT('',(7.5,112.500029587,65.782861893));
#6324=DIRECTION('',(0.,0.,-1.));
#6325=VECTOR('',#6324,40.782861893);
#6326=LINE('',#6323,#6325);
#6327=EDGE_CURVE('',#6313,#6322,#6326,.T.);
#6328=ORIENTED_EDGE('',*,*,#6327,.T.);
#6329=CARTESIAN_POINT('',(7.5,79.170098309,1.428571429));
#6330=VERTEX_POINT('',#6329);
#6331=CARTESIAN_POINT('',(7.5,87.500029587,25.));
#6332=DIRECTION('',(-1.,0.,-0.));
#6333=DIRECTION('',(0.,1.,0.));
#6334=AXIS2_PLACEMENT_3D('',#6331,#6332,#6333);
#6335=CIRCLE('',#6334,25.);
#6336=EDGE_CURVE('',#6322,#6330,#6335,.T.);
#6337=ORIENTED_EDGE('',*,*,#6336,.T.);
#6338=CARTESIAN_POINT('',(7.5,29.190510639,-140.));
#6339=DIRECTION('',(1.,-0.,0.));
#6340=DIRECTION('',(0.,1.,0.));
#6341=AXIS2_PLACEMENT_3D('',#6338,#6339,#6340);
#6342=CIRCLE('',#6341,150.);
#6343=EDGE_CURVE('',#6330,#6282,#6342,.T.);
#6344=ORIENTED_EDGE('',*,*,#6343,.T.);
#6345=EDGE_LOOP('',(#6288,#6295,#6296,#6304,#6310,#6311,#6320,#6328,#6337,#6344));
#6346=FACE_BOUND('',#6345,.T.);
#6347=ADVANCED_FACE('',(#6346),#6278,.F.);
#6348=CARTESIAN_POINT('',(12.5,-2.5,0.));
#6349=DIRECTION('',(1.,-0.,0.));
#6350=DIRECTION('',(0.,1.,0.));
#6351=AXIS2_PLACEMENT_3D('',#6348,#6349,#6350);
#6352=PLANE('',#6351);
#6353=CARTESIAN_POINT('',(12.5,-43.875109611,10.));
#6354=VERTEX_POINT('',#6353);
#6355=CARTESIAN_POINT('',(12.5,-43.875109611,-140.));
#6356=DIRECTION('',(1.,-0.,0.));
#6357=DIRECTION('',(0.,1.,0.));
#6358=AXIS2_PLACEMENT_3D('',#6355,#6356,#6357);
#6359=CIRCLE('',#6358,150.);
#6360=EDGE_CURVE('',#6354,#1665,#6359,.T.);
#6361=ORIENTED_EDGE('',*,*,#6360,.F.);
#6362=CARTESIAN_POINT('',(12.5,29.190510639,10.));
#6363=VERTEX_POINT('',#6362);
#6364=CARTESIAN_POINT('',(12.5,-43.875109611,10.));
#6365=DIRECTION('',(0.,1.,0.));
#6366=VECTOR('',#6365,73.06562025);
#6367=LINE('',#6364,#6366);
#6368=EDGE_CURVE('',#6354,#6363,#6367,.T.);
#6369=ORIENTED_EDGE('',*,*,#6368,.T.);
#6370=CARTESIAN_POINT('',(12.5,79.170098309,1.428571429));
#6371=VERTEX_POINT('',#6370);
#6372=CARTESIAN_POINT('',(12.5,29.190510639,-140.));
#6373=DIRECTION('',(-1.,0.,-0.));
#6374=DIRECTION('',(0.,1.,0.));
#6375=AXIS2_PLACEMENT_3D('',#6372,#6373,#6374);
#6376=CIRCLE('',#6375,150.);
#6377=EDGE_CURVE('',#6363,#6371,#6376,.T.);
#6378=ORIENTED_EDGE('',*,*,#6377,.T.);
#6379=CARTESIAN_POINT('',(12.5,112.500029587,25.));
#6380=VERTEX_POINT('',#6379);
#6381=CARTESIAN_POINT('',(12.5,87.500029587,25.));
#6382=DIRECTION('',(1.,-0.,0.));
#6383=DIRECTION('',(0.,1.,0.));
#6384=AXIS2_PLACEMENT_3D('',#6381,#6382,#6383);
#6385=CIRCLE('',#6384,25.);
#6386=EDGE_CURVE('',#6371,#6380,#6385,.T.);
#6387=ORIENTED_EDGE('',*,*,#6386,.T.);
#6388=CARTESIAN_POINT('',(12.5,112.500029587,65.782861893));
#6389=VERTEX_POINT('',#6388);
#6390=CARTESIAN_POINT('',(12.5,112.500029587,65.782861893));
#6391=DIRECTION('',(0.,0.,-1.));
#6392=VECTOR('',#6391,40.782861893);
#6393=LINE('',#6390,#6392);
#6394=EDGE_CURVE('',#6389,#6380,#6393,.T.);
#6395=ORIENTED_EDGE('',*,*,#6394,.F.);
#6396=CARTESIAN_POINT('',(12.5,87.500029587,65.782861893));
#6397=DIRECTION('',(1.,-0.,0.));
#6398=DIRECTION('',(0.,0.,-1.));
#6399=AXIS2_PLACEMENT_3D('',#6396,#6397,#6398);
#6400=CIRCLE('',#6399,25.);
#6401=EDGE_CURVE('',#6389,#3615,#6400,.T.);
#6402=ORIENTED_EDGE('',*,*,#6401,.T.);
#6403=ORIENTED_EDGE('',*,*,#3620,.T.);
#6404=CARTESIAN_POINT('',(12.5,78.493370689,80.994045131));
#6405=VERTEX_POINT('',#6404);
#6406=CARTESIAN_POINT('',(12.5,75.623244947,87.923141625));
#6407=DIRECTION('',(0.,0.382683432,-0.923879533));
#6408=VECTOR('',#6407,7.5);
#6409=LINE('',#6406,#6408);
#6410=EDGE_CURVE('',#3606,#6405,#6409,.T.);
#6411=ORIENTED_EDGE('',*,*,#6410,.T.);
#6412=CARTESIAN_POINT('',(12.5,78.493370689,80.994045131));
#6413=DIRECTION('',(-0.,-0.923879533,-0.382683432));
#6414=VECTOR('',#6413,202.562850605);
#6415=LINE('',#6412,#6414);
#6416=EDGE_CURVE('',#6405,#1673,#6415,.T.);
#6417=ORIENTED_EDGE('',*,*,#6416,.T.);
#6418=ORIENTED_EDGE('',*,*,#1679,.T.);
#6419=EDGE_LOOP('',(#6361,#6369,#6378,#6387,#6395,#6402,#6403,#6411,#6417,#6418));
#6420=FACE_BOUND('',#6419,.T.);
#6421=ADVANCED_FACE('',(#6420),#6352,.T.);
#6422=CARTESIAN_POINT('',(7.5,112.500029587,2.5));
#6423=DIRECTION('',(-0.,-1.,-0.));
#6424=DIRECTION('',(0.,0.,-1.));
#6425=AXIS2_PLACEMENT_3D('',#6422,#6423,#6424);
#6426=PLANE('',#6425);
#6427=ORIENTED_EDGE('',*,*,#6394,.T.);
#6428=CARTESIAN_POINT('',(12.5,112.500029587,25.));
#6429=DIRECTION('',(-1.,0.,-0.));
#6430=VECTOR('',#6429,5.);
#6431=LINE('',#6428,#6430);
#6432=EDGE_CURVE('',#6380,#6322,#6431,.T.);
#6433=ORIENTED_EDGE('',*,*,#6432,.T.);
#6434=ORIENTED_EDGE('',*,*,#6327,.F.);
#6435=CARTESIAN_POINT('',(12.5,112.500029587,65.782861893));
#6436=DIRECTION('',(-1.,0.,0.));
#6437=VECTOR('',#6436,5.);
#6438=LINE('',#6435,#6437);
#6439=EDGE_CURVE('',#6389,#6313,#6438,.T.);
#6440=ORIENTED_EDGE('',*,*,#6439,.F.);
#6441=EDGE_LOOP('',(#6427,#6433,#6434,#6440));
#6442=FACE_BOUND('',#6441,.T.);
#6443=ADVANCED_FACE('',(#6442),#6426,.F.);
#6444=CARTESIAN_POINT('',(12.5,29.375029587,10.));
#6445=DIRECTION('',(-0.,-0.,1.));
#6446=DIRECTION('',(0.,-1.,-0.));
#6447=AXIS2_PLACEMENT_3D('',#6444,#6445,#6446);
#6448=PLANE('',#6447);
#6449=ORIENTED_EDGE('',*,*,#6287,.T.);
#6450=CARTESIAN_POINT('',(7.5,29.190510639,10.));
#6451=DIRECTION('',(1.,-0.,0.));
#6452=VECTOR('',#6451,5.);
#6453=LINE('',#6450,#6452);
#6454=EDGE_CURVE('',#6282,#6363,#6453,.T.);
#6455=ORIENTED_EDGE('',*,*,#6454,.T.);
#6456=ORIENTED_EDGE('',*,*,#6368,.F.);
#6457=CARTESIAN_POINT('',(12.5,-43.875109611,10.));
#6458=DIRECTION('',(-1.,0.,0.));
#6459=VECTOR('',#6458,5.);
#6460=LINE('',#6457,#6459);
#6461=EDGE_CURVE('',#6354,#6280,#6460,.T.);
#6462=ORIENTED_EDGE('',*,*,#6461,.T.);
#6463=EDGE_LOOP('',(#6449,#6455,#6456,#6462));
#6464=FACE_BOUND('',#6463,.T.);
#6465=ADVANCED_FACE('',(#6464),#6448,.F.);
#6466=CARTESIAN_POINT('',(12.5,87.500029587,65.782861893));
#6467=DIRECTION('',(-1.,0.,0.));
#6468=DIRECTION('',(-0.,-1.,0.));
#6469=AXIS2_PLACEMENT_3D('',#6466,#6467,#6468);
#6470=CYLINDRICAL_SURFACE('',#6469,25.);
#6471=ORIENTED_EDGE('',*,*,#6319,.T.);
#6472=ORIENTED_EDGE('',*,*,#3628,.F.);
#6473=ORIENTED_EDGE('',*,*,#6401,.F.);
#6474=ORIENTED_EDGE('',*,*,#6439,.T.);
#6475=EDGE_LOOP('',(#6471,#6472,#6473,#6474));
#6476=FACE_BOUND('',#6475,.T.);
#6477=ADVANCED_FACE('',(#6476),#6470,.T.);
#6478=CARTESIAN_POINT('',(7.5,87.500029587,25.));
#6479=DIRECTION('',(1.,-0.,0.));
#6480=DIRECTION('',(0.,1.,0.));
#6481=AXIS2_PLACEMENT_3D('',#6478,#6479,#6480);
#6482=CYLINDRICAL_SURFACE('',#6481,25.);
#6483=ORIENTED_EDGE('',*,*,#6386,.F.);
#6484=CARTESIAN_POINT('',(12.5,79.170098309,1.428571429));
#6485=DIRECTION('',(-1.,0.,-0.));
#6486=VECTOR('',#6485,5.);
#6487=LINE('',#6484,#6486);
#6488=EDGE_CURVE('',#6371,#6330,#6487,.T.);
#6489=ORIENTED_EDGE('',*,*,#6488,.T.);
#6490=ORIENTED_EDGE('',*,*,#6336,.F.);
#6491=ORIENTED_EDGE('',*,*,#6432,.F.);
#6492=EDGE_LOOP('',(#6483,#6489,#6490,#6491));
#6493=FACE_BOUND('',#6492,.T.);
#6494=ADVANCED_FACE('',(#6493),#6482,.T.);
#6495=CARTESIAN_POINT('',(7.5,29.190510639,-140.));
#6496=DIRECTION('',(1.,-0.,0.));
#6497=DIRECTION('',(0.,1.,0.));
#6498=AXIS2_PLACEMENT_3D('',#6495,#6496,#6497);
#6499=CYLINDRICAL_SURFACE('',#6498,150.);
#6500=ORIENTED_EDGE('',*,*,#6343,.F.);
#6501=ORIENTED_EDGE('',*,*,#6488,.F.);
#6502=ORIENTED_EDGE('',*,*,#6377,.F.);
#6503=ORIENTED_EDGE('',*,*,#6454,.F.);
#6504=EDGE_LOOP('',(#6500,#6501,#6502,#6503));
#6505=FACE_BOUND('',#6504,.T.);
#6506=ADVANCED_FACE('',(#6505),#6499,.F.);
#6507=CARTESIAN_POINT('',(-2.5,-2.5,0.));
#6508=DIRECTION('',(1.,-0.,0.));
#6509=DIRECTION('',(0.,1.,0.));
#6510=AXIS2_PLACEMENT_3D('',#6507,#6508,#6509);
#6511=PLANE('',#6510);
#6512=CARTESIAN_POINT('',(-2.5,-43.875109611,10.));
#6513=VERTEX_POINT('',#6512);
#6514=CARTESIAN_POINT('',(-2.5,29.190510639,10.));
#6515=VERTEX_POINT('',#6514);
#6516=CARTESIAN_POINT('',(-2.5,-43.875109611,10.));
#6517=DIRECTION('',(0.,1.,0.));
#6518=VECTOR('',#6517,73.06562025);
#6519=LINE('',#6516,#6518);
#6520=EDGE_CURVE('',#6513,#6515,#6519,.T.);
#6521=ORIENTED_EDGE('',*,*,#6520,.F.);
#6522=CARTESIAN_POINT('',(-2.5,-43.875109611,-140.));
#6523=DIRECTION('',(1.,-0.,0.));
#6524=DIRECTION('',(-0.,-0.,1.));
#6525=AXIS2_PLACEMENT_3D('',#6522,#6523,#6524);
#6526=CIRCLE('',#6525,150.);
#6527=EDGE_CURVE('',#6513,#1522,#6526,.T.);
#6528=ORIENTED_EDGE('',*,*,#6527,.T.);
#6529=ORIENTED_EDGE('',*,*,#1528,.F.);
#6530=CARTESIAN_POINT('',(-2.5,78.493370689,80.994045131));
#6531=VERTEX_POINT('',#6530);
#6532=CARTESIAN_POINT('',(-2.5,-108.650301032,3.476598192));
#6533=DIRECTION('',(0.,0.923879533,0.382683432));
#6534=VECTOR('',#6533,202.562850605);
#6535=LINE('',#6532,#6534);
#6536=EDGE_CURVE('',#1468,#6531,#6535,.T.);
#6537=ORIENTED_EDGE('',*,*,#6536,.T.);
#6538=CARTESIAN_POINT('',(-2.5,78.493370689,80.994045131));
#6539=DIRECTION('',(-0.,-0.382683432,0.923879533));
#6540=VECTOR('',#6539,7.5);
#6541=LINE('',#6538,#6540);
#6542=EDGE_CURVE('',#6531,#3673,#6541,.T.);
#6543=ORIENTED_EDGE('',*,*,#6542,.T.);
#6544=ORIENTED_EDGE('',*,*,#3678,.F.);
#6545=CARTESIAN_POINT('',(-2.5,112.500029587,65.782861893));
#6546=VERTEX_POINT('',#6545);
#6547=CARTESIAN_POINT('',(-2.5,87.500029587,65.782861893));
#6548=DIRECTION('',(1.,-0.,0.));
#6549=DIRECTION('',(0.,0.,-1.));
#6550=AXIS2_PLACEMENT_3D('',#6547,#6548,#6549);
#6551=CIRCLE('',#6550,25.);
#6552=EDGE_CURVE('',#6546,#3665,#6551,.T.);
#6553=ORIENTED_EDGE('',*,*,#6552,.F.);
#6554=CARTESIAN_POINT('',(-2.5,112.500029587,25.));
#6555=VERTEX_POINT('',#6554);
#6556=CARTESIAN_POINT('',(-2.5,112.500029587,65.782861893));
#6557=DIRECTION('',(0.,0.,-1.));
#6558=VECTOR('',#6557,40.782861893);
#6559=LINE('',#6556,#6558);
#6560=EDGE_CURVE('',#6546,#6555,#6559,.T.);
#6561=ORIENTED_EDGE('',*,*,#6560,.T.);
#6562=CARTESIAN_POINT('',(-2.5,79.170098309,1.428571429));
#6563=VERTEX_POINT('',#6562);
#6564=CARTESIAN_POINT('',(-2.5,87.500029587,25.));
#6565=DIRECTION('',(-1.,0.,-0.));
#6566=DIRECTION('',(0.,1.,0.));
#6567=AXIS2_PLACEMENT_3D('',#6564,#6565,#6566);
#6568=CIRCLE('',#6567,25.);
#6569=EDGE_CURVE('',#6555,#6563,#6568,.T.);
#6570=ORIENTED_EDGE('',*,*,#6569,.T.);
#6571=CARTESIAN_POINT('',(-2.5,29.190510639,-140.));
#6572=DIRECTION('',(1.,-0.,0.));
#6573=DIRECTION('',(0.,1.,0.));
#6574=AXIS2_PLACEMENT_3D('',#6571,#6572,#6573);
#6575=CIRCLE('',#6574,150.);
#6576=EDGE_CURVE('',#6563,#6515,#6575,.T.);
#6577=ORIENTED_EDGE('',*,*,#6576,.T.);
#6578=EDGE_LOOP('',(#6521,#6528,#6529,#6537,#6543,#6544,#6553,#6561,#6570,#6577));
#6579=FACE_BOUND('',#6578,.T.);
#6580=ADVANCED_FACE('',(#6579),#6511,.F.);
#6581=CARTESIAN_POINT('',(2.5,-2.5,0.));
#6582=DIRECTION('',(1.,-0.,0.));
#6583=DIRECTION('',(0.,1.,0.));
#6584=AXIS2_PLACEMENT_3D('',#6581,#6582,#6583);
#6585=PLANE('',#6584);
#6586=CARTESIAN_POINT('',(2.5,-43.875109611,10.));
#6587=VERTEX_POINT('',#6586);
#6588=CARTESIAN_POINT('',(2.5,-43.875109611,-140.));
#6589=DIRECTION('',(1.,-0.,0.));
#6590=DIRECTION('',(0.,1.,0.));
#6591=AXIS2_PLACEMENT_3D('',#6588,#6589,#6590);
#6592=CIRCLE('',#6591,150.);
#6593=EDGE_CURVE('',#6587,#1531,#6592,.T.);
#6594=ORIENTED_EDGE('',*,*,#6593,.F.);
#6595=CARTESIAN_POINT('',(2.5,29.190510639,10.));
#6596=VERTEX_POINT('',#6595);
#6597=CARTESIAN_POINT('',(2.5,-43.875109611,10.));
#6598=DIRECTION('',(0.,1.,0.));
#6599=VECTOR('',#6598,73.06562025);
#6600=LINE('',#6597,#6599);
#6601=EDGE_CURVE('',#6587,#6596,#6600,.T.);
#6602=ORIENTED_EDGE('',*,*,#6601,.T.);
#6603=CARTESIAN_POINT('',(2.5,79.170098309,1.428571429));
#6604=VERTEX_POINT('',#6603);
#6605=CARTESIAN_POINT('',(2.5,29.190510639,-140.));
#6606=DIRECTION('',(-1.,0.,-0.));
#6607=DIRECTION('',(0.,1.,0.));
#6608=AXIS2_PLACEMENT_3D('',#6605,#6606,#6607);
#6609=CIRCLE('',#6608,150.);
#6610=EDGE_CURVE('',#6596,#6604,#6609,.T.);
#6611=ORIENTED_EDGE('',*,*,#6610,.T.);
#6612=CARTESIAN_POINT('',(2.5,112.500029587,25.));
#6613=VERTEX_POINT('',#6612);
#6614=CARTESIAN_POINT('',(2.5,87.500029587,25.));
#6615=DIRECTION('',(1.,-0.,0.));
#6616=DIRECTION('',(0.,1.,0.));
#6617=AXIS2_PLACEMENT_3D('',#6614,#6615,#6616);
#6618=CIRCLE('',#6617,25.);
#6619=EDGE_CURVE('',#6604,#6613,#6618,.T.);
#6620=ORIENTED_EDGE('',*,*,#6619,.T.);
#6621=CARTESIAN_POINT('',(2.5,112.500029587,65.782861893));
#6622=VERTEX_POINT('',#6621);
#6623=CARTESIAN_POINT('',(2.5,112.500029587,65.782861893));
#6624=DIRECTION('',(0.,0.,-1.));
#6625=VECTOR('',#6624,40.782861893);
#6626=LINE('',#6623,#6625);
#6627=EDGE_CURVE('',#6622,#6613,#6626,.T.);
#6628=ORIENTED_EDGE('',*,*,#6627,.F.);
#6629=CARTESIAN_POINT('',(2.5,87.500029587,65.782861893));
#6630=DIRECTION('',(1.,-0.,0.));
#6631=DIRECTION('',(0.,0.,-1.));
#6632=AXIS2_PLACEMENT_3D('',#6629,#6630,#6631);
#6633=CIRCLE('',#6632,25.);
#6634=EDGE_CURVE('',#6622,#3657,#6633,.T.);
#6635=ORIENTED_EDGE('',*,*,#6634,.T.);
#6636=ORIENTED_EDGE('',*,*,#3662,.T.);
#6637=CARTESIAN_POINT('',(2.5,78.493370689,80.994045131));
#6638=VERTEX_POINT('',#6637);
#6639=CARTESIAN_POINT('',(2.5,75.623244947,87.923141625));
#6640=DIRECTION('',(0.,0.382683432,-0.923879533));
#6641=VECTOR('',#6640,7.5);
#6642=LINE('',#6639,#6641);
#6643=EDGE_CURVE('',#3648,#6638,#6642,.T.);
#6644=ORIENTED_EDGE('',*,*,#6643,.T.);
#6645=CARTESIAN_POINT('',(2.5,78.493370689,80.994045131));
#6646=DIRECTION('',(-0.,-0.923879533,-0.382683432));
#6647=VECTOR('',#6646,202.562850605);
#6648=LINE('',#6645,#6647);
#6649=EDGE_CURVE('',#6638,#1539,#6648,.T.);
#6650=ORIENTED_EDGE('',*,*,#6649,.T.);
#6651=ORIENTED_EDGE('',*,*,#1545,.T.);
#6652=EDGE_LOOP('',(#6594,#6602,#6611,#6620,#6628,#6635,#6636,#6644,#6650,#6651));
#6653=FACE_BOUND('',#6652,.T.);
#6654=ADVANCED_FACE('',(#6653),#6585,.T.);
#6655=CARTESIAN_POINT('',(-2.5,112.500029587,2.5));
#6656=DIRECTION('',(-0.,-1.,-0.));
#6657=DIRECTION('',(0.,0.,-1.));
#6658=AXIS2_PLACEMENT_3D('',#6655,#6656,#6657);
#6659=PLANE('',#6658);
#6660=ORIENTED_EDGE('',*,*,#6627,.T.);
#6661=CARTESIAN_POINT('',(2.5,112.500029587,25.));
#6662=DIRECTION('',(-1.,0.,-0.));
#6663=VECTOR('',#6662,5.);
#6664=LINE('',#6661,#6663);
#6665=EDGE_CURVE('',#6613,#6555,#6664,.T.);
#6666=ORIENTED_EDGE('',*,*,#6665,.T.);
#6667=ORIENTED_EDGE('',*,*,#6560,.F.);
#6668=CARTESIAN_POINT('',(2.5,112.500029587,65.782861893));
#6669=DIRECTION('',(-1.,0.,0.));
#6670=VECTOR('',#6669,5.);
#6671=LINE('',#6668,#6670);
#6672=EDGE_CURVE('',#6622,#6546,#6671,.T.);
#6673=ORIENTED_EDGE('',*,*,#6672,.F.);
#6674=EDGE_LOOP('',(#6660,#6666,#6667,#6673));
#6675=FACE_BOUND('',#6674,.T.);
#6676=ADVANCED_FACE('',(#6675),#6659,.F.);
#6677=CARTESIAN_POINT('',(2.5,29.375029587,10.));
#6678=DIRECTION('',(-0.,-0.,1.));
#6679=DIRECTION('',(0.,-1.,-0.));
#6680=AXIS2_PLACEMENT_3D('',#6677,#6678,#6679);
#6681=PLANE('',#6680);
#6682=ORIENTED_EDGE('',*,*,#6520,.T.);
#6683=CARTESIAN_POINT('',(-2.5,29.190510639,10.));
#6684=DIRECTION('',(1.,-0.,0.));
#6685=VECTOR('',#6684,5.);
#6686=LINE('',#6683,#6685);
#6687=EDGE_CURVE('',#6515,#6596,#6686,.T.);
#6688=ORIENTED_EDGE('',*,*,#6687,.T.);
#6689=ORIENTED_EDGE('',*,*,#6601,.F.);
#6690=CARTESIAN_POINT('',(2.5,-43.875109611,10.));
#6691=DIRECTION('',(-1.,0.,0.));
#6692=VECTOR('',#6691,5.);
#6693=LINE('',#6690,#6692);
#6694=EDGE_CURVE('',#6587,#6513,#6693,.T.);
#6695=ORIENTED_EDGE('',*,*,#6694,.T.);
#6696=EDGE_LOOP('',(#6682,#6688,#6689,#6695));
#6697=FACE_BOUND('',#6696,.T.);
#6698=ADVANCED_FACE('',(#6697),#6681,.F.);
#6699=CARTESIAN_POINT('',(2.5,87.500029587,65.782861893));
#6700=DIRECTION('',(-1.,0.,0.));
#6701=DIRECTION('',(-0.,-1.,0.));
#6702=AXIS2_PLACEMENT_3D('',#6699,#6700,#6701);
#6703=CYLINDRICAL_SURFACE('',#6702,25.);
#6704=ORIENTED_EDGE('',*,*,#6552,.T.);
#6705=ORIENTED_EDGE('',*,*,#3670,.F.);
#6706=ORIENTED_EDGE('',*,*,#6634,.F.);
#6707=ORIENTED_EDGE('',*,*,#6672,.T.);
#6708=EDGE_LOOP('',(#6704,#6705,#6706,#6707));
#6709=FACE_BOUND('',#6708,.T.);
#6710=ADVANCED_FACE('',(#6709),#6703,.T.);
#6711=CARTESIAN_POINT('',(-2.5,87.500029587,25.));
#6712=DIRECTION('',(1.,-0.,0.));
#6713=DIRECTION('',(0.,1.,0.));
#6714=AXIS2_PLACEMENT_3D('',#6711,#6712,#6713);
#6715=CYLINDRICAL_SURFACE('',#6714,25.);
#6716=ORIENTED_EDGE('',*,*,#6619,.F.);
#6717=CARTESIAN_POINT('',(2.5,79.170098309,1.428571429));
#6718=DIRECTION('',(-1.,0.,-0.));
#6719=VECTOR('',#6718,5.);
#6720=LINE('',#6717,#6719);
#6721=EDGE_CURVE('',#6604,#6563,#6720,.T.);
#6722=ORIENTED_EDGE('',*,*,#6721,.T.);
#6723=ORIENTED_EDGE('',*,*,#6569,.F.);
#6724=ORIENTED_EDGE('',*,*,#6665,.F.);
#6725=EDGE_LOOP('',(#6716,#6722,#6723,#6724));
#6726=FACE_BOUND('',#6725,.T.);
#6727=ADVANCED_FACE('',(#6726),#6715,.T.);
#6728=CARTESIAN_POINT('',(-2.5,29.190510639,-140.));
#6729=DIRECTION('',(1.,-0.,0.));
#6730=DIRECTION('',(0.,1.,0.));
#6731=AXIS2_PLACEMENT_3D('',#6728,#6729,#6730);
#6732=CYLINDRICAL_SURFACE('',#6731,150.);
#6733=ORIENTED_EDGE('',*,*,#6576,.F.);
#6734=ORIENTED_EDGE('',*,*,#6721,.F.);
#6735=ORIENTED_EDGE('',*,*,#6610,.F.);
#6736=ORIENTED_EDGE('',*,*,#6687,.F.);
#6737=EDGE_LOOP('',(#6733,#6734,#6735,#6736));
#6738=FACE_BOUND('',#6737,.T.);
#6739=ADVANCED_FACE('',(#6738),#6732,.F.);
#6740=CARTESIAN_POINT('',(-12.5,-2.5,0.));
#6741=DIRECTION('',(1.,-0.,0.));
#6742=DIRECTION('',(0.,1.,0.));
#6743=AXIS2_PLACEMENT_3D('',#6740,#6741,#6742);
#6744=PLANE('',#6743);
#6745=CARTESIAN_POINT('',(-12.5,-43.875109611,10.));
#6746=VERTEX_POINT('',#6745);
#6747=CARTESIAN_POINT('',(-12.5,29.190510639,10.));
#6748=VERTEX_POINT('',#6747);
#6749=CARTESIAN_POINT('',(-12.5,-43.875109611,10.));
#6750=DIRECTION('',(0.,1.,0.));
#6751=VECTOR('',#6750,73.06562025);
#6752=LINE('',#6749,#6751);
#6753=EDGE_CURVE('',#6746,#6748,#6752,.T.);
#6754=ORIENTED_EDGE('',*,*,#6753,.F.);
#6755=CARTESIAN_POINT('',(-12.5,-43.875109611,-140.));
#6756=DIRECTION('',(1.,-0.,0.));
#6757=DIRECTION('',(-0.,-0.,1.));
#6758=AXIS2_PLACEMENT_3D('',#6755,#6756,#6757);
#6759=CIRCLE('',#6758,150.);
#6760=EDGE_CURVE('',#6746,#1388,#6759,.T.);
#6761=ORIENTED_EDGE('',*,*,#6760,.T.);
#6762=ORIENTED_EDGE('',*,*,#1394,.F.);
#6763=CARTESIAN_POINT('',(-12.5,78.493370689,80.994045131));
#6764=VERTEX_POINT('',#6763);
#6765=CARTESIAN_POINT('',(-12.5,-108.650301032,3.476598192));
#6766=DIRECTION('',(0.,0.923879533,0.382683432));
#6767=VECTOR('',#6766,202.562850605);
#6768=LINE('',#6765,#6767);
#6769=EDGE_CURVE('',#1334,#6764,#6768,.T.);
#6770=ORIENTED_EDGE('',*,*,#6769,.T.);
#6771=CARTESIAN_POINT('',(-12.5,78.493370689,80.994045131));
#6772=DIRECTION('',(-0.,-0.382683432,0.923879533));
#6773=VECTOR('',#6772,7.5);
#6774=LINE('',#6771,#6773);
#6775=EDGE_CURVE('',#6764,#3706,#6774,.T.);
#6776=ORIENTED_EDGE('',*,*,#6775,.T.);
#6777=ORIENTED_EDGE('',*,*,#3711,.F.);
#6778=CARTESIAN_POINT('',(-12.5,112.500029587,65.782861893));
#6779=VERTEX_POINT('',#6778);
#6780=CARTESIAN_POINT('',(-12.5,87.500029587,65.782861893));
#6781=DIRECTION('',(1.,-0.,0.));
#6782=DIRECTION('',(0.,0.,-1.));
#6783=AXIS2_PLACEMENT_3D('',#6780,#6781,#6782);
#6784=CIRCLE('',#6783,25.);
#6785=EDGE_CURVE('',#6779,#3698,#6784,.T.);
#6786=ORIENTED_EDGE('',*,*,#6785,.F.);
#6787=CARTESIAN_POINT('',(-12.5,112.500029587,25.));
#6788=VERTEX_POINT('',#6787);
#6789=CARTESIAN_POINT('',(-12.5,112.500029587,65.782861893));
#6790=DIRECTION('',(0.,0.,-1.));
#6791=VECTOR('',#6790,40.782861893);
#6792=LINE('',#6789,#6791);
#6793=EDGE_CURVE('',#6779,#6788,#6792,.T.);
#6794=ORIENTED_EDGE('',*,*,#6793,.T.);
#6795=CARTESIAN_POINT('',(-12.5,79.170098309,1.428571429));
#6796=VERTEX_POINT('',#6795);
#6797=CARTESIAN_POINT('',(-12.5,87.500029587,25.));
#6798=DIRECTION('',(-1.,0.,-0.));
#6799=DIRECTION('',(0.,1.,0.));
#6800=AXIS2_PLACEMENT_3D('',#6797,#6798,#6799);
#6801=CIRCLE('',#6800,25.);
#6802=EDGE_CURVE('',#6788,#6796,#6801,.T.);
#6803=ORIENTED_EDGE('',*,*,#6802,.T.);
#6804=CARTESIAN_POINT('',(-12.5,29.190510639,-140.));
#6805=DIRECTION('',(1.,-0.,0.));
#6806=DIRECTION('',(0.,1.,0.));
#6807=AXIS2_PLACEMENT_3D('',#6804,#6805,#6806);
#6808=CIRCLE('',#6807,150.);
#6809=EDGE_CURVE('',#6796,#6748,#6808,.T.);
#6810=ORIENTED_EDGE('',*,*,#6809,.T.);
#6811=EDGE_LOOP('',(#6754,#6761,#6762,#6770,#6776,#6777,#6786,#6794,#6803,#6810));
#6812=FACE_BOUND('',#6811,.T.);
#6813=ADVANCED_FACE('',(#6812),#6744,.F.);
#6814=CARTESIAN_POINT('',(-7.5,-2.5,0.));
#6815=DIRECTION('',(1.,-0.,0.));
#6816=DIRECTION('',(0.,1.,0.));
#6817=AXIS2_PLACEMENT_3D('',#6814,#6815,#6816);
#6818=PLANE('',#6817);
#6819=CARTESIAN_POINT('',(-7.5,-43.875109611,10.));
#6820=VERTEX_POINT('',#6819);
#6821=CARTESIAN_POINT('',(-7.5,-43.875109611,-140.));
#6822=DIRECTION('',(1.,-0.,0.));
#6823=DIRECTION('',(0.,1.,0.));
#6824=AXIS2_PLACEMENT_3D('',#6821,#6822,#6823);
#6825=CIRCLE('',#6824,150.);
#6826=EDGE_CURVE('',#6820,#1397,#6825,.T.);
#6827=ORIENTED_EDGE('',*,*,#6826,.F.);
#6828=CARTESIAN_POINT('',(-7.5,29.190510639,10.));
#6829=VERTEX_POINT('',#6828);
#6830=CARTESIAN_POINT('',(-7.5,-43.875109611,10.));
#6831=DIRECTION('',(0.,1.,0.));
#6832=VECTOR('',#6831,73.06562025);
#6833=LINE('',#6830,#6832);
#6834=EDGE_CURVE('',#6820,#6829,#6833,.T.);
#6835=ORIENTED_EDGE('',*,*,#6834,.T.);
#6836=CARTESIAN_POINT('',(-7.5,79.170098309,1.428571429));
#6837=VERTEX_POINT('',#6836);
#6838=CARTESIAN_POINT('',(-7.5,29.190510639,-140.));
#6839=DIRECTION('',(-1.,0.,-0.));
#6840=DIRECTION('',(0.,1.,0.));
#6841=AXIS2_PLACEMENT_3D('',#6838,#6839,#6840);
#6842=CIRCLE('',#6841,150.);
#6843=EDGE_CURVE('',#6829,#6837,#6842,.T.);
#6844=ORIENTED_EDGE('',*,*,#6843,.T.);
#6845=CARTESIAN_POINT('',(-7.5,112.500029587,25.));
#6846=VERTEX_POINT('',#6845);
#6847=CARTESIAN_POINT('',(-7.5,87.500029587,25.));
#6848=DIRECTION('',(1.,-0.,0.));
#6849=DIRECTION('',(0.,1.,0.));
#6850=AXIS2_PLACEMENT_3D('',#6847,#6848,#6849);
#6851=CIRCLE('',#6850,25.);
#6852=EDGE_CURVE('',#6837,#6846,#6851,.T.);
#6853=ORIENTED_EDGE('',*,*,#6852,.T.);
#6854=CARTESIAN_POINT('',(-7.5,112.500029587,65.782861893));
#6855=VERTEX_POINT('',#6854);
#6856=CARTESIAN_POINT('',(-7.5,112.500029587,65.782861893));
#6857=DIRECTION('',(0.,0.,-1.));
#6858=VECTOR('',#6857,40.782861893);
#6859=LINE('',#6856,#6858);
#6860=EDGE_CURVE('',#6855,#6846,#6859,.T.);
#6861=ORIENTED_EDGE('',*,*,#6860,.F.);
#6862=CARTESIAN_POINT('',(-7.5,87.500029587,65.782861893));
#6863=DIRECTION('',(1.,-0.,0.));
#6864=DIRECTION('',(0.,0.,-1.));
#6865=AXIS2_PLACEMENT_3D('',#6862,#6863,#6864);
#6866=CIRCLE('',#6865,25.);
#6867=EDGE_CURVE('',#6855,#3690,#6866,.T.);
#6868=ORIENTED_EDGE('',*,*,#6867,.T.);
#6869=ORIENTED_EDGE('',*,*,#3695,.T.);
#6870=CARTESIAN_POINT('',(-7.5,78.493370689,80.994045131));
#6871=VERTEX_POINT('',#6870);
#6872=CARTESIAN_POINT('',(-7.5,75.623244947,87.923141625));
#6873=DIRECTION('',(0.,0.382683432,-0.923879533));
#6874=VECTOR('',#6873,7.5);
#6875=LINE('',#6872,#6874);
#6876=EDGE_CURVE('',#3681,#6871,#6875,.T.);
#6877=ORIENTED_EDGE('',*,*,#6876,.T.);
#6878=CARTESIAN_POINT('',(-7.5,78.493370689,80.994045131));
#6879=DIRECTION('',(-0.,-0.923879533,-0.382683432));
#6880=VECTOR('',#6879,202.562850605);
#6881=LINE('',#6878,#6880);
#6882=EDGE_CURVE('',#6871,#1405,#6881,.T.);
#6883=ORIENTED_EDGE('',*,*,#6882,.T.);
#6884=ORIENTED_EDGE('',*,*,#1411,.T.);
#6885=EDGE_LOOP('',(#6827,#6835,#6844,#6853,#6861,#6868,#6869,#6877,#6883,#6884));
#6886=FACE_BOUND('',#6885,.T.);
#6887=ADVANCED_FACE('',(#6886),#6818,.T.);
#6888=CARTESIAN_POINT('',(-12.5,112.500029587,2.5));
#6889=DIRECTION('',(-0.,-1.,-0.));
#6890=DIRECTION('',(0.,0.,-1.));
#6891=AXIS2_PLACEMENT_3D('',#6888,#6889,#6890);
#6892=PLANE('',#6891);
#6893=ORIENTED_EDGE('',*,*,#6860,.T.);
#6894=CARTESIAN_POINT('',(-7.5,112.500029587,25.));
#6895=DIRECTION('',(-1.,0.,-0.));
#6896=VECTOR('',#6895,5.);
#6897=LINE('',#6894,#6896);
#6898=EDGE_CURVE('',#6846,#6788,#6897,.T.);
#6899=ORIENTED_EDGE('',*,*,#6898,.T.);
#6900=ORIENTED_EDGE('',*,*,#6793,.F.);
#6901=CARTESIAN_POINT('',(-7.5,112.500029587,65.782861893));
#6902=DIRECTION('',(-1.,0.,0.));
#6903=VECTOR('',#6902,5.);
#6904=LINE('',#6901,#6903);
#6905=EDGE_CURVE('',#6855,#6779,#6904,.T.);
#6906=ORIENTED_EDGE('',*,*,#6905,.F.);
#6907=EDGE_LOOP('',(#6893,#6899,#6900,#6906));
#6908=FACE_BOUND('',#6907,.T.);
#6909=ADVANCED_FACE('',(#6908),#6892,.F.);
#6910=CARTESIAN_POINT('',(-7.5,29.375029587,10.));
#6911=DIRECTION('',(-0.,-0.,1.));
#6912=DIRECTION('',(0.,-1.,-0.));
#6913=AXIS2_PLACEMENT_3D('',#6910,#6911,#6912);
#6914=PLANE('',#6913);
#6915=ORIENTED_EDGE('',*,*,#6753,.T.);
#6916=CARTESIAN_POINT('',(-12.5,29.190510639,10.));
#6917=DIRECTION('',(1.,-0.,0.));
#6918=VECTOR('',#6917,5.);
#6919=LINE('',#6916,#6918);
#6920=EDGE_CURVE('',#6748,#6829,#6919,.T.);
#6921=ORIENTED_EDGE('',*,*,#6920,.T.);
#6922=ORIENTED_EDGE('',*,*,#6834,.F.);
#6923=CARTESIAN_POINT('',(-7.5,-43.875109611,10.));
#6924=DIRECTION('',(-1.,0.,0.));
#6925=VECTOR('',#6924,5.);
#6926=LINE('',#6923,#6925);
#6927=EDGE_CURVE('',#6820,#6746,#6926,.T.);
#6928=ORIENTED_EDGE('',*,*,#6927,.T.);
#6929=EDGE_LOOP('',(#6915,#6921,#6922,#6928));
#6930=FACE_BOUND('',#6929,.T.);
#6931=ADVANCED_FACE('',(#6930),#6914,.F.);
#6932=CARTESIAN_POINT('',(-7.5,87.500029587,65.782861893));
#6933=DIRECTION('',(-1.,0.,0.));
#6934=DIRECTION('',(-0.,-1.,0.));
#6935=AXIS2_PLACEMENT_3D('',#6932,#6933,#6934);
#6936=CYLINDRICAL_SURFACE('',#6935,25.);
#6937=ORIENTED_EDGE('',*,*,#6785,.T.);
#6938=ORIENTED_EDGE('',*,*,#3703,.F.);
#6939=ORIENTED_EDGE('',*,*,#6867,.F.);
#6940=ORIENTED_EDGE('',*,*,#6905,.T.);
#6941=EDGE_LOOP('',(#6937,#6938,#6939,#6940));
#6942=FACE_BOUND('',#6941,.T.);
#6943=ADVANCED_FACE('',(#6942),#6936,.T.);
#6944=CARTESIAN_POINT('',(-12.5,87.500029587,25.));
#6945=DIRECTION('',(1.,-0.,0.));
#6946=DIRECTION('',(0.,1.,0.));
#6947=AXIS2_PLACEMENT_3D('',#6944,#6945,#6946);
#6948=CYLINDRICAL_SURFACE('',#6947,25.);
#6949=ORIENTED_EDGE('',*,*,#6852,.F.);
#6950=CARTESIAN_POINT('',(-7.5,79.170098309,1.428571429));
#6951=DIRECTION('',(-1.,0.,-0.));
#6952=VECTOR('',#6951,5.);
#6953=LINE('',#6950,#6952);
#6954=EDGE_CURVE('',#6837,#6796,#6953,.T.);
#6955=ORIENTED_EDGE('',*,*,#6954,.T.);
#6956=ORIENTED_EDGE('',*,*,#6802,.F.);
#6957=ORIENTED_EDGE('',*,*,#6898,.F.);
#6958=EDGE_LOOP('',(#6949,#6955,#6956,#6957));
#6959=FACE_BOUND('',#6958,.T.);
#6960=ADVANCED_FACE('',(#6959),#6948,.T.);
#6961=CARTESIAN_POINT('',(-12.5,29.190510639,-140.));
#6962=DIRECTION('',(1.,-0.,0.));
#6963=DIRECTION('',(0.,1.,0.));
#6964=AXIS2_PLACEMENT_3D('',#6961,#6962,#6963);
#6965=CYLINDRICAL_SURFACE('',#6964,150.);
#6966=ORIENTED_EDGE('',*,*,#6809,.F.);
#6967=ORIENTED_EDGE('',*,*,#6954,.F.);
#6968=ORIENTED_EDGE('',*,*,#6843,.F.);
#6969=ORIENTED_EDGE('',*,*,#6920,.F.);
#6970=EDGE_LOOP('',(#6966,#6967,#6968,#6969));
#6971=FACE_BOUND('',#6970,.T.);
#6972=ADVANCED_FACE('',(#6971),#6965,.F.);
#6973=CARTESIAN_POINT('',(-22.5,-2.5,0.));
#6974=DIRECTION('',(1.,-0.,0.));
#6975=DIRECTION('',(0.,1.,0.));
#6976=AXIS2_PLACEMENT_3D('',#6973,#6974,#6975);
#6977=PLANE('',#6976);
#6978=CARTESIAN_POINT('',(-22.5,-43.875109611,10.));
#6979=VERTEX_POINT('',#6978);
#6980=CARTESIAN_POINT('',(-22.5,29.190510639,10.));
#6981=VERTEX_POINT('',#6980);
#6982=CARTESIAN_POINT('',(-22.5,-43.875109611,10.));
#6983=DIRECTION('',(0.,1.,0.));
#6984=VECTOR('',#6983,73.06562025);
#6985=LINE('',#6982,#6984);
#6986=EDGE_CURVE('',#6979,#6981,#6985,.T.);
#6987=ORIENTED_EDGE('',*,*,#6986,.F.);
#6988=CARTESIAN_POINT('',(-22.5,-43.875109611,-140.));
#6989=DIRECTION('',(1.,-0.,0.));
#6990=DIRECTION('',(-0.,-0.,1.));
#6991=AXIS2_PLACEMENT_3D('',#6988,#6989,#6990);
#6992=CIRCLE('',#6991,150.);
#6993=EDGE_CURVE('',#6979,#1308,#6992,.T.);
#6994=ORIENTED_EDGE('',*,*,#6993,.T.);
#6995=ORIENTED_EDGE('',*,*,#1314,.F.);
#6996=CARTESIAN_POINT('',(-22.5,78.493370689,80.994045131));
#6997=VERTEX_POINT('',#6996);
#6998=CARTESIAN_POINT('',(-22.5,-108.650301032,3.476598192));
#6999=DIRECTION('',(0.,0.923879533,0.382683432));
#7000=VECTOR('',#6999,202.562850605);
#7001=LINE('',#6998,#7000);
#7002=EDGE_CURVE('',#1254,#6997,#7001,.T.);
#7003=ORIENTED_EDGE('',*,*,#7002,.T.);
#7004=CARTESIAN_POINT('',(-22.5,78.493370689,80.994045131));
#7005=DIRECTION('',(-0.,-0.382683432,0.923879533));
#7006=VECTOR('',#7005,7.5);
#7007=LINE('',#7004,#7006);
#7008=EDGE_CURVE('',#6997,#3739,#7007,.T.);
#7009=ORIENTED_EDGE('',*,*,#7008,.T.);
#7010=ORIENTED_EDGE('',*,*,#3744,.F.);
#7011=CARTESIAN_POINT('',(-22.5,112.500029587,65.782861893));
#7012=VERTEX_POINT('',#7011);
#7013=CARTESIAN_POINT('',(-22.5,87.500029587,65.782861893));
#7014=DIRECTION('',(1.,-0.,0.));
#7015=DIRECTION('',(0.,0.,-1.));
#7016=AXIS2_PLACEMENT_3D('',#7013,#7014,#7015);
#7017=CIRCLE('',#7016,25.);
#7018=EDGE_CURVE('',#7012,#3731,#7017,.T.);
#7019=ORIENTED_EDGE('',*,*,#7018,.F.);
#7020=CARTESIAN_POINT('',(-22.5,112.500029587,25.));
#7021=VERTEX_POINT('',#7020);
#7022=CARTESIAN_POINT('',(-22.5,112.500029587,65.782861893));
#7023=DIRECTION('',(0.,0.,-1.));
#7024=VECTOR('',#7023,40.782861893);
#7025=LINE('',#7022,#7024);
#7026=EDGE_CURVE('',#7012,#7021,#7025,.T.);
#7027=ORIENTED_EDGE('',*,*,#7026,.T.);
#7028=CARTESIAN_POINT('',(-22.5,79.170098309,1.428571429));
#7029=VERTEX_POINT('',#7028);
#7030=CARTESIAN_POINT('',(-22.5,87.500029587,25.));
#7031=DIRECTION('',(-1.,0.,-0.));
#7032=DIRECTION('',(0.,1.,0.));
#7033=AXIS2_PLACEMENT_3D('',#7030,#7031,#7032);
#7034=CIRCLE('',#7033,25.);
#7035=EDGE_CURVE('',#7021,#7029,#7034,.T.);
#7036=ORIENTED_EDGE('',*,*,#7035,.T.);
#7037=CARTESIAN_POINT('',(-22.5,29.190510639,-140.));
#7038=DIRECTION('',(1.,-0.,0.));
#7039=DIRECTION('',(0.,1.,0.));
#7040=AXIS2_PLACEMENT_3D('',#7037,#7038,#7039);
#7041=CIRCLE('',#7040,150.);
#7042=EDGE_CURVE('',#7029,#6981,#7041,.T.);
#7043=ORIENTED_EDGE('',*,*,#7042,.T.);
#7044=EDGE_LOOP('',(#6987,#6994,#6995,#7003,#7009,#7010,#7019,#7027,#7036,#7043));
#7045=FACE_BOUND('',#7044,.T.);
#7046=ADVANCED_FACE('',(#7045),#6977,.F.);
#7047=CARTESIAN_POINT('',(-17.5,-2.5,0.));
#7048=DIRECTION('',(1.,-0.,0.));
#7049=DIRECTION('',(0.,1.,0.));
#7050=AXIS2_PLACEMENT_3D('',#7047,#7048,#7049);
#7051=PLANE('',#7050);
#7052=CARTESIAN_POINT('',(-17.5,-43.875109611,10.));
#7053=VERTEX_POINT('',#7052);
#7054=CARTESIAN_POINT('',(-17.5,-43.875109611,-140.));
#7055=DIRECTION('',(1.,-0.,0.));
#7056=DIRECTION('',(0.,1.,0.));
#7057=AXIS2_PLACEMENT_3D('',#7054,#7055,#7056);
#7058=CIRCLE('',#7057,150.);
#7059=EDGE_CURVE('',#7053,#1317,#7058,.T.);
#7060=ORIENTED_EDGE('',*,*,#7059,.F.);
#7061=CARTESIAN_POINT('',(-17.5,29.190510639,10.));
#7062=VERTEX_POINT('',#7061);
#7063=CARTESIAN_POINT('',(-17.5,-43.875109611,10.));
#7064=DIRECTION('',(0.,1.,0.));
#7065=VECTOR('',#7064,73.06562025);
#7066=LINE('',#7063,#7065);
#7067=EDGE_CURVE('',#7053,#7062,#7066,.T.);
#7068=ORIENTED_EDGE('',*,*,#7067,.T.);
#7069=CARTESIAN_POINT('',(-17.5,79.170098309,1.428571429));
#7070=VERTEX_POINT('',#7069);
#7071=CARTESIAN_POINT('',(-17.5,29.190510639,-140.));
#7072=DIRECTION('',(-1.,0.,-0.));
#7073=DIRECTION('',(0.,1.,0.));
#7074=AXIS2_PLACEMENT_3D('',#7071,#7072,#7073);
#7075=CIRCLE('',#7074,150.);
#7076=EDGE_CURVE('',#7062,#7070,#7075,.T.);
#7077=ORIENTED_EDGE('',*,*,#7076,.T.);
#7078=CARTESIAN_POINT('',(-17.5,112.500029587,25.));
#7079=VERTEX_POINT('',#7078);
#7080=CARTESIAN_POINT('',(-17.5,87.500029587,25.));
#7081=DIRECTION('',(1.,-0.,0.));
#7082=DIRECTION('',(0.,1.,0.));
#7083=AXIS2_PLACEMENT_3D('',#7080,#7081,#7082);
#7084=CIRCLE('',#7083,25.);
#7085=EDGE_CURVE('',#7070,#7079,#7084,.T.);
#7086=ORIENTED_EDGE('',*,*,#7085,.T.);
#7087=CARTESIAN_POINT('',(-17.5,112.500029587,65.782861893));
#7088=VERTEX_POINT('',#7087);
#7089=CARTESIAN_POINT('',(-17.5,112.500029587,65.782861893));
#7090=DIRECTION('',(0.,0.,-1.));
#7091=VECTOR('',#7090,40.782861893);
#7092=LINE('',#7089,#7091);
#7093=EDGE_CURVE('',#7088,#7079,#7092,.T.);
#7094=ORIENTED_EDGE('',*,*,#7093,.F.);
#7095=CARTESIAN_POINT('',(-17.5,87.500029587,65.782861893));
#7096=DIRECTION('',(1.,-0.,0.));
#7097=DIRECTION('',(0.,0.,-1.));
#7098=AXIS2_PLACEMENT_3D('',#7095,#7096,#7097);
#7099=CIRCLE('',#7098,25.);
#7100=EDGE_CURVE('',#7088,#3723,#7099,.T.);
#7101=ORIENTED_EDGE('',*,*,#7100,.T.);
#7102=ORIENTED_EDGE('',*,*,#3728,.T.);
#7103=CARTESIAN_POINT('',(-17.5,78.493370689,80.994045131));
#7104=VERTEX_POINT('',#7103);
#7105=CARTESIAN_POINT('',(-17.5,75.623244947,87.923141625));
#7106=DIRECTION('',(0.,0.382683432,-0.923879533));
#7107=VECTOR('',#7106,7.5);
#7108=LINE('',#7105,#7107);
#7109=EDGE_CURVE('',#3714,#7104,#7108,.T.);
#7110=ORIENTED_EDGE('',*,*,#7109,.T.);
#7111=CARTESIAN_POINT('',(-17.5,78.493370689,80.994045131));
#7112=DIRECTION('',(-0.,-0.923879533,-0.382683432));
#7113=VECTOR('',#7112,202.562850605);
#7114=LINE('',#7111,#7113);
#7115=EDGE_CURVE('',#7104,#1325,#7114,.T.);
#7116=ORIENTED_EDGE('',*,*,#7115,.T.);
#7117=ORIENTED_EDGE('',*,*,#1331,.T.);
#7118=EDGE_LOOP('',(#7060,#7068,#7077,#7086,#7094,#7101,#7102,#7110,#7116,#7117));
#7119=FACE_BOUND('',#7118,.T.);
#7120=ADVANCED_FACE('',(#7119),#7051,.T.);
#7121=CARTESIAN_POINT('',(-22.5,112.500029587,2.5));
#7122=DIRECTION('',(-0.,-1.,-0.));
#7123=DIRECTION('',(0.,0.,-1.));
#7124=AXIS2_PLACEMENT_3D('',#7121,#7122,#7123);
#7125=PLANE('',#7124);
#7126=ORIENTED_EDGE('',*,*,#7093,.T.);
#7127=CARTESIAN_POINT('',(-17.5,112.500029587,25.));
#7128=DIRECTION('',(-1.,0.,-0.));
#7129=VECTOR('',#7128,5.);
#7130=LINE('',#7127,#7129);
#7131=EDGE_CURVE('',#7079,#7021,#7130,.T.);
#7132=ORIENTED_EDGE('',*,*,#7131,.T.);
#7133=ORIENTED_EDGE('',*,*,#7026,.F.);
#7134=CARTESIAN_POINT('',(-17.5,112.500029587,65.782861893));
#7135=DIRECTION('',(-1.,0.,0.));
#7136=VECTOR('',#7135,5.);
#7137=LINE('',#7134,#7136);
#7138=EDGE_CURVE('',#7088,#7012,#7137,.T.);
#7139=ORIENTED_EDGE('',*,*,#7138,.F.);
#7140=EDGE_LOOP('',(#7126,#7132,#7133,#7139));
#7141=FACE_BOUND('',#7140,.T.);
#7142=ADVANCED_FACE('',(#7141),#7125,.F.);
#7143=CARTESIAN_POINT('',(-17.5,29.375029587,10.));
#7144=DIRECTION('',(-0.,-0.,1.));
#7145=DIRECTION('',(0.,-1.,-0.));
#7146=AXIS2_PLACEMENT_3D('',#7143,#7144,#7145);
#7147=PLANE('',#7146);
#7148=ORIENTED_EDGE('',*,*,#6986,.T.);
#7149=CARTESIAN_POINT('',(-22.5,29.190510639,10.));
#7150=DIRECTION('',(1.,-0.,0.));
#7151=VECTOR('',#7150,5.);
#7152=LINE('',#7149,#7151);
#7153=EDGE_CURVE('',#6981,#7062,#7152,.T.);
#7154=ORIENTED_EDGE('',*,*,#7153,.T.);
#7155=ORIENTED_EDGE('',*,*,#7067,.F.);
#7156=CARTESIAN_POINT('',(-17.5,-43.875109611,10.));
#7157=DIRECTION('',(-1.,0.,0.));
#7158=VECTOR('',#7157,5.);
#7159=LINE('',#7156,#7158);
#7160=EDGE_CURVE('',#7053,#6979,#7159,.T.);
#7161=ORIENTED_EDGE('',*,*,#7160,.T.);
#7162=EDGE_LOOP('',(#7148,#7154,#7155,#7161));
#7163=FACE_BOUND('',#7162,.T.);
#7164=ADVANCED_FACE('',(#7163),#7147,.F.);
#7165=CARTESIAN_POINT('',(-17.5,87.500029587,65.782861893));
#7166=DIRECTION('',(-1.,0.,0.));
#7167=DIRECTION('',(-0.,-1.,0.));
#7168=AXIS2_PLACEMENT_3D('',#7165,#7166,#7167);
#7169=CYLINDRICAL_SURFACE('',#7168,25.);
#7170=ORIENTED_EDGE('',*,*,#7018,.T.);
#7171=ORIENTED_EDGE('',*,*,#3736,.F.);
#7172=ORIENTED_EDGE('',*,*,#7100,.F.);
#7173=ORIENTED_EDGE('',*,*,#7138,.T.);
#7174=EDGE_LOOP('',(#7170,#7171,#7172,#7173));
#7175=FACE_BOUND('',#7174,.T.);
#7176=ADVANCED_FACE('',(#7175),#7169,.T.);
#7177=CARTESIAN_POINT('',(-22.5,87.500029587,25.));
#7178=DIRECTION('',(1.,-0.,0.));
#7179=DIRECTION('',(0.,1.,0.));
#7180=AXIS2_PLACEMENT_3D('',#7177,#7178,#7179);
#7181=CYLINDRICAL_SURFACE('',#7180,25.);
#7182=ORIENTED_EDGE('',*,*,#7085,.F.);
#7183=CARTESIAN_POINT('',(-17.5,79.170098309,1.428571429));
#7184=DIRECTION('',(-1.,0.,-0.));
#7185=VECTOR('',#7184,5.);
#7186=LINE('',#7183,#7185);
#7187=EDGE_CURVE('',#7070,#7029,#7186,.T.);
#7188=ORIENTED_EDGE('',*,*,#7187,.T.);
#7189=ORIENTED_EDGE('',*,*,#7035,.F.);
#7190=ORIENTED_EDGE('',*,*,#7131,.F.);
#7191=EDGE_LOOP('',(#7182,#7188,#7189,#7190));
#7192=FACE_BOUND('',#7191,.T.);
#7193=ADVANCED_FACE('',(#7192),#7181,.T.);
#7194=CARTESIAN_POINT('',(-22.5,29.190510639,-140.));
#7195=DIRECTION('',(1.,-0.,0.));
#7196=DIRECTION('',(0.,1.,0.));
#7197=AXIS2_PLACEMENT_3D('',#7194,#7195,#7196);
#7198=CYLINDRICAL_SURFACE('',#7197,150.);
#7199=ORIENTED_EDGE('',*,*,#7042,.F.);
#7200=ORIENTED_EDGE('',*,*,#7187,.F.);
#7201=ORIENTED_EDGE('',*,*,#7076,.F.);
#7202=ORIENTED_EDGE('',*,*,#7153,.F.);
#7203=EDGE_LOOP('',(#7199,#7200,#7201,#7202));
#7204=FACE_BOUND('',#7203,.T.);
#7205=ADVANCED_FACE('',(#7204),#7198,.F.);
#7206=CARTESIAN_POINT('',(-32.5,-2.5,0.));
#7207=DIRECTION('',(1.,-0.,0.));
#7208=DIRECTION('',(0.,1.,0.));
#7209=AXIS2_PLACEMENT_3D('',#7206,#7207,#7208);
#7210=PLANE('',#7209);
#7211=CARTESIAN_POINT('',(-32.5,-43.875109611,10.));
#7212=VERTEX_POINT('',#7211);
#7213=CARTESIAN_POINT('',(-32.5,29.190510639,10.));
#7214=VERTEX_POINT('',#7213);
#7215=CARTESIAN_POINT('',(-32.5,-43.875109611,10.));
#7216=DIRECTION('',(0.,1.,0.));
#7217=VECTOR('',#7216,73.06562025);
#7218=LINE('',#7215,#7217);
#7219=EDGE_CURVE('',#7212,#7214,#7218,.T.);
#7220=ORIENTED_EDGE('',*,*,#7219,.F.);
#7221=CARTESIAN_POINT('',(-32.5,-43.875109611,-140.));
#7222=DIRECTION('',(1.,-0.,0.));
#7223=DIRECTION('',(-0.,-0.,1.));
#7224=AXIS2_PLACEMENT_3D('',#7221,#7222,#7223);
#7225=CIRCLE('',#7224,150.);
#7226=EDGE_CURVE('',#7212,#1174,#7225,.T.);
#7227=ORIENTED_EDGE('',*,*,#7226,.T.);
#7228=ORIENTED_EDGE('',*,*,#1180,.F.);
#7229=CARTESIAN_POINT('',(-32.5,78.493370689,80.994045131));
#7230=VERTEX_POINT('',#7229);
#7231=CARTESIAN_POINT('',(-32.5,-108.650301032,3.476598192));
#7232=DIRECTION('',(0.,0.923879533,0.382683432));
#7233=VECTOR('',#7232,202.562850605);
#7234=LINE('',#7231,#7233);
#7235=EDGE_CURVE('',#1120,#7230,#7234,.T.);
#7236=ORIENTED_EDGE('',*,*,#7235,.T.);
#7237=CARTESIAN_POINT('',(-32.5,78.493370689,80.994045131));
#7238=DIRECTION('',(-0.,-0.382683432,0.923879533));
#7239=VECTOR('',#7238,7.5);
#7240=LINE('',#7237,#7239);
#7241=EDGE_CURVE('',#7230,#3781,#7240,.T.);
#7242=ORIENTED_EDGE('',*,*,#7241,.T.);
#7243=ORIENTED_EDGE('',*,*,#3786,.F.);
#7244=CARTESIAN_POINT('',(-32.5,112.500029587,65.782861893));
#7245=VERTEX_POINT('',#7244);
#7246=CARTESIAN_POINT('',(-32.5,87.500029587,65.782861893));
#7247=DIRECTION('',(1.,-0.,0.));
#7248=DIRECTION('',(0.,0.,-1.));
#7249=AXIS2_PLACEMENT_3D('',#7246,#7247,#7248);
#7250=CIRCLE('',#7249,25.);
#7251=EDGE_CURVE('',#7245,#3773,#7250,.T.);
#7252=ORIENTED_EDGE('',*,*,#7251,.F.);
#7253=CARTESIAN_POINT('',(-32.5,112.500029587,25.));
#7254=VERTEX_POINT('',#7253);
#7255=CARTESIAN_POINT('',(-32.5,112.500029587,65.782861893));
#7256=DIRECTION('',(0.,0.,-1.));
#7257=VECTOR('',#7256,40.782861893);
#7258=LINE('',#7255,#7257);
#7259=EDGE_CURVE('',#7245,#7254,#7258,.T.);
#7260=ORIENTED_EDGE('',*,*,#7259,.T.);
#7261=CARTESIAN_POINT('',(-32.5,79.170098309,1.428571429));
#7262=VERTEX_POINT('',#7261);
#7263=CARTESIAN_POINT('',(-32.5,87.500029587,25.));
#7264=DIRECTION('',(-1.,0.,-0.));
#7265=DIRECTION('',(0.,1.,0.));
#7266=AXIS2_PLACEMENT_3D('',#7263,#7264,#7265);
#7267=CIRCLE('',#7266,25.);
#7268=EDGE_CURVE('',#7254,#7262,#7267,.T.);
#7269=ORIENTED_EDGE('',*,*,#7268,.T.);
#7270=CARTESIAN_POINT('',(-32.5,29.190510639,-140.));
#7271=DIRECTION('',(1.,-0.,0.));
#7272=DIRECTION('',(0.,1.,0.));
#7273=AXIS2_PLACEMENT_3D('',#7270,#7271,#7272);
#7274=CIRCLE('',#7273,150.);
#7275=EDGE_CURVE('',#7262,#7214,#7274,.T.);
#7276=ORIENTED_EDGE('',*,*,#7275,.T.);
#7277=EDGE_LOOP('',(#7220,#7227,#7228,#7236,#7242,#7243,#7252,#7260,#7269,#7276));
#7278=FACE_BOUND('',#7277,.T.);
#7279=ADVANCED_FACE('',(#7278),#7210,.F.);
#7280=CARTESIAN_POINT('',(-27.5,-2.5,0.));
#7281=DIRECTION('',(1.,-0.,0.));
#7282=DIRECTION('',(0.,1.,0.));
#7283=AXIS2_PLACEMENT_3D('',#7280,#7281,#7282);
#7284=PLANE('',#7283);
#7285=CARTESIAN_POINT('',(-27.5,-43.875109611,10.));
#7286=VERTEX_POINT('',#7285);
#7287=CARTESIAN_POINT('',(-27.5,-43.875109611,-140.));
#7288=DIRECTION('',(1.,-0.,0.));
#7289=DIRECTION('',(0.,1.,0.));
#7290=AXIS2_PLACEMENT_3D('',#7287,#7288,#7289);
#7291=CIRCLE('',#7290,150.);
#7292=EDGE_CURVE('',#7286,#1183,#7291,.T.);
#7293=ORIENTED_EDGE('',*,*,#7292,.F.);
#7294=CARTESIAN_POINT('',(-27.5,29.190510639,10.));
#7295=VERTEX_POINT('',#7294);
#7296=CARTESIAN_POINT('',(-27.5,-43.875109611,10.));
#7297=DIRECTION('',(0.,1.,0.));
#7298=VECTOR('',#7297,73.06562025);
#7299=LINE('',#7296,#7298);
#7300=EDGE_CURVE('',#7286,#7295,#7299,.T.);
#7301=ORIENTED_EDGE('',*,*,#7300,.T.);
#7302=CARTESIAN_POINT('',(-27.5,79.170098309,1.428571429));
#7303=VERTEX_POINT('',#7302);
#7304=CARTESIAN_POINT('',(-27.5,29.190510639,-140.));
#7305=DIRECTION('',(-1.,0.,-0.));
#7306=DIRECTION('',(0.,1.,0.));
#7307=AXIS2_PLACEMENT_3D('',#7304,#7305,#7306);
#7308=CIRCLE('',#7307,150.);
#7309=EDGE_CURVE('',#7295,#7303,#7308,.T.);
#7310=ORIENTED_EDGE('',*,*,#7309,.T.);
#7311=CARTESIAN_POINT('',(-27.5,112.500029587,25.));
#7312=VERTEX_POINT('',#7311);
#7313=CARTESIAN_POINT('',(-27.5,87.500029587,25.));
#7314=DIRECTION('',(1.,-0.,0.));
#7315=DIRECTION('',(0.,1.,0.));
#7316=AXIS2_PLACEMENT_3D('',#7313,#7314,#7315);
#7317=CIRCLE('',#7316,25.);
#7318=EDGE_CURVE('',#7303,#7312,#7317,.T.);
#7319=ORIENTED_EDGE('',*,*,#7318,.T.);
#7320=CARTESIAN_POINT('',(-27.5,112.500029587,65.782861893));
#7321=VERTEX_POINT('',#7320);
#7322=CARTESIAN_POINT('',(-27.5,112.500029587,65.782861893));
#7323=DIRECTION('',(0.,0.,-1.));
#7324=VECTOR('',#7323,40.782861893);
#7325=LINE('',#7322,#7324);
#7326=EDGE_CURVE('',#7321,#7312,#7325,.T.);
#7327=ORIENTED_EDGE('',*,*,#7326,.F.);
#7328=CARTESIAN_POINT('',(-27.5,87.500029587,65.782861893));
#7329=DIRECTION('',(1.,-0.,0.));
#7330=DIRECTION('',(0.,0.,-1.));
#7331=AXIS2_PLACEMENT_3D('',#7328,#7329,#7330);
#7332=CIRCLE('',#7331,25.);
#7333=EDGE_CURVE('',#7321,#3765,#7332,.T.);
#7334=ORIENTED_EDGE('',*,*,#7333,.T.);
#7335=ORIENTED_EDGE('',*,*,#3770,.T.);
#7336=CARTESIAN_POINT('',(-27.5,78.493370689,80.994045131));
#7337=VERTEX_POINT('',#7336);
#7338=CARTESIAN_POINT('',(-27.5,75.623244947,87.923141625));
#7339=DIRECTION('',(0.,0.382683432,-0.923879533));
#7340=VECTOR('',#7339,7.5);
#7341=LINE('',#7338,#7340);
#7342=EDGE_CURVE('',#3756,#7337,#7341,.T.);
#7343=ORIENTED_EDGE('',*,*,#7342,.T.);
#7344=CARTESIAN_POINT('',(-27.5,78.493370689,80.994045131));
#7345=DIRECTION('',(-0.,-0.923879533,-0.382683432));
#7346=VECTOR('',#7345,202.562850605);
#7347=LINE('',#7344,#7346);
#7348=EDGE_CURVE('',#7337,#1191,#7347,.T.);
#7349=ORIENTED_EDGE('',*,*,#7348,.T.);
#7350=ORIENTED_EDGE('',*,*,#1197,.T.);
#7351=EDGE_LOOP('',(#7293,#7301,#7310,#7319,#7327,#7334,#7335,#7343,#7349,#7350));
#7352=FACE_BOUND('',#7351,.T.);
#7353=ADVANCED_FACE('',(#7352),#7284,.T.);
#7354=CARTESIAN_POINT('',(-32.5,112.500029587,2.5));
#7355=DIRECTION('',(-0.,-1.,-0.));
#7356=DIRECTION('',(0.,0.,-1.));
#7357=AXIS2_PLACEMENT_3D('',#7354,#7355,#7356);
#7358=PLANE('',#7357);
#7359=ORIENTED_EDGE('',*,*,#7326,.T.);
#7360=CARTESIAN_POINT('',(-27.5,112.500029587,25.));
#7361=DIRECTION('',(-1.,0.,-0.));
#7362=VECTOR('',#7361,5.);
#7363=LINE('',#7360,#7362);
#7364=EDGE_CURVE('',#7312,#7254,#7363,.T.);
#7365=ORIENTED_EDGE('',*,*,#7364,.T.);
#7366=ORIENTED_EDGE('',*,*,#7259,.F.);
#7367=CARTESIAN_POINT('',(-27.5,112.500029587,65.782861893));
#7368=DIRECTION('',(-1.,0.,0.));
#7369=VECTOR('',#7368,5.);
#7370=LINE('',#7367,#7369);
#7371=EDGE_CURVE('',#7321,#7245,#7370,.T.);
#7372=ORIENTED_EDGE('',*,*,#7371,.F.);
#7373=EDGE_LOOP('',(#7359,#7365,#7366,#7372));
#7374=FACE_BOUND('',#7373,.T.);
#7375=ADVANCED_FACE('',(#7374),#7358,.F.);
#7376=CARTESIAN_POINT('',(-27.5,29.375029587,10.));
#7377=DIRECTION('',(-0.,-0.,1.));
#7378=DIRECTION('',(0.,-1.,-0.));
#7379=AXIS2_PLACEMENT_3D('',#7376,#7377,#7378);
#7380=PLANE('',#7379);
#7381=ORIENTED_EDGE('',*,*,#7219,.T.);
#7382=CARTESIAN_POINT('',(-32.5,29.190510639,10.));
#7383=DIRECTION('',(1.,-0.,0.));
#7384=VECTOR('',#7383,5.);
#7385=LINE('',#7382,#7384);
#7386=EDGE_CURVE('',#7214,#7295,#7385,.T.);
#7387=ORIENTED_EDGE('',*,*,#7386,.T.);
#7388=ORIENTED_EDGE('',*,*,#7300,.F.);
#7389=CARTESIAN_POINT('',(-27.5,-43.875109611,10.));
#7390=DIRECTION('',(-1.,0.,0.));
#7391=VECTOR('',#7390,5.);
#7392=LINE('',#7389,#7391);
#7393=EDGE_CURVE('',#7286,#7212,#7392,.T.);
#7394=ORIENTED_EDGE('',*,*,#7393,.T.);
#7395=EDGE_LOOP('',(#7381,#7387,#7388,#7394));
#7396=FACE_BOUND('',#7395,.T.);
#7397=ADVANCED_FACE('',(#7396),#7380,.F.);
#7398=CARTESIAN_POINT('',(-27.5,87.500029587,65.782861893));
#7399=DIRECTION('',(-1.,0.,0.));
#7400=DIRECTION('',(-0.,-1.,0.));
#7401=AXIS2_PLACEMENT_3D('',#7398,#7399,#7400);
#7402=CYLINDRICAL_SURFACE('',#7401,25.);
#7403=ORIENTED_EDGE('',*,*,#7251,.T.);
#7404=ORIENTED_EDGE('',*,*,#3778,.F.);
#7405=ORIENTED_EDGE('',*,*,#7333,.F.);
#7406=ORIENTED_EDGE('',*,*,#7371,.T.);
#7407=EDGE_LOOP('',(#7403,#7404,#7405,#7406));
#7408=FACE_BOUND('',#7407,.T.);
#7409=ADVANCED_FACE('',(#7408),#7402,.T.);
#7410=CARTESIAN_POINT('',(-32.5,87.500029587,25.));
#7411=DIRECTION('',(1.,-0.,0.));
#7412=DIRECTION('',(0.,1.,0.));
#7413=AXIS2_PLACEMENT_3D('',#7410,#7411,#7412);
#7414=CYLINDRICAL_SURFACE('',#7413,25.);
#7415=ORIENTED_EDGE('',*,*,#7318,.F.);
#7416=CARTESIAN_POINT('',(-27.5,79.170098309,1.428571429));
#7417=DIRECTION('',(-1.,0.,-0.));
#7418=VECTOR('',#7417,5.);
#7419=LINE('',#7416,#7418);
#7420=EDGE_CURVE('',#7303,#7262,#7419,.T.);
#7421=ORIENTED_EDGE('',*,*,#7420,.T.);
#7422=ORIENTED_EDGE('',*,*,#7268,.F.);
#7423=ORIENTED_EDGE('',*,*,#7364,.F.);
#7424=EDGE_LOOP('',(#7415,#7421,#7422,#7423));
#7425=FACE_BOUND('',#7424,.T.);
#7426=ADVANCED_FACE('',(#7425),#7414,.T.);
#7427=CARTESIAN_POINT('',(-32.5,29.190510639,-140.));
#7428=DIRECTION('',(1.,-0.,0.));
#7429=DIRECTION('',(0.,1.,0.));
#7430=AXIS2_PLACEMENT_3D('',#7427,#7428,#7429);
#7431=CYLINDRICAL_SURFACE('',#7430,150.);
#7432=ORIENTED_EDGE('',*,*,#7275,.F.);
#7433=ORIENTED_EDGE('',*,*,#7420,.F.);
#7434=ORIENTED_EDGE('',*,*,#7309,.F.);
#7435=ORIENTED_EDGE('',*,*,#7386,.F.);
#7436=EDGE_LOOP('',(#7432,#7433,#7434,#7435));
#7437=FACE_BOUND('',#7436,.T.);
#7438=ADVANCED_FACE('',(#7437),#7431,.F.);
#7439=CARTESIAN_POINT('',(-42.5,-2.5,0.));
#7440=DIRECTION('',(1.,-0.,0.));
#7441=DIRECTION('',(0.,1.,0.));
#7442=AXIS2_PLACEMENT_3D('',#7439,#7440,#7441);
#7443=PLANE('',#7442);
#7444=CARTESIAN_POINT('',(-42.5,-43.875109611,10.));
#7445=VERTEX_POINT('',#7444);
#7446=CARTESIAN_POINT('',(-42.5,29.190510639,10.));
#7447=VERTEX_POINT('',#7446);
#7448=CARTESIAN_POINT('',(-42.5,-43.875109611,10.));
#7449=DIRECTION('',(0.,1.,0.));
#7450=VECTOR('',#7449,73.06562025);
#7451=LINE('',#7448,#7450);
#7452=EDGE_CURVE('',#7445,#7447,#7451,.T.);
#7453=ORIENTED_EDGE('',*,*,#7452,.F.);
#7454=CARTESIAN_POINT('',(-42.5,-43.875109611,-140.));
#7455=DIRECTION('',(1.,-0.,0.));
#7456=DIRECTION('',(-0.,-0.,1.));
#7457=AXIS2_PLACEMENT_3D('',#7454,#7455,#7456);
#7458=CIRCLE('',#7457,150.);
#7459=EDGE_CURVE('',#7445,#1040,#7458,.T.);
#7460=ORIENTED_EDGE('',*,*,#7459,.T.);
#7461=ORIENTED_EDGE('',*,*,#1046,.F.);
#7462=CARTESIAN_POINT('',(-42.5,78.493370689,80.994045131));
#7463=VERTEX_POINT('',#7462);
#7464=CARTESIAN_POINT('',(-42.5,-108.650301032,3.476598192));
#7465=DIRECTION('',(0.,0.923879533,0.382683432));
#7466=VECTOR('',#7465,202.562850605);
#7467=LINE('',#7464,#7466);
#7468=EDGE_CURVE('',#986,#7463,#7467,.T.);
#7469=ORIENTED_EDGE('',*,*,#7468,.T.);
#7470=CARTESIAN_POINT('',(-42.5,78.493370689,80.994045131));
#7471=DIRECTION('',(-0.,-0.382683432,0.923879533));
#7472=VECTOR('',#7471,7.5);
#7473=LINE('',#7470,#7472);
#7474=EDGE_CURVE('',#7463,#3823,#7473,.T.);
#7475=ORIENTED_EDGE('',*,*,#7474,.T.);
#7476=ORIENTED_EDGE('',*,*,#3828,.F.);
#7477=CARTESIAN_POINT('',(-42.5,112.500029587,65.782861893));
#7478=VERTEX_POINT('',#7477);
#7479=CARTESIAN_POINT('',(-42.5,87.500029587,65.782861893));
#7480=DIRECTION('',(1.,-0.,0.));
#7481=DIRECTION('',(0.,0.,-1.));
#7482=AXIS2_PLACEMENT_3D('',#7479,#7480,#7481);
#7483=CIRCLE('',#7482,25.);
#7484=EDGE_CURVE('',#7478,#3815,#7483,.T.);
#7485=ORIENTED_EDGE('',*,*,#7484,.F.);
#7486=CARTESIAN_POINT('',(-42.5,112.500029587,25.));
#7487=VERTEX_POINT('',#7486);
#7488=CARTESIAN_POINT('',(-42.5,112.500029587,65.782861893));
#7489=DIRECTION('',(0.,0.,-1.));
#7490=VECTOR('',#7489,40.782861893);
#7491=LINE('',#7488,#7490);
#7492=EDGE_CURVE('',#7478,#7487,#7491,.T.);
#7493=ORIENTED_EDGE('',*,*,#7492,.T.);
#7494=CARTESIAN_POINT('',(-42.5,79.170098309,1.428571429));
#7495=VERTEX_POINT('',#7494);
#7496=CARTESIAN_POINT('',(-42.5,87.500029587,25.));
#7497=DIRECTION('',(-1.,0.,-0.));
#7498=DIRECTION('',(0.,1.,0.));
#7499=AXIS2_PLACEMENT_3D('',#7496,#7497,#7498);
#7500=CIRCLE('',#7499,25.);
#7501=EDGE_CURVE('',#7487,#7495,#7500,.T.);
#7502=ORIENTED_EDGE('',*,*,#7501,.T.);
#7503=CARTESIAN_POINT('',(-42.5,29.190510639,-140.));
#7504=DIRECTION('',(1.,-0.,0.));
#7505=DIRECTION('',(0.,1.,0.));
#7506=AXIS2_PLACEMENT_3D('',#7503,#7504,#7505);
#7507=CIRCLE('',#7506,150.);
#7508=EDGE_CURVE('',#7495,#7447,#7507,.T.);
#7509=ORIENTED_EDGE('',*,*,#7508,.T.);
#7510=EDGE_LOOP('',(#7453,#7460,#7461,#7469,#7475,#7476,#7485,#7493,#7502,#7509));
#7511=FACE_BOUND('',#7510,.T.);
#7512=ADVANCED_FACE('',(#7511),#7443,.F.);
#7513=CARTESIAN_POINT('',(-37.5,-2.5,0.));
#7514=DIRECTION('',(1.,-0.,0.));
#7515=DIRECTION('',(0.,1.,0.));
#7516=AXIS2_PLACEMENT_3D('',#7513,#7514,#7515);
#7517=PLANE('',#7516);
#7518=CARTESIAN_POINT('',(-37.5,-43.875109611,10.));
#7519=VERTEX_POINT('',#7518);
#7520=CARTESIAN_POINT('',(-37.5,-43.875109611,-140.));
#7521=DIRECTION('',(1.,-0.,0.));
#7522=DIRECTION('',(0.,1.,0.));
#7523=AXIS2_PLACEMENT_3D('',#7520,#7521,#7522);
#7524=CIRCLE('',#7523,150.);
#7525=EDGE_CURVE('',#7519,#1049,#7524,.T.);
#7526=ORIENTED_EDGE('',*,*,#7525,.F.);
#7527=CARTESIAN_POINT('',(-37.5,29.190510639,10.));
#7528=VERTEX_POINT('',#7527);
#7529=CARTESIAN_POINT('',(-37.5,-43.875109611,10.));
#7530=DIRECTION('',(0.,1.,0.));
#7531=VECTOR('',#7530,73.06562025);
#7532=LINE('',#7529,#7531);
#7533=EDGE_CURVE('',#7519,#7528,#7532,.T.);
#7534=ORIENTED_EDGE('',*,*,#7533,.T.);
#7535=CARTESIAN_POINT('',(-37.5,79.170098309,1.428571429));
#7536=VERTEX_POINT('',#7535);
#7537=CARTESIAN_POINT('',(-37.5,29.190510639,-140.));
#7538=DIRECTION('',(-1.,0.,-0.));
#7539=DIRECTION('',(0.,1.,0.));
#7540=AXIS2_PLACEMENT_3D('',#7537,#7538,#7539);
#7541=CIRCLE('',#7540,150.);
#7542=EDGE_CURVE('',#7528,#7536,#7541,.T.);
#7543=ORIENTED_EDGE('',*,*,#7542,.T.);
#7544=CARTESIAN_POINT('',(-37.5,112.500029587,25.));
#7545=VERTEX_POINT('',#7544);
#7546=CARTESIAN_POINT('',(-37.5,87.500029587,25.));
#7547=DIRECTION('',(1.,-0.,0.));
#7548=DIRECTION('',(0.,1.,0.));
#7549=AXIS2_PLACEMENT_3D('',#7546,#7547,#7548);
#7550=CIRCLE('',#7549,25.);
#7551=EDGE_CURVE('',#7536,#7545,#7550,.T.);
#7552=ORIENTED_EDGE('',*,*,#7551,.T.);
#7553=CARTESIAN_POINT('',(-37.5,112.500029587,65.782861893));
#7554=VERTEX_POINT('',#7553);
#7555=CARTESIAN_POINT('',(-37.5,112.500029587,65.782861893));
#7556=DIRECTION('',(0.,0.,-1.));
#7557=VECTOR('',#7556,40.782861893);
#7558=LINE('',#7555,#7557);
#7559=EDGE_CURVE('',#7554,#7545,#7558,.T.);
#7560=ORIENTED_EDGE('',*,*,#7559,.F.);
#7561=CARTESIAN_POINT('',(-37.5,87.500029587,65.782861893));
#7562=DIRECTION('',(1.,-0.,0.));
#7563=DIRECTION('',(0.,0.,-1.));
#7564=AXIS2_PLACEMENT_3D('',#7561,#7562,#7563);
#7565=CIRCLE('',#7564,25.);
#7566=EDGE_CURVE('',#7554,#3807,#7565,.T.);
#7567=ORIENTED_EDGE('',*,*,#7566,.T.);
#7568=ORIENTED_EDGE('',*,*,#3812,.T.);
#7569=CARTESIAN_POINT('',(-37.5,78.493370689,80.994045131));
#7570=VERTEX_POINT('',#7569);
#7571=CARTESIAN_POINT('',(-37.5,75.623244947,87.923141625));
#7572=DIRECTION('',(0.,0.382683432,-0.923879533));
#7573=VECTOR('',#7572,7.5);
#7574=LINE('',#7571,#7573);
#7575=EDGE_CURVE('',#3798,#7570,#7574,.T.);
#7576=ORIENTED_EDGE('',*,*,#7575,.T.);
#7577=CARTESIAN_POINT('',(-37.5,78.493370689,80.994045131));
#7578=DIRECTION('',(-0.,-0.923879533,-0.382683432));
#7579=VECTOR('',#7578,202.562850605);
#7580=LINE('',#7577,#7579);
#7581=EDGE_CURVE('',#7570,#1057,#7580,.T.);
#7582=ORIENTED_EDGE('',*,*,#7581,.T.);
#7583=ORIENTED_EDGE('',*,*,#1063,.T.);
#7584=EDGE_LOOP('',(#7526,#7534,#7543,#7552,#7560,#7567,#7568,#7576,#7582,#7583));
#7585=FACE_BOUND('',#7584,.T.);
#7586=ADVANCED_FACE('',(#7585),#7517,.T.);
#7587=CARTESIAN_POINT('',(-42.5,112.500029587,2.5));
#7588=DIRECTION('',(-0.,-1.,-0.));
#7589=DIRECTION('',(0.,0.,-1.));
#7590=AXIS2_PLACEMENT_3D('',#7587,#7588,#7589);
#7591=PLANE('',#7590);
#7592=ORIENTED_EDGE('',*,*,#7559,.T.);
#7593=CARTESIAN_POINT('',(-37.5,112.500029587,25.));
#7594=DIRECTION('',(-1.,0.,-0.));
#7595=VECTOR('',#7594,5.);
#7596=LINE('',#7593,#7595);
#7597=EDGE_CURVE('',#7545,#7487,#7596,.T.);
#7598=ORIENTED_EDGE('',*,*,#7597,.T.);
#7599=ORIENTED_EDGE('',*,*,#7492,.F.);
#7600=CARTESIAN_POINT('',(-37.5,112.500029587,65.782861893));
#7601=DIRECTION('',(-1.,0.,0.));
#7602=VECTOR('',#7601,5.);
#7603=LINE('',#7600,#7602);
#7604=EDGE_CURVE('',#7554,#7478,#7603,.T.);
#7605=ORIENTED_EDGE('',*,*,#7604,.F.);
#7606=EDGE_LOOP('',(#7592,#7598,#7599,#7605));
#7607=FACE_BOUND('',#7606,.T.);
#7608=ADVANCED_FACE('',(#7607),#7591,.F.);
#7609=CARTESIAN_POINT('',(-37.5,29.375029587,10.));
#7610=DIRECTION('',(-0.,-0.,1.));
#7611=DIRECTION('',(0.,-1.,-0.));
#7612=AXIS2_PLACEMENT_3D('',#7609,#7610,#7611);
#7613=PLANE('',#7612);
#7614=ORIENTED_EDGE('',*,*,#7452,.T.);
#7615=CARTESIAN_POINT('',(-42.5,29.190510639,10.));
#7616=DIRECTION('',(1.,-0.,0.));
#7617=VECTOR('',#7616,5.);
#7618=LINE('',#7615,#7617);
#7619=EDGE_CURVE('',#7447,#7528,#7618,.T.);
#7620=ORIENTED_EDGE('',*,*,#7619,.T.);
#7621=ORIENTED_EDGE('',*,*,#7533,.F.);
#7622=CARTESIAN_POINT('',(-37.5,-43.875109611,10.));
#7623=DIRECTION('',(-1.,0.,0.));
#7624=VECTOR('',#7623,5.);
#7625=LINE('',#7622,#7624);
#7626=EDGE_CURVE('',#7519,#7445,#7625,.T.);
#7627=ORIENTED_EDGE('',*,*,#7626,.T.);
#7628=EDGE_LOOP('',(#7614,#7620,#7621,#7627));
#7629=FACE_BOUND('',#7628,.T.);
#7630=ADVANCED_FACE('',(#7629),#7613,.F.);
#7631=CARTESIAN_POINT('',(-37.5,87.500029587,65.782861893));
#7632=DIRECTION('',(-1.,0.,0.));
#7633=DIRECTION('',(-0.,-1.,0.));
#7634=AXIS2_PLACEMENT_3D('',#7631,#7632,#7633);
#7635=CYLINDRICAL_SURFACE('',#7634,25.);
#7636=ORIENTED_EDGE('',*,*,#7484,.T.);
#7637=ORIENTED_EDGE('',*,*,#3820,.F.);
#7638=ORIENTED_EDGE('',*,*,#7566,.F.);
#7639=ORIENTED_EDGE('',*,*,#7604,.T.);
#7640=EDGE_LOOP('',(#7636,#7637,#7638,#7639));
#7641=FACE_BOUND('',#7640,.T.);
#7642=ADVANCED_FACE('',(#7641),#7635,.T.);
#7643=CARTESIAN_POINT('',(-42.5,87.500029587,25.));
#7644=DIRECTION('',(1.,-0.,0.));
#7645=DIRECTION('',(0.,1.,0.));
#7646=AXIS2_PLACEMENT_3D('',#7643,#7644,#7645);
#7647=CYLINDRICAL_SURFACE('',#7646,25.);
#7648=ORIENTED_EDGE('',*,*,#7551,.F.);
#7649=CARTESIAN_POINT('',(-37.5,79.170098309,1.428571429));
#7650=DIRECTION('',(-1.,0.,-0.));
#7651=VECTOR('',#7650,5.);
#7652=LINE('',#7649,#7651);
#7653=EDGE_CURVE('',#7536,#7495,#7652,.T.);
#7654=ORIENTED_EDGE('',*,*,#7653,.T.);
#7655=ORIENTED_EDGE('',*,*,#7501,.F.);
#7656=ORIENTED_EDGE('',*,*,#7597,.F.);
#7657=EDGE_LOOP('',(#7648,#7654,#7655,#7656));
#7658=FACE_BOUND('',#7657,.T.);
#7659=ADVANCED_FACE('',(#7658),#7647,.T.);
#7660=CARTESIAN_POINT('',(-42.5,29.190510639,-140.));
#7661=DIRECTION('',(1.,-0.,0.));
#7662=DIRECTION('',(0.,1.,0.));
#7663=AXIS2_PLACEMENT_3D('',#7660,#7661,#7662);
#7664=CYLINDRICAL_SURFACE('',#7663,150.);
#7665=ORIENTED_EDGE('',*,*,#7508,.F.);
#7666=ORIENTED_EDGE('',*,*,#7653,.F.);
#7667=ORIENTED_EDGE('',*,*,#7542,.F.);
#7668=ORIENTED_EDGE('',*,*,#7619,.F.);
#7669=EDGE_LOOP('',(#7665,#7666,#7667,#7668));
#7670=FACE_BOUND('',#7669,.T.);
#7671=ADVANCED_FACE('',(#7670),#7664,.F.);
#7672=CARTESIAN_POINT('',(-52.5,-2.5,0.));
#7673=DIRECTION('',(1.,-0.,0.));
#7674=DIRECTION('',(0.,1.,0.));
#7675=AXIS2_PLACEMENT_3D('',#7672,#7673,#7674);
#7676=PLANE('',#7675);
#7677=CARTESIAN_POINT('',(-52.5,-43.875109611,10.));
#7678=VERTEX_POINT('',#7677);
#7679=CARTESIAN_POINT('',(-52.5,29.190510639,10.));
#7680=VERTEX_POINT('',#7679);
#7681=CARTESIAN_POINT('',(-52.5,-43.875109611,10.));
#7682=DIRECTION('',(0.,1.,0.));
#7683=VECTOR('',#7682,73.06562025);
#7684=LINE('',#7681,#7683);
#7685=EDGE_CURVE('',#7678,#7680,#7684,.T.);
#7686=ORIENTED_EDGE('',*,*,#7685,.F.);
#7687=CARTESIAN_POINT('',(-52.5,-43.875109611,-140.));
#7688=DIRECTION('',(1.,-0.,0.));
#7689=DIRECTION('',(-0.,-0.,1.));
#7690=AXIS2_PLACEMENT_3D('',#7687,#7688,#7689);
#7691=CIRCLE('',#7690,150.);
#7692=EDGE_CURVE('',#7678,#960,#7691,.T.);
#7693=ORIENTED_EDGE('',*,*,#7692,.T.);
#7694=ORIENTED_EDGE('',*,*,#966,.F.);
#7695=CARTESIAN_POINT('',(-52.5,78.493370689,80.994045131));
#7696=VERTEX_POINT('',#7695);
#7697=CARTESIAN_POINT('',(-52.5,-108.650301032,3.476598192));
#7698=DIRECTION('',(0.,0.923879533,0.382683432));
#7699=VECTOR('',#7698,202.562850605);
#7700=LINE('',#7697,#7699);
#7701=EDGE_CURVE('',#906,#7696,#7700,.T.);
#7702=ORIENTED_EDGE('',*,*,#7701,.T.);
#7703=CARTESIAN_POINT('',(-52.5,78.493370689,80.994045131));
#7704=DIRECTION('',(-0.,-0.382683432,0.923879533));
#7705=VECTOR('',#7704,7.5);
#7706=LINE('',#7703,#7705);
#7707=EDGE_CURVE('',#7696,#3856,#7706,.T.);
#7708=ORIENTED_EDGE('',*,*,#7707,.T.);
#7709=ORIENTED_EDGE('',*,*,#3861,.F.);
#7710=CARTESIAN_POINT('',(-52.5,112.500029587,65.782861893));
#7711=VERTEX_POINT('',#7710);
#7712=CARTESIAN_POINT('',(-52.5,87.500029587,65.782861893));
#7713=DIRECTION('',(1.,-0.,0.));
#7714=DIRECTION('',(0.,0.,-1.));
#7715=AXIS2_PLACEMENT_3D('',#7712,#7713,#7714);
#7716=CIRCLE('',#7715,25.);
#7717=EDGE_CURVE('',#7711,#3848,#7716,.T.);
#7718=ORIENTED_EDGE('',*,*,#7717,.F.);
#7719=CARTESIAN_POINT('',(-52.5,112.500029587,25.));
#7720=VERTEX_POINT('',#7719);
#7721=CARTESIAN_POINT('',(-52.5,112.500029587,65.782861893));
#7722=DIRECTION('',(0.,0.,-1.));
#7723=VECTOR('',#7722,40.782861893);
#7724=LINE('',#7721,#7723);
#7725=EDGE_CURVE('',#7711,#7720,#7724,.T.);
#7726=ORIENTED_EDGE('',*,*,#7725,.T.);
#7727=CARTESIAN_POINT('',(-52.5,79.170098309,1.428571429));
#7728=VERTEX_POINT('',#7727);
#7729=CARTESIAN_POINT('',(-52.5,87.500029587,25.));
#7730=DIRECTION('',(-1.,0.,-0.));
#7731=DIRECTION('',(0.,1.,0.));
#7732=AXIS2_PLACEMENT_3D('',#7729,#7730,#7731);
#7733=CIRCLE('',#7732,25.);
#7734=EDGE_CURVE('',#7720,#7728,#7733,.T.);
#7735=ORIENTED_EDGE('',*,*,#7734,.T.);
#7736=CARTESIAN_POINT('',(-52.5,29.190510639,-140.));
#7737=DIRECTION('',(1.,-0.,0.));
#7738=DIRECTION('',(0.,1.,0.));
#7739=AXIS2_PLACEMENT_3D('',#7736,#7737,#7738);
#7740=CIRCLE('',#7739,150.);
#7741=EDGE_CURVE('',#7728,#7680,#7740,.T.);
#7742=ORIENTED_EDGE('',*,*,#7741,.T.);
#7743=EDGE_LOOP('',(#7686,#7693,#7694,#7702,#7708,#7709,#7718,#7726,#7735,#7742));
#7744=FACE_BOUND('',#7743,.T.);
#7745=ADVANCED_FACE('',(#7744),#7676,.F.);
#7746=CARTESIAN_POINT('',(-47.5,-2.5,0.));
#7747=DIRECTION('',(1.,-0.,0.));
#7748=DIRECTION('',(0.,1.,0.));
#7749=AXIS2_PLACEMENT_3D('',#7746,#7747,#7748);
#7750=PLANE('',#7749);
#7751=CARTESIAN_POINT('',(-47.5,-43.875109611,10.));
#7752=VERTEX_POINT('',#7751);
#7753=CARTESIAN_POINT('',(-47.5,-43.875109611,-140.));
#7754=DIRECTION('',(1.,-0.,0.));
#7755=DIRECTION('',(0.,1.,0.));
#7756=AXIS2_PLACEMENT_3D('',#7753,#7754,#7755);
#7757=CIRCLE('',#7756,150.);
#7758=EDGE_CURVE('',#7752,#969,#7757,.T.);
#7759=ORIENTED_EDGE('',*,*,#7758,.F.);
#7760=CARTESIAN_POINT('',(-47.5,29.190510639,10.));
#7761=VERTEX_POINT('',#7760);
#7762=CARTESIAN_POINT('',(-47.5,-43.875109611,10.));
#7763=DIRECTION('',(0.,1.,0.));
#7764=VECTOR('',#7763,73.06562025);
#7765=LINE('',#7762,#7764);
#7766=EDGE_CURVE('',#7752,#7761,#7765,.T.);
#7767=ORIENTED_EDGE('',*,*,#7766,.T.);
#7768=CARTESIAN_POINT('',(-47.5,79.170098309,1.428571429));
#7769=VERTEX_POINT('',#7768);
#7770=CARTESIAN_POINT('',(-47.5,29.190510639,-140.));
#7771=DIRECTION('',(-1.,0.,-0.));
#7772=DIRECTION('',(0.,1.,0.));
#7773=AXIS2_PLACEMENT_3D('',#7770,#7771,#7772);
#7774=CIRCLE('',#7773,150.);
#7775=EDGE_CURVE('',#7761,#7769,#7774,.T.);
#7776=ORIENTED_EDGE('',*,*,#7775,.T.);
#7777=CARTESIAN_POINT('',(-47.5,112.500029587,25.));
#7778=VERTEX_POINT('',#7777);
#7779=CARTESIAN_POINT('',(-47.5,87.500029587,25.));
#7780=DIRECTION('',(1.,-0.,0.));
#7781=DIRECTION('',(0.,1.,0.));
#7782=AXIS2_PLACEMENT_3D('',#7779,#7780,#7781);
#7783=CIRCLE('',#7782,25.);
#7784=EDGE_CURVE('',#7769,#7778,#7783,.T.);
#7785=ORIENTED_EDGE('',*,*,#7784,.T.);
#7786=CARTESIAN_POINT('',(-47.5,112.500029587,65.782861893));
#7787=VERTEX_POINT('',#7786);
#7788=CARTESIAN_POINT('',(-47.5,112.500029587,65.782861893));
#7789=DIRECTION('',(0.,0.,-1.));
#7790=VECTOR('',#7789,40.782861893);
#7791=LINE('',#7788,#7790);
#7792=EDGE_CURVE('',#7787,#7778,#7791,.T.);
#7793=ORIENTED_EDGE('',*,*,#7792,.F.);
#7794=CARTESIAN_POINT('',(-47.5,87.500029587,65.782861893));
#7795=DIRECTION('',(1.,-0.,0.));
#7796=DIRECTION('',(0.,0.,-1.));
#7797=AXIS2_PLACEMENT_3D('',#7794,#7795,#7796);
#7798=CIRCLE('',#7797,25.);
#7799=EDGE_CURVE('',#7787,#3840,#7798,.T.);
#7800=ORIENTED_EDGE('',*,*,#7799,.T.);
#7801=ORIENTED_EDGE('',*,*,#3845,.T.);
#7802=CARTESIAN_POINT('',(-47.5,78.493370689,80.994045131));
#7803=VERTEX_POINT('',#7802);
#7804=CARTESIAN_POINT('',(-47.5,75.623244947,87.923141625));
#7805=DIRECTION('',(0.,0.382683432,-0.923879533));
#7806=VECTOR('',#7805,7.5);
#7807=LINE('',#7804,#7806);
#7808=EDGE_CURVE('',#3831,#7803,#7807,.T.);
#7809=ORIENTED_EDGE('',*,*,#7808,.T.);
#7810=CARTESIAN_POINT('',(-47.5,78.493370689,80.994045131));
#7811=DIRECTION('',(-0.,-0.923879533,-0.382683432));
#7812=VECTOR('',#7811,202.562850605);
#7813=LINE('',#7810,#7812);
#7814=EDGE_CURVE('',#7803,#977,#7813,.T.);
#7815=ORIENTED_EDGE('',*,*,#7814,.T.);
#7816=ORIENTED_EDGE('',*,*,#983,.T.);
#7817=EDGE_LOOP('',(#7759,#7767,#7776,#7785,#7793,#7800,#7801,#7809,#7815,#7816));
#7818=FACE_BOUND('',#7817,.T.);
#7819=ADVANCED_FACE('',(#7818),#7750,.T.);
#7820=CARTESIAN_POINT('',(-52.5,112.500029587,2.5));
#7821=DIRECTION('',(-0.,-1.,-0.));
#7822=DIRECTION('',(0.,0.,-1.));
#7823=AXIS2_PLACEMENT_3D('',#7820,#7821,#7822);
#7824=PLANE('',#7823);
#7825=ORIENTED_EDGE('',*,*,#7792,.T.);
#7826=CARTESIAN_POINT('',(-47.5,112.500029587,25.));
#7827=DIRECTION('',(-1.,0.,-0.));
#7828=VECTOR('',#7827,5.);
#7829=LINE('',#7826,#7828);
#7830=EDGE_CURVE('',#7778,#7720,#7829,.T.);
#7831=ORIENTED_EDGE('',*,*,#7830,.T.);
#7832=ORIENTED_EDGE('',*,*,#7725,.F.);
#7833=CARTESIAN_POINT('',(-47.5,112.500029587,65.782861893));
#7834=DIRECTION('',(-1.,0.,0.));
#7835=VECTOR('',#7834,5.);
#7836=LINE('',#7833,#7835);
#7837=EDGE_CURVE('',#7787,#7711,#7836,.T.);
#7838=ORIENTED_EDGE('',*,*,#7837,.F.);
#7839=EDGE_LOOP('',(#7825,#7831,#7832,#7838));
#7840=FACE_BOUND('',#7839,.T.);
#7841=ADVANCED_FACE('',(#7840),#7824,.F.);
#7842=CARTESIAN_POINT('',(-47.5,29.375029587,10.));
#7843=DIRECTION('',(-0.,-0.,1.));
#7844=DIRECTION('',(0.,-1.,-0.));
#7845=AXIS2_PLACEMENT_3D('',#7842,#7843,#7844);
#7846=PLANE('',#7845);
#7847=ORIENTED_EDGE('',*,*,#7685,.T.);
#7848=CARTESIAN_POINT('',(-52.5,29.190510639,10.));
#7849=DIRECTION('',(1.,-0.,0.));
#7850=VECTOR('',#7849,5.);
#7851=LINE('',#7848,#7850);
#7852=EDGE_CURVE('',#7680,#7761,#7851,.T.);
#7853=ORIENTED_EDGE('',*,*,#7852,.T.);
#7854=ORIENTED_EDGE('',*,*,#7766,.F.);
#7855=CARTESIAN_POINT('',(-47.5,-43.875109611,10.));
#7856=DIRECTION('',(-1.,0.,0.));
#7857=VECTOR('',#7856,5.);
#7858=LINE('',#7855,#7857);
#7859=EDGE_CURVE('',#7752,#7678,#7858,.T.);
#7860=ORIENTED_EDGE('',*,*,#7859,.T.);
#7861=EDGE_LOOP('',(#7847,#7853,#7854,#7860));
#7862=FACE_BOUND('',#7861,.T.);
#7863=ADVANCED_FACE('',(#7862),#7846,.F.);
#7864=CARTESIAN_POINT('',(-47.5,87.500029587,65.782861893));
#7865=DIRECTION('',(-1.,0.,0.));
#7866=DIRECTION('',(-0.,-1.,0.));
#7867=AXIS2_PLACEMENT_3D('',#7864,#7865,#7866);
#7868=CYLINDRICAL_SURFACE('',#7867,25.);
#7869=ORIENTED_EDGE('',*,*,#7717,.T.);
#7870=ORIENTED_EDGE('',*,*,#3853,.F.);
#7871=ORIENTED_EDGE('',*,*,#7799,.F.);
#7872=ORIENTED_EDGE('',*,*,#7837,.T.);
#7873=EDGE_LOOP('',(#7869,#7870,#7871,#7872));
#7874=FACE_BOUND('',#7873,.T.);
#7875=ADVANCED_FACE('',(#7874),#7868,.T.);
#7876=CARTESIAN_POINT('',(-52.5,87.500029587,25.));
#7877=DIRECTION('',(1.,-0.,0.));
#7878=DIRECTION('',(0.,1.,0.));
#7879=AXIS2_PLACEMENT_3D('',#7876,#7877,#7878);
#7880=CYLINDRICAL_SURFACE('',#7879,25.);
#7881=ORIENTED_EDGE('',*,*,#7784,.F.);
#7882=CARTESIAN_POINT('',(-47.5,79.170098309,1.428571429));
#7883=DIRECTION('',(-1.,0.,-0.));
#7884=VECTOR('',#7883,5.);
#7885=LINE('',#7882,#7884);
#7886=EDGE_CURVE('',#7769,#7728,#7885,.T.);
#7887=ORIENTED_EDGE('',*,*,#7886,.T.);
#7888=ORIENTED_EDGE('',*,*,#7734,.F.);
#7889=ORIENTED_EDGE('',*,*,#7830,.F.);
#7890=EDGE_LOOP('',(#7881,#7887,#7888,#7889));
#7891=FACE_BOUND('',#7890,.T.);
#7892=ADVANCED_FACE('',(#7891),#7880,.T.);
#7893=CARTESIAN_POINT('',(-52.5,29.190510639,-140.));
#7894=DIRECTION('',(1.,-0.,0.));
#7895=DIRECTION('',(0.,1.,0.));
#7896=AXIS2_PLACEMENT_3D('',#7893,#7894,#7895);
#7897=CYLINDRICAL_SURFACE('',#7896,150.);
#7898=ORIENTED_EDGE('',*,*,#7741,.F.);
#7899=ORIENTED_EDGE('',*,*,#7886,.F.);
#7900=ORIENTED_EDGE('',*,*,#7775,.F.);
#7901=ORIENTED_EDGE('',*,*,#7852,.F.);
#7902=EDGE_LOOP('',(#7898,#7899,#7900,#7901));
#7903=FACE_BOUND('',#7902,.T.);
#7904=ADVANCED_FACE('',(#7903),#7897,.F.);
#7905=CARTESIAN_POINT('',(-62.5,-2.5,0.));
#7906=DIRECTION('',(1.,-0.,0.));
#7907=DIRECTION('',(0.,1.,0.));
#7908=AXIS2_PLACEMENT_3D('',#7905,#7906,#7907);
#7909=PLANE('',#7908);
#7910=CARTESIAN_POINT('',(-62.5,-43.875109611,10.));
#7911=VERTEX_POINT('',#7910);
#7912=CARTESIAN_POINT('',(-62.5,29.190510639,10.));
#7913=VERTEX_POINT('',#7912);
#7914=CARTESIAN_POINT('',(-62.5,-43.875109611,10.));
#7915=DIRECTION('',(0.,1.,0.));
#7916=VECTOR('',#7915,73.06562025);
#7917=LINE('',#7914,#7916);
#7918=EDGE_CURVE('',#7911,#7913,#7917,.T.);
#7919=ORIENTED_EDGE('',*,*,#7918,.F.);
#7920=CARTESIAN_POINT('',(-62.5,-43.875109611,-140.));
#7921=DIRECTION('',(1.,-0.,0.));
#7922=DIRECTION('',(-0.,-0.,1.));
#7923=AXIS2_PLACEMENT_3D('',#7920,#7921,#7922);
#7924=CIRCLE('',#7923,150.);
#7925=EDGE_CURVE('',#7911,#826,#7924,.T.);
#7926=ORIENTED_EDGE('',*,*,#7925,.T.);
#7927=ORIENTED_EDGE('',*,*,#832,.F.);
#7928=CARTESIAN_POINT('',(-62.5,78.493370689,80.994045131));
#7929=VERTEX_POINT('',#7928);
#7930=CARTESIAN_POINT('',(-62.5,-108.650301032,3.476598192));
#7931=DIRECTION('',(0.,0.923879533,0.382683432));
#7932=VECTOR('',#7931,202.562850605);
#7933=LINE('',#7930,#7932);
#7934=EDGE_CURVE('',#772,#7929,#7933,.T.);
#7935=ORIENTED_EDGE('',*,*,#7934,.T.);
#7936=CARTESIAN_POINT('',(-62.5,78.493370689,80.994045131));
#7937=DIRECTION('',(-0.,-0.382683432,0.923879533));
#7938=VECTOR('',#7937,7.5);
#7939=LINE('',#7936,#7938);
#7940=EDGE_CURVE('',#7929,#3898,#7939,.T.);
#7941=ORIENTED_EDGE('',*,*,#7940,.T.);
#7942=ORIENTED_EDGE('',*,*,#3903,.F.);
#7943=CARTESIAN_POINT('',(-62.5,112.500029587,65.782861893));
#7944=VERTEX_POINT('',#7943);
#7945=CARTESIAN_POINT('',(-62.5,87.500029587,65.782861893));
#7946=DIRECTION('',(1.,-0.,0.));
#7947=DIRECTION('',(0.,0.,-1.));
#7948=AXIS2_PLACEMENT_3D('',#7945,#7946,#7947);
#7949=CIRCLE('',#7948,25.);
#7950=EDGE_CURVE('',#7944,#3890,#7949,.T.);
#7951=ORIENTED_EDGE('',*,*,#7950,.F.);
#7952=CARTESIAN_POINT('',(-62.5,112.500029587,25.));
#7953=VERTEX_POINT('',#7952);
#7954=CARTESIAN_POINT('',(-62.5,112.500029587,65.782861893));
#7955=DIRECTION('',(0.,0.,-1.));
#7956=VECTOR('',#7955,40.782861893);
#7957=LINE('',#7954,#7956);
#7958=EDGE_CURVE('',#7944,#7953,#7957,.T.);
#7959=ORIENTED_EDGE('',*,*,#7958,.T.);
#7960=CARTESIAN_POINT('',(-62.5,79.170098309,1.428571429));
#7961=VERTEX_POINT('',#7960);
#7962=CARTESIAN_POINT('',(-62.5,87.500029587,25.));
#7963=DIRECTION('',(-1.,0.,-0.));
#7964=DIRECTION('',(0.,1.,0.));
#7965=AXIS2_PLACEMENT_3D('',#7962,#7963,#7964);
#7966=CIRCLE('',#7965,25.);
#7967=EDGE_CURVE('',#7953,#7961,#7966,.T.);
#7968=ORIENTED_EDGE('',*,*,#7967,.T.);
#7969=CARTESIAN_POINT('',(-62.5,29.190510639,-140.));
#7970=DIRECTION('',(1.,-0.,0.));
#7971=DIRECTION('',(0.,1.,0.));
#7972=AXIS2_PLACEMENT_3D('',#7969,#7970,#7971);
#7973=CIRCLE('',#7972,150.);
#7974=EDGE_CURVE('',#7961,#7913,#7973,.T.);
#7975=ORIENTED_EDGE('',*,*,#7974,.T.);
#7976=EDGE_LOOP('',(#7919,#7926,#7927,#7935,#7941,#7942,#7951,#7959,#7968,#7975));
#7977=FACE_BOUND('',#7976,.T.);
#7978=ADVANCED_FACE('',(#7977),#7909,.F.);
#7979=CARTESIAN_POINT('',(-57.5,-2.5,0.));
#7980=DIRECTION('',(1.,-0.,0.));
#7981=DIRECTION('',(0.,1.,0.));
#7982=AXIS2_PLACEMENT_3D('',#7979,#7980,#7981);
#7983=PLANE('',#7982);
#7984=CARTESIAN_POINT('',(-57.5,-43.875109611,10.));
#7985=VERTEX_POINT('',#7984);
#7986=CARTESIAN_POINT('',(-57.5,-43.875109611,-140.));
#7987=DIRECTION('',(1.,-0.,0.));
#7988=DIRECTION('',(0.,1.,0.));
#7989=AXIS2_PLACEMENT_3D('',#7986,#7987,#7988);
#7990=CIRCLE('',#7989,150.);
#7991=EDGE_CURVE('',#7985,#835,#7990,.T.);
#7992=ORIENTED_EDGE('',*,*,#7991,.F.);
#7993=CARTESIAN_POINT('',(-57.5,29.190510639,10.));
#7994=VERTEX_POINT('',#7993);
#7995=CARTESIAN_POINT('',(-57.5,-43.875109611,10.));
#7996=DIRECTION('',(0.,1.,0.));
#7997=VECTOR('',#7996,73.06562025);
#7998=LINE('',#7995,#7997);
#7999=EDGE_CURVE('',#7985,#7994,#7998,.T.);
#8000=ORIENTED_EDGE('',*,*,#7999,.T.);
#8001=CARTESIAN_POINT('',(-57.5,79.170098309,1.428571429));
#8002=VERTEX_POINT('',#8001);
#8003=CARTESIAN_POINT('',(-57.5,29.190510639,-140.));
#8004=DIRECTION('',(-1.,0.,-0.));
#8005=DIRECTION('',(0.,1.,0.));
#8006=AXIS2_PLACEMENT_3D('',#8003,#8004,#8005);
#8007=CIRCLE('',#8006,150.);
#8008=EDGE_CURVE('',#7994,#8002,#8007,.T.);
#8009=ORIENTED_EDGE('',*,*,#8008,.T.);
#8010=CARTESIAN_POINT('',(-57.5,112.500029587,25.));
#8011=VERTEX_POINT('',#8010);
#8012=CARTESIAN_POINT('',(-57.5,87.500029587,25.));
#8013=DIRECTION('',(1.,-0.,0.));
#8014=DIRECTION('',(0.,1.,0.));
#8015=AXIS2_PLACEMENT_3D('',#8012,#8013,#8014);
#8016=CIRCLE('',#8015,25.);
#8017=EDGE_CURVE('',#8002,#8011,#8016,.T.);
#8018=ORIENTED_EDGE('',*,*,#8017,.T.);
#8019=CARTESIAN_POINT('',(-57.5,112.500029587,65.782861893));
#8020=VERTEX_POINT('',#8019);
#8021=CARTESIAN_POINT('',(-57.5,112.500029587,65.782861893));
#8022=DIRECTION('',(0.,0.,-1.));
#8023=VECTOR('',#8022,40.782861893);
#8024=LINE('',#8021,#8023);
#8025=EDGE_CURVE('',#8020,#8011,#8024,.T.);
#8026=ORIENTED_EDGE('',*,*,#8025,.F.);
#8027=CARTESIAN_POINT('',(-57.5,87.500029587,65.782861893));
#8028=DIRECTION('',(1.,-0.,0.));
#8029=DIRECTION('',(0.,0.,-1.));
#8030=AXIS2_PLACEMENT_3D('',#8027,#8028,#8029);
#8031=CIRCLE('',#8030,25.);
#8032=EDGE_CURVE('',#8020,#3882,#8031,.T.);
#8033=ORIENTED_EDGE('',*,*,#8032,.T.);
#8034=ORIENTED_EDGE('',*,*,#3887,.T.);
#8035=CARTESIAN_POINT('',(-57.5,78.493370689,80.994045131));
#8036=VERTEX_POINT('',#8035);
#8037=CARTESIAN_POINT('',(-57.5,75.623244947,87.923141625));
#8038=DIRECTION('',(0.,0.382683432,-0.923879533));
#8039=VECTOR('',#8038,7.5);
#8040=LINE('',#8037,#8039);
#8041=EDGE_CURVE('',#3873,#8036,#8040,.T.);
#8042=ORIENTED_EDGE('',*,*,#8041,.T.);
#8043=CARTESIAN_POINT('',(-57.5,78.493370689,80.994045131));
#8044=DIRECTION('',(-0.,-0.923879533,-0.382683432));
#8045=VECTOR('',#8044,202.562850605);
#8046=LINE('',#8043,#8045);
#8047=EDGE_CURVE('',#8036,#843,#8046,.T.);
#8048=ORIENTED_EDGE('',*,*,#8047,.T.);
#8049=ORIENTED_EDGE('',*,*,#849,.T.);
#8050=EDGE_LOOP('',(#7992,#8000,#8009,#8018,#8026,#8033,#8034,#8042,#8048,#8049));
#8051=FACE_BOUND('',#8050,.T.);
#8052=ADVANCED_FACE('',(#8051),#7983,.T.);
#8053=CARTESIAN_POINT('',(-62.5,112.500029587,2.5));
#8054=DIRECTION('',(-0.,-1.,-0.));
#8055=DIRECTION('',(0.,0.,-1.));
#8056=AXIS2_PLACEMENT_3D('',#8053,#8054,#8055);
#8057=PLANE('',#8056);
#8058=ORIENTED_EDGE('',*,*,#8025,.T.);
#8059=CARTESIAN_POINT('',(-57.5,112.500029587,25.));
#8060=DIRECTION('',(-1.,0.,-0.));
#8061=VECTOR('',#8060,5.);
#8062=LINE('',#8059,#8061);
#8063=EDGE_CURVE('',#8011,#7953,#8062,.T.);
#8064=ORIENTED_EDGE('',*,*,#8063,.T.);
#8065=ORIENTED_EDGE('',*,*,#7958,.F.);
#8066=CARTESIAN_POINT('',(-57.5,112.500029587,65.782861893));
#8067=DIRECTION('',(-1.,0.,0.));
#8068=VECTOR('',#8067,5.);
#8069=LINE('',#8066,#8068);
#8070=EDGE_CURVE('',#8020,#7944,#8069,.T.);
#8071=ORIENTED_EDGE('',*,*,#8070,.F.);
#8072=EDGE_LOOP('',(#8058,#8064,#8065,#8071));
#8073=FACE_BOUND('',#8072,.T.);
#8074=ADVANCED_FACE('',(#8073),#8057,.F.);
#8075=CARTESIAN_POINT('',(-57.5,29.375029587,10.));
#8076=DIRECTION('',(-0.,-0.,1.));
#8077=DIRECTION('',(0.,-1.,-0.));
#8078=AXIS2_PLACEMENT_3D('',#8075,#8076,#8077);
#8079=PLANE('',#8078);
#8080=ORIENTED_EDGE('',*,*,#7918,.T.);
#8081=CARTESIAN_POINT('',(-62.5,29.190510639,10.));
#8082=DIRECTION('',(1.,-0.,0.));
#8083=VECTOR('',#8082,5.);
#8084=LINE('',#8081,#8083);
#8085=EDGE_CURVE('',#7913,#7994,#8084,.T.);
#8086=ORIENTED_EDGE('',*,*,#8085,.T.);
#8087=ORIENTED_EDGE('',*,*,#7999,.F.);
#8088=CARTESIAN_POINT('',(-57.5,-43.875109611,10.));
#8089=DIRECTION('',(-1.,0.,0.));
#8090=VECTOR('',#8089,5.);
#8091=LINE('',#8088,#8090);
#8092=EDGE_CURVE('',#7985,#7911,#8091,.T.);
#8093=ORIENTED_EDGE('',*,*,#8092,.T.);
#8094=EDGE_LOOP('',(#8080,#8086,#8087,#8093));
#8095=FACE_BOUND('',#8094,.T.);
#8096=ADVANCED_FACE('',(#8095),#8079,.F.);
#8097=CARTESIAN_POINT('',(-57.5,87.500029587,65.782861893));
#8098=DIRECTION('',(-1.,0.,0.));
#8099=DIRECTION('',(-0.,-1.,0.));
#8100=AXIS2_PLACEMENT_3D('',#8097,#8098,#8099);
#8101=CYLINDRICAL_SURFACE('',#8100,25.);
#8102=ORIENTED_EDGE('',*,*,#7950,.T.);
#8103=ORIENTED_EDGE('',*,*,#3895,.F.);
#8104=ORIENTED_EDGE('',*,*,#8032,.F.);
#8105=ORIENTED_EDGE('',*,*,#8070,.T.);
#8106=EDGE_LOOP('',(#8102,#8103,#8104,#8105));
#8107=FACE_BOUND('',#8106,.T.);
#8108=ADVANCED_FACE('',(#8107),#8101,.T.);
#8109=CARTESIAN_POINT('',(-62.5,87.500029587,25.));
#8110=DIRECTION('',(1.,-0.,0.));
#8111=DIRECTION('',(0.,1.,0.));
#8112=AXIS2_PLACEMENT_3D('',#8109,#8110,#8111);
#8113=CYLINDRICAL_SURFACE('',#8112,25.);
#8114=ORIENTED_EDGE('',*,*,#8017,.F.);
#8115=CARTESIAN_POINT('',(-57.5,79.170098309,1.428571429));
#8116=DIRECTION('',(-1.,0.,-0.));
#8117=VECTOR('',#8116,5.);
#8118=LINE('',#8115,#8117);
#8119=EDGE_CURVE('',#8002,#7961,#8118,.T.);
#8120=ORIENTED_EDGE('',*,*,#8119,.T.);
#8121=ORIENTED_EDGE('',*,*,#7967,.F.);
#8122=ORIENTED_EDGE('',*,*,#8063,.F.);
#8123=EDGE_LOOP('',(#8114,#8120,#8121,#8122));
#8124=FACE_BOUND('',#8123,.T.);
#8125=ADVANCED_FACE('',(#8124),#8113,.T.);
#8126=CARTESIAN_POINT('',(-62.5,29.190510639,-140.));
#8127=DIRECTION('',(1.,-0.,0.));
#8128=DIRECTION('',(0.,1.,0.));
#8129=AXIS2_PLACEMENT_3D('',#8126,#8127,#8128);
#8130=CYLINDRICAL_SURFACE('',#8129,150.);
#8131=ORIENTED_EDGE('',*,*,#7974,.F.);
#8132=ORIENTED_EDGE('',*,*,#8119,.F.);
#8133=ORIENTED_EDGE('',*,*,#8008,.F.);
#8134=ORIENTED_EDGE('',*,*,#8085,.F.);
#8135=EDGE_LOOP('',(#8131,#8132,#8133,#8134));
#8136=FACE_BOUND('',#8135,.T.);
#8137=ADVANCED_FACE('',(#8136),#8130,.F.);
#8138=CARTESIAN_POINT('',(-72.5,-2.5,0.));
#8139=DIRECTION('',(1.,-0.,0.));
#8140=DIRECTION('',(0.,1.,0.));
#8141=AXIS2_PLACEMENT_3D('',#8138,#8139,#8140);
#8142=PLANE('',#8141);
#8143=CARTESIAN_POINT('',(-72.5,-43.875109611,10.));
#8144=VERTEX_POINT('',#8143);
#8145=CARTESIAN_POINT('',(-72.5,29.190510639,10.));
#8146=VERTEX_POINT('',#8145);
#8147=CARTESIAN_POINT('',(-72.5,-43.875109611,10.));
#8148=DIRECTION('',(0.,1.,0.));
#8149=VECTOR('',#8148,73.06562025);
#8150=LINE('',#8147,#8149);
#8151=EDGE_CURVE('',#8144,#8146,#8150,.T.);
#8152=ORIENTED_EDGE('',*,*,#8151,.F.);
#8153=CARTESIAN_POINT('',(-72.5,-43.875109611,-140.));
#8154=DIRECTION('',(1.,-0.,0.));
#8155=DIRECTION('',(-0.,-0.,1.));
#8156=AXIS2_PLACEMENT_3D('',#8153,#8154,#8155);
#8157=CIRCLE('',#8156,150.);
#8158=EDGE_CURVE('',#8144,#746,#8157,.T.);
#8159=ORIENTED_EDGE('',*,*,#8158,.T.);
#8160=ORIENTED_EDGE('',*,*,#752,.F.);
#8161=CARTESIAN_POINT('',(-72.5,78.493370689,80.994045131));
#8162=VERTEX_POINT('',#8161);
#8163=CARTESIAN_POINT('',(-72.5,-108.650301032,3.476598192));
#8164=DIRECTION('',(0.,0.923879533,0.382683432));
#8165=VECTOR('',#8164,202.562850605);
#8166=LINE('',#8163,#8165);
#8167=EDGE_CURVE('',#692,#8162,#8166,.T.);
#8168=ORIENTED_EDGE('',*,*,#8167,.T.);
#8169=CARTESIAN_POINT('',(-72.5,78.493370689,80.994045131));
#8170=DIRECTION('',(-0.,-0.382683432,0.923879533));
#8171=VECTOR('',#8170,7.5);
#8172=LINE('',#8169,#8171);
#8173=EDGE_CURVE('',#8162,#3931,#8172,.T.);
#8174=ORIENTED_EDGE('',*,*,#8173,.T.);
#8175=ORIENTED_EDGE('',*,*,#3936,.F.);
#8176=CARTESIAN_POINT('',(-72.5,112.500029587,65.782861893));
#8177=VERTEX_POINT('',#8176);
#8178=CARTESIAN_POINT('',(-72.5,87.500029587,65.782861893));
#8179=DIRECTION('',(1.,-0.,0.));
#8180=DIRECTION('',(0.,0.,-1.));
#8181=AXIS2_PLACEMENT_3D('',#8178,#8179,#8180);
#8182=CIRCLE('',#8181,25.);
#8183=EDGE_CURVE('',#8177,#3923,#8182,.T.);
#8184=ORIENTED_EDGE('',*,*,#8183,.F.);
#8185=CARTESIAN_POINT('',(-72.5,112.500029587,25.));
#8186=VERTEX_POINT('',#8185);
#8187=CARTESIAN_POINT('',(-72.5,112.500029587,65.782861893));
#8188=DIRECTION('',(0.,0.,-1.));
#8189=VECTOR('',#8188,40.782861893);
#8190=LINE('',#8187,#8189);
#8191=EDGE_CURVE('',#8177,#8186,#8190,.T.);
#8192=ORIENTED_EDGE('',*,*,#8191,.T.);
#8193=CARTESIAN_POINT('',(-72.5,79.170098309,1.428571429));
#8194=VERTEX_POINT('',#8193);
#8195=CARTESIAN_POINT('',(-72.5,87.500029587,25.));
#8196=DIRECTION('',(-1.,0.,-0.));
#8197=DIRECTION('',(0.,1.,0.));
#8198=AXIS2_PLACEMENT_3D('',#8195,#8196,#8197);
#8199=CIRCLE('',#8198,25.);
#8200=EDGE_CURVE('',#8186,#8194,#8199,.T.);
#8201=ORIENTED_EDGE('',*,*,#8200,.T.);
#8202=CARTESIAN_POINT('',(-72.5,29.190510639,-140.));
#8203=DIRECTION('',(1.,-0.,0.));
#8204=DIRECTION('',(0.,1.,0.));
#8205=AXIS2_PLACEMENT_3D('',#8202,#8203,#8204);
#8206=CIRCLE('',#8205,150.);
#8207=EDGE_CURVE('',#8194,#8146,#8206,.T.);
#8208=ORIENTED_EDGE('',*,*,#8207,.T.);
#8209=EDGE_LOOP('',(#8152,#8159,#8160,#8168,#8174,#8175,#8184,#8192,#8201,#8208));
#8210=FACE_BOUND('',#8209,.T.);
#8211=ADVANCED_FACE('',(#8210),#8142,.F.);
#8212=CARTESIAN_POINT('',(-67.5,-2.5,0.));
#8213=DIRECTION('',(1.,-0.,0.));
#8214=DIRECTION('',(0.,1.,0.));
#8215=AXIS2_PLACEMENT_3D('',#8212,#8213,#8214);
#8216=PLANE('',#8215);
#8217=CARTESIAN_POINT('',(-67.5,-43.875109611,10.));
#8218=VERTEX_POINT('',#8217);
#8219=CARTESIAN_POINT('',(-67.5,-43.875109611,-140.));
#8220=DIRECTION('',(1.,-0.,0.));
#8221=DIRECTION('',(0.,1.,0.));
#8222=AXIS2_PLACEMENT_3D('',#8219,#8220,#8221);
#8223=CIRCLE('',#8222,150.);
#8224=EDGE_CURVE('',#8218,#755,#8223,.T.);
#8225=ORIENTED_EDGE('',*,*,#8224,.F.);
#8226=CARTESIAN_POINT('',(-67.5,29.190510639,10.));
#8227=VERTEX_POINT('',#8226);
#8228=CARTESIAN_POINT('',(-67.5,-43.875109611,10.));
#8229=DIRECTION('',(0.,1.,0.));
#8230=VECTOR('',#8229,73.06562025);
#8231=LINE('',#8228,#8230);
#8232=EDGE_CURVE('',#8218,#8227,#8231,.T.);
#8233=ORIENTED_EDGE('',*,*,#8232,.T.);
#8234=CARTESIAN_POINT('',(-67.5,79.170098309,1.428571429));
#8235=VERTEX_POINT('',#8234);
#8236=CARTESIAN_POINT('',(-67.5,29.190510639,-140.));
#8237=DIRECTION('',(-1.,0.,-0.));
#8238=DIRECTION('',(0.,1.,0.));
#8239=AXIS2_PLACEMENT_3D('',#8236,#8237,#8238);
#8240=CIRCLE('',#8239,150.);
#8241=EDGE_CURVE('',#8227,#8235,#8240,.T.);
#8242=ORIENTED_EDGE('',*,*,#8241,.T.);
#8243=CARTESIAN_POINT('',(-67.5,112.500029587,25.));
#8244=VERTEX_POINT('',#8243);
#8245=CARTESIAN_POINT('',(-67.5,87.500029587,25.));
#8246=DIRECTION('',(1.,-0.,0.));
#8247=DIRECTION('',(0.,1.,0.));
#8248=AXIS2_PLACEMENT_3D('',#8245,#8246,#8247);
#8249=CIRCLE('',#8248,25.);
#8250=EDGE_CURVE('',#8235,#8244,#8249,.T.);
#8251=ORIENTED_EDGE('',*,*,#8250,.T.);
#8252=CARTESIAN_POINT('',(-67.5,112.500029587,65.782861893));
#8253=VERTEX_POINT('',#8252);
#8254=CARTESIAN_POINT('',(-67.5,112.500029587,65.782861893));
#8255=DIRECTION('',(0.,0.,-1.));
#8256=VECTOR('',#8255,40.782861893);
#8257=LINE('',#8254,#8256);
#8258=EDGE_CURVE('',#8253,#8244,#8257,.T.);
#8259=ORIENTED_EDGE('',*,*,#8258,.F.);
#8260=CARTESIAN_POINT('',(-67.5,87.500029587,65.782861893));
#8261=DIRECTION('',(1.,-0.,0.));
#8262=DIRECTION('',(0.,0.,-1.));
#8263=AXIS2_PLACEMENT_3D('',#8260,#8261,#8262);
#8264=CIRCLE('',#8263,25.);
#8265=EDGE_CURVE('',#8253,#3915,#8264,.T.);
#8266=ORIENTED_EDGE('',*,*,#8265,.T.);
#8267=ORIENTED_EDGE('',*,*,#3920,.T.);
#8268=CARTESIAN_POINT('',(-67.5,78.493370689,80.994045131));
#8269=VERTEX_POINT('',#8268);
#8270=CARTESIAN_POINT('',(-67.5,75.623244947,87.923141625));
#8271=DIRECTION('',(0.,0.382683432,-0.923879533));
#8272=VECTOR('',#8271,7.5);
#8273=LINE('',#8270,#8272);
#8274=EDGE_CURVE('',#3906,#8269,#8273,.T.);
#8275=ORIENTED_EDGE('',*,*,#8274,.T.);
#8276=CARTESIAN_POINT('',(-67.5,78.493370689,80.994045131));
#8277=DIRECTION('',(-0.,-0.923879533,-0.382683432));
#8278=VECTOR('',#8277,202.562850605);
#8279=LINE('',#8276,#8278);
#8280=EDGE_CURVE('',#8269,#763,#8279,.T.);
#8281=ORIENTED_EDGE('',*,*,#8280,.T.);
#8282=ORIENTED_EDGE('',*,*,#769,.T.);
#8283=EDGE_LOOP('',(#8225,#8233,#8242,#8251,#8259,#8266,#8267,#8275,#8281,#8282));
#8284=FACE_BOUND('',#8283,.T.);
#8285=ADVANCED_FACE('',(#8284),#8216,.T.);
#8286=CARTESIAN_POINT('',(-72.5,112.500029587,2.5));
#8287=DIRECTION('',(-0.,-1.,-0.));
#8288=DIRECTION('',(0.,0.,-1.));
#8289=AXIS2_PLACEMENT_3D('',#8286,#8287,#8288);
#8290=PLANE('',#8289);
#8291=ORIENTED_EDGE('',*,*,#8258,.T.);
#8292=CARTESIAN_POINT('',(-67.5,112.500029587,25.));
#8293=DIRECTION('',(-1.,0.,-0.));
#8294=VECTOR('',#8293,5.);
#8295=LINE('',#8292,#8294);
#8296=EDGE_CURVE('',#8244,#8186,#8295,.T.);
#8297=ORIENTED_EDGE('',*,*,#8296,.T.);
#8298=ORIENTED_EDGE('',*,*,#8191,.F.);
#8299=CARTESIAN_POINT('',(-67.5,112.500029587,65.782861893));
#8300=DIRECTION('',(-1.,0.,0.));
#8301=VECTOR('',#8300,5.);
#8302=LINE('',#8299,#8301);
#8303=EDGE_CURVE('',#8253,#8177,#8302,.T.);
#8304=ORIENTED_EDGE('',*,*,#8303,.F.);
#8305=EDGE_LOOP('',(#8291,#8297,#8298,#8304));
#8306=FACE_BOUND('',#8305,.T.);
#8307=ADVANCED_FACE('',(#8306),#8290,.F.);
#8308=CARTESIAN_POINT('',(-67.5,29.375029587,10.));
#8309=DIRECTION('',(-0.,-0.,1.));
#8310=DIRECTION('',(0.,-1.,-0.));
#8311=AXIS2_PLACEMENT_3D('',#8308,#8309,#8310);
#8312=PLANE('',#8311);
#8313=ORIENTED_EDGE('',*,*,#8151,.T.);
#8314=CARTESIAN_POINT('',(-72.5,29.190510639,10.));
#8315=DIRECTION('',(1.,-0.,0.));
#8316=VECTOR('',#8315,5.);
#8317=LINE('',#8314,#8316);
#8318=EDGE_CURVE('',#8146,#8227,#8317,.T.);
#8319=ORIENTED_EDGE('',*,*,#8318,.T.);
#8320=ORIENTED_EDGE('',*,*,#8232,.F.);
#8321=CARTESIAN_POINT('',(-67.5,-43.875109611,10.));
#8322=DIRECTION('',(-1.,0.,0.));
#8323=VECTOR('',#8322,5.);
#8324=LINE('',#8321,#8323);
#8325=EDGE_CURVE('',#8218,#8144,#8324,.T.);
#8326=ORIENTED_EDGE('',*,*,#8325,.T.);
#8327=EDGE_LOOP('',(#8313,#8319,#8320,#8326));
#8328=FACE_BOUND('',#8327,.T.);
#8329=ADVANCED_FACE('',(#8328),#8312,.F.);
#8330=CARTESIAN_POINT('',(-67.5,87.500029587,65.782861893));
#8331=DIRECTION('',(-1.,0.,0.));
#8332=DIRECTION('',(-0.,-1.,0.));
#8333=AXIS2_PLACEMENT_3D('',#8330,#8331,#8332);
#8334=CYLINDRICAL_SURFACE('',#8333,25.);
#8335=ORIENTED_EDGE('',*,*,#8183,.T.);
#8336=ORIENTED_EDGE('',*,*,#3928,.F.);
#8337=ORIENTED_EDGE('',*,*,#8265,.F.);
#8338=ORIENTED_EDGE('',*,*,#8303,.T.);
#8339=EDGE_LOOP('',(#8335,#8336,#8337,#8338));
#8340=FACE_BOUND('',#8339,.T.);
#8341=ADVANCED_FACE('',(#8340),#8334,.T.);
#8342=CARTESIAN_POINT('',(-72.5,87.500029587,25.));
#8343=DIRECTION('',(1.,-0.,0.));
#8344=DIRECTION('',(0.,1.,0.));
#8345=AXIS2_PLACEMENT_3D('',#8342,#8343,#8344);
#8346=CYLINDRICAL_SURFACE('',#8345,25.);
#8347=ORIENTED_EDGE('',*,*,#8250,.F.);
#8348=CARTESIAN_POINT('',(-67.5,79.170098309,1.428571429));
#8349=DIRECTION('',(-1.,0.,-0.));
#8350=VECTOR('',#8349,5.);
#8351=LINE('',#8348,#8350);
#8352=EDGE_CURVE('',#8235,#8194,#8351,.T.);
#8353=ORIENTED_EDGE('',*,*,#8352,.T.);
#8354=ORIENTED_EDGE('',*,*,#8200,.F.);
#8355=ORIENTED_EDGE('',*,*,#8296,.F.);
#8356=EDGE_LOOP('',(#8347,#8353,#8354,#8355));
#8357=FACE_BOUND('',#8356,.T.);
#8358=ADVANCED_FACE('',(#8357),#8346,.T.);
#8359=CARTESIAN_POINT('',(-72.5,29.190510639,-140.));
#8360=DIRECTION('',(1.,-0.,0.));
#8361=DIRECTION('',(0.,1.,0.));
#8362=AXIS2_PLACEMENT_3D('',#8359,#8360,#8361);
#8363=CYLINDRICAL_SURFACE('',#8362,150.);
#8364=ORIENTED_EDGE('',*,*,#8207,.F.);
#8365=ORIENTED_EDGE('',*,*,#8352,.F.);
#8366=ORIENTED_EDGE('',*,*,#8241,.F.);
#8367=ORIENTED_EDGE('',*,*,#8318,.F.);
#8368=EDGE_LOOP('',(#8364,#8365,#8366,#8367));
#8369=FACE_BOUND('',#8368,.T.);
#8370=ADVANCED_FACE('',(#8369),#8363,.F.);
#8371=CARTESIAN_POINT('',(-82.5,-2.5,0.));
#8372=DIRECTION('',(1.,-0.,0.));
#8373=DIRECTION('',(0.,1.,0.));
#8374=AXIS2_PLACEMENT_3D('',#8371,#8372,#8373);
#8375=PLANE('',#8374);
#8376=CARTESIAN_POINT('',(-82.5,-43.875109611,10.));
#8377=VERTEX_POINT('',#8376);
#8378=CARTESIAN_POINT('',(-82.5,29.190510639,10.));
#8379=VERTEX_POINT('',#8378);
#8380=CARTESIAN_POINT('',(-82.5,-43.875109611,10.));
#8381=DIRECTION('',(0.,1.,0.));
#8382=VECTOR('',#8381,73.06562025);
#8383=LINE('',#8380,#8382);
#8384=EDGE_CURVE('',#8377,#8379,#8383,.T.);
#8385=ORIENTED_EDGE('',*,*,#8384,.F.);
#8386=CARTESIAN_POINT('',(-82.5,-43.875109611,-140.));
#8387=DIRECTION('',(1.,-0.,0.));
#8388=DIRECTION('',(-0.,-0.,1.));
#8389=AXIS2_PLACEMENT_3D('',#8386,#8387,#8388);
#8390=CIRCLE('',#8389,150.);
#8391=EDGE_CURVE('',#8377,#612,#8390,.T.);
#8392=ORIENTED_EDGE('',*,*,#8391,.T.);
#8393=ORIENTED_EDGE('',*,*,#618,.F.);
#8394=CARTESIAN_POINT('',(-82.5,78.493370689,80.994045131));
#8395=VERTEX_POINT('',#8394);
#8396=CARTESIAN_POINT('',(-82.5,-108.650301032,3.476598192));
#8397=DIRECTION('',(0.,0.923879533,0.382683432));
#8398=VECTOR('',#8397,202.562850605);
#8399=LINE('',#8396,#8398);
#8400=EDGE_CURVE('',#558,#8395,#8399,.T.);
#8401=ORIENTED_EDGE('',*,*,#8400,.T.);
#8402=CARTESIAN_POINT('',(-82.5,78.493370689,80.994045131));
#8403=DIRECTION('',(-0.,-0.382683432,0.923879533));
#8404=VECTOR('',#8403,7.5);
#8405=LINE('',#8402,#8404);
#8406=EDGE_CURVE('',#8395,#3964,#8405,.T.);
#8407=ORIENTED_EDGE('',*,*,#8406,.T.);
#8408=ORIENTED_EDGE('',*,*,#3969,.F.);
#8409=CARTESIAN_POINT('',(-82.5,112.500029587,65.782861893));
#8410=VERTEX_POINT('',#8409);
#8411=CARTESIAN_POINT('',(-82.5,87.500029587,65.782861893));
#8412=DIRECTION('',(1.,-0.,0.));
#8413=DIRECTION('',(0.,0.,-1.));
#8414=AXIS2_PLACEMENT_3D('',#8411,#8412,#8413);
#8415=CIRCLE('',#8414,25.);
#8416=EDGE_CURVE('',#8410,#3956,#8415,.T.);
#8417=ORIENTED_EDGE('',*,*,#8416,.F.);
#8418=CARTESIAN_POINT('',(-82.5,112.500029587,25.));
#8419=VERTEX_POINT('',#8418);
#8420=CARTESIAN_POINT('',(-82.5,112.500029587,65.782861893));
#8421=DIRECTION('',(0.,0.,-1.));
#8422=VECTOR('',#8421,40.782861893);
#8423=LINE('',#8420,#8422);
#8424=EDGE_CURVE('',#8410,#8419,#8423,.T.);
#8425=ORIENTED_EDGE('',*,*,#8424,.T.);
#8426=CARTESIAN_POINT('',(-82.5,79.170098309,1.428571429));
#8427=VERTEX_POINT('',#8426);
#8428=CARTESIAN_POINT('',(-82.5,87.500029587,25.));
#8429=DIRECTION('',(-1.,0.,-0.));
#8430=DIRECTION('',(0.,1.,0.));
#8431=AXIS2_PLACEMENT_3D('',#8428,#8429,#8430);
#8432=CIRCLE('',#8431,25.);
#8433=EDGE_CURVE('',#8419,#8427,#8432,.T.);
#8434=ORIENTED_EDGE('',*,*,#8433,.T.);
#8435=CARTESIAN_POINT('',(-82.5,29.190510639,-140.));
#8436=DIRECTION('',(1.,-0.,0.));
#8437=DIRECTION('',(0.,1.,0.));
#8438=AXIS2_PLACEMENT_3D('',#8435,#8436,#8437);
#8439=CIRCLE('',#8438,150.);
#8440=EDGE_CURVE('',#8427,#8379,#8439,.T.);
#8441=ORIENTED_EDGE('',*,*,#8440,.T.);
#8442=EDGE_LOOP('',(#8385,#8392,#8393,#8401,#8407,#8408,#8417,#8425,#8434,#8441));
#8443=FACE_BOUND('',#8442,.T.);
#8444=ADVANCED_FACE('',(#8443),#8375,.F.);
#8445=CARTESIAN_POINT('',(-77.5,-2.5,0.));
#8446=DIRECTION('',(1.,-0.,0.));
#8447=DIRECTION('',(0.,1.,0.));
#8448=AXIS2_PLACEMENT_3D('',#8445,#8446,#8447);
#8449=PLANE('',#8448);
#8450=CARTESIAN_POINT('',(-77.5,-43.875109611,10.));
#8451=VERTEX_POINT('',#8450);
#8452=CARTESIAN_POINT('',(-77.5,-43.875109611,-140.));
#8453=DIRECTION('',(1.,-0.,0.));
#8454=DIRECTION('',(0.,1.,0.));
#8455=AXIS2_PLACEMENT_3D('',#8452,#8453,#8454);
#8456=CIRCLE('',#8455,150.);
#8457=EDGE_CURVE('',#8451,#621,#8456,.T.);
#8458=ORIENTED_EDGE('',*,*,#8457,.F.);
#8459=CARTESIAN_POINT('',(-77.5,29.190510639,10.));
#8460=VERTEX_POINT('',#8459);
#8461=CARTESIAN_POINT('',(-77.5,-43.875109611,10.));
#8462=DIRECTION('',(0.,1.,0.));
#8463=VECTOR('',#8462,73.06562025);
#8464=LINE('',#8461,#8463);
#8465=EDGE_CURVE('',#8451,#8460,#8464,.T.);
#8466=ORIENTED_EDGE('',*,*,#8465,.T.);
#8467=CARTESIAN_POINT('',(-77.5,79.170098309,1.428571429));
#8468=VERTEX_POINT('',#8467);
#8469=CARTESIAN_POINT('',(-77.5,29.190510639,-140.));
#8470=DIRECTION('',(-1.,0.,-0.));
#8471=DIRECTION('',(0.,1.,0.));
#8472=AXIS2_PLACEMENT_3D('',#8469,#8470,#8471);
#8473=CIRCLE('',#8472,150.);
#8474=EDGE_CURVE('',#8460,#8468,#8473,.T.);
#8475=ORIENTED_EDGE('',*,*,#8474,.T.);
#8476=CARTESIAN_POINT('',(-77.5,112.500029587,25.));
#8477=VERTEX_POINT('',#8476);
#8478=CARTESIAN_POINT('',(-77.5,87.500029587,25.));
#8479=DIRECTION('',(1.,-0.,0.));
#8480=DIRECTION('',(0.,1.,0.));
#8481=AXIS2_PLACEMENT_3D('',#8478,#8479,#8480);
#8482=CIRCLE('',#8481,25.);
#8483=EDGE_CURVE('',#8468,#8477,#8482,.T.);
#8484=ORIENTED_EDGE('',*,*,#8483,.T.);
#8485=CARTESIAN_POINT('',(-77.5,112.500029587,65.782861893));
#8486=VERTEX_POINT('',#8485);
#8487=CARTESIAN_POINT('',(-77.5,112.500029587,65.782861893));
#8488=DIRECTION('',(0.,0.,-1.));
#8489=VECTOR('',#8488,40.782861893);
#8490=LINE('',#8487,#8489);
#8491=EDGE_CURVE('',#8486,#8477,#8490,.T.);
#8492=ORIENTED_EDGE('',*,*,#8491,.F.);
#8493=CARTESIAN_POINT('',(-77.5,87.500029587,65.782861893));
#8494=DIRECTION('',(1.,-0.,0.));
#8495=DIRECTION('',(0.,0.,-1.));
#8496=AXIS2_PLACEMENT_3D('',#8493,#8494,#8495);
#8497=CIRCLE('',#8496,25.);
#8498=EDGE_CURVE('',#8486,#3948,#8497,.T.);
#8499=ORIENTED_EDGE('',*,*,#8498,.T.);
#8500=ORIENTED_EDGE('',*,*,#3953,.T.);
#8501=CARTESIAN_POINT('',(-77.5,78.493370689,80.994045131));
#8502=VERTEX_POINT('',#8501);
#8503=CARTESIAN_POINT('',(-77.5,75.623244947,87.923141625));
#8504=DIRECTION('',(0.,0.382683432,-0.923879533));
#8505=VECTOR('',#8504,7.5);
#8506=LINE('',#8503,#8505);
#8507=EDGE_CURVE('',#3939,#8502,#8506,.T.);
#8508=ORIENTED_EDGE('',*,*,#8507,.T.);
#8509=CARTESIAN_POINT('',(-77.5,78.493370689,80.994045131));
#8510=DIRECTION('',(-0.,-0.923879533,-0.382683432));
#8511=VECTOR('',#8510,202.562850605);
#8512=LINE('',#8509,#8511);
#8513=EDGE_CURVE('',#8502,#629,#8512,.T.);
#8514=ORIENTED_EDGE('',*,*,#8513,.T.);
#8515=ORIENTED_EDGE('',*,*,#635,.T.);
#8516=EDGE_LOOP('',(#8458,#8466,#8475,#8484,#8492,#8499,#8500,#8508,#8514,#8515));
#8517=FACE_BOUND('',#8516,.T.);
#8518=ADVANCED_FACE('',(#8517),#8449,.T.);
#8519=CARTESIAN_POINT('',(-82.5,112.500029587,2.5));
#8520=DIRECTION('',(-0.,-1.,-0.));
#8521=DIRECTION('',(0.,0.,-1.));
#8522=AXIS2_PLACEMENT_3D('',#8519,#8520,#8521);
#8523=PLANE('',#8522);
#8524=ORIENTED_EDGE('',*,*,#8491,.T.);
#8525=CARTESIAN_POINT('',(-77.5,112.500029587,25.));
#8526=DIRECTION('',(-1.,0.,-0.));
#8527=VECTOR('',#8526,5.);
#8528=LINE('',#8525,#8527);
#8529=EDGE_CURVE('',#8477,#8419,#8528,.T.);
#8530=ORIENTED_EDGE('',*,*,#8529,.T.);
#8531=ORIENTED_EDGE('',*,*,#8424,.F.);
#8532=CARTESIAN_POINT('',(-77.5,112.500029587,65.782861893));
#8533=DIRECTION('',(-1.,0.,0.));
#8534=VECTOR('',#8533,5.);
#8535=LINE('',#8532,#8534);
#8536=EDGE_CURVE('',#8486,#8410,#8535,.T.);
#8537=ORIENTED_EDGE('',*,*,#8536,.F.);
#8538=EDGE_LOOP('',(#8524,#8530,#8531,#8537));
#8539=FACE_BOUND('',#8538,.T.);
#8540=ADVANCED_FACE('',(#8539),#8523,.F.);
#8541=CARTESIAN_POINT('',(-77.5,29.375029587,10.));
#8542=DIRECTION('',(-0.,-0.,1.));
#8543=DIRECTION('',(0.,-1.,-0.));
#8544=AXIS2_PLACEMENT_3D('',#8541,#8542,#8543);
#8545=PLANE('',#8544);
#8546=ORIENTED_EDGE('',*,*,#8384,.T.);
#8547=CARTESIAN_POINT('',(-82.5,29.190510639,10.));
#8548=DIRECTION('',(1.,-0.,0.));
#8549=VECTOR('',#8548,5.);
#8550=LINE('',#8547,#8549);
#8551=EDGE_CURVE('',#8379,#8460,#8550,.T.);
#8552=ORIENTED_EDGE('',*,*,#8551,.T.);
#8553=ORIENTED_EDGE('',*,*,#8465,.F.);
#8554=CARTESIAN_POINT('',(-77.5,-43.875109611,10.));
#8555=DIRECTION('',(-1.,0.,0.));
#8556=VECTOR('',#8555,5.);
#8557=LINE('',#8554,#8556);
#8558=EDGE_CURVE('',#8451,#8377,#8557,.T.);
#8559=ORIENTED_EDGE('',*,*,#8558,.T.);
#8560=EDGE_LOOP('',(#8546,#8552,#8553,#8559));
#8561=FACE_BOUND('',#8560,.T.);
#8562=ADVANCED_FACE('',(#8561),#8545,.F.);
#8563=CARTESIAN_POINT('',(-77.5,87.500029587,65.782861893));
#8564=DIRECTION('',(-1.,0.,0.));
#8565=DIRECTION('',(-0.,-1.,0.));
#8566=AXIS2_PLACEMENT_3D('',#8563,#8564,#8565);
#8567=CYLINDRICAL_SURFACE('',#8566,25.);
#8568=ORIENTED_EDGE('',*,*,#8416,.T.);
#8569=ORIENTED_EDGE('',*,*,#3961,.F.);
#8570=ORIENTED_EDGE('',*,*,#8498,.F.);
#8571=ORIENTED_EDGE('',*,*,#8536,.T.);
#8572=EDGE_LOOP('',(#8568,#8569,#8570,#8571));
#8573=FACE_BOUND('',#8572,.T.);
#8574=ADVANCED_FACE('',(#8573),#8567,.T.);
#8575=CARTESIAN_POINT('',(-82.5,87.500029587,25.));
#8576=DIRECTION('',(1.,-0.,0.));
#8577=DIRECTION('',(0.,1.,0.));
#8578=AXIS2_PLACEMENT_3D('',#8575,#8576,#8577);
#8579=CYLINDRICAL_SURFACE('',#8578,25.);
#8580=ORIENTED_EDGE('',*,*,#8483,.F.);
#8581=CARTESIAN_POINT('',(-77.5,79.170098309,1.428571429));
#8582=DIRECTION('',(-1.,0.,-0.));
#8583=VECTOR('',#8582,5.);
#8584=LINE('',#8581,#8583);
#8585=EDGE_CURVE('',#8468,#8427,#8584,.T.);
#8586=ORIENTED_EDGE('',*,*,#8585,.T.);
#8587=ORIENTED_EDGE('',*,*,#8433,.F.);
#8588=ORIENTED_EDGE('',*,*,#8529,.F.);
#8589=EDGE_LOOP('',(#8580,#8586,#8587,#8588));
#8590=FACE_BOUND('',#8589,.T.);
#8591=ADVANCED_FACE('',(#8590),#8579,.T.);
#8592=CARTESIAN_POINT('',(-82.5,29.190510639,-140.));
#8593=DIRECTION('',(1.,-0.,0.));
#8594=DIRECTION('',(0.,1.,0.));
#8595=AXIS2_PLACEMENT_3D('',#8592,#8593,#8594);
#8596=CYLINDRICAL_SURFACE('',#8595,150.);
#8597=ORIENTED_EDGE('',*,*,#8440,.F.);
#8598=ORIENTED_EDGE('',*,*,#8585,.F.);
#8599=ORIENTED_EDGE('',*,*,#8474,.F.);
#8600=ORIENTED_EDGE('',*,*,#8551,.F.);
#8601=EDGE_LOOP('',(#8597,#8598,#8599,#8600));
#8602=FACE_BOUND('',#8601,.T.);
#8603=ADVANCED_FACE('',(#8602),#8596,.F.);
#8604=CARTESIAN_POINT('',(-92.5,-2.5,0.));
#8605=DIRECTION('',(1.,-0.,0.));
#8606=DIRECTION('',(0.,1.,0.));
#8607=AXIS2_PLACEMENT_3D('',#8604,#8605,#8606);
#8608=PLANE('',#8607);
#8609=CARTESIAN_POINT('',(-92.5,-43.875109611,10.));
#8610=VERTEX_POINT('',#8609);
#8611=CARTESIAN_POINT('',(-92.5,29.190510639,10.));
#8612=VERTEX_POINT('',#8611);
#8613=CARTESIAN_POINT('',(-92.5,-43.875109611,10.));
#8614=DIRECTION('',(0.,1.,0.));
#8615=VECTOR('',#8614,73.06562025);
#8616=LINE('',#8613,#8615);
#8617=EDGE_CURVE('',#8610,#8612,#8616,.T.);
#8618=ORIENTED_EDGE('',*,*,#8617,.F.);
#8619=CARTESIAN_POINT('',(-92.5,-43.875109611,-140.));
#8620=DIRECTION('',(1.,-0.,0.));
#8621=DIRECTION('',(-0.,-0.,1.));
#8622=AXIS2_PLACEMENT_3D('',#8619,#8620,#8621);
#8623=CIRCLE('',#8622,150.);
#8624=EDGE_CURVE('',#8610,#532,#8623,.T.);
#8625=ORIENTED_EDGE('',*,*,#8624,.T.);
#8626=ORIENTED_EDGE('',*,*,#538,.F.);
#8627=CARTESIAN_POINT('',(-92.5,78.493370689,80.994045131));
#8628=VERTEX_POINT('',#8627);
#8629=CARTESIAN_POINT('',(-92.5,-108.650301032,3.476598192));
#8630=DIRECTION('',(0.,0.923879533,0.382683432));
#8631=VECTOR('',#8630,202.562850605);
#8632=LINE('',#8629,#8631);
#8633=EDGE_CURVE('',#478,#8628,#8632,.T.);
#8634=ORIENTED_EDGE('',*,*,#8633,.T.);
#8635=CARTESIAN_POINT('',(-92.5,78.493370689,80.994045131));
#8636=DIRECTION('',(-0.,-0.382683432,0.923879533));
#8637=VECTOR('',#8636,7.5);
#8638=LINE('',#8635,#8637);
#8639=EDGE_CURVE('',#8628,#3997,#8638,.T.);
#8640=ORIENTED_EDGE('',*,*,#8639,.T.);
#8641=ORIENTED_EDGE('',*,*,#4002,.F.);
#8642=CARTESIAN_POINT('',(-92.5,112.500029587,65.782861893));
#8643=VERTEX_POINT('',#8642);
#8644=CARTESIAN_POINT('',(-92.5,87.500029587,65.782861893));
#8645=DIRECTION('',(1.,-0.,0.));
#8646=DIRECTION('',(0.,0.,-1.));
#8647=AXIS2_PLACEMENT_3D('',#8644,#8645,#8646);
#8648=CIRCLE('',#8647,25.);
#8649=EDGE_CURVE('',#8643,#3989,#8648,.T.);
#8650=ORIENTED_EDGE('',*,*,#8649,.F.);
#8651=CARTESIAN_POINT('',(-92.5,112.500029587,25.));
#8652=VERTEX_POINT('',#8651);
#8653=CARTESIAN_POINT('',(-92.5,112.500029587,65.782861893));
#8654=DIRECTION('',(0.,0.,-1.));
#8655=VECTOR('',#8654,40.782861893);
#8656=LINE('',#8653,#8655);
#8657=EDGE_CURVE('',#8643,#8652,#8656,.T.);
#8658=ORIENTED_EDGE('',*,*,#8657,.T.);
#8659=CARTESIAN_POINT('',(-92.5,79.170098309,1.428571429));
#8660=VERTEX_POINT('',#8659);
#8661=CARTESIAN_POINT('',(-92.5,87.500029587,25.));
#8662=DIRECTION('',(-1.,0.,-0.));
#8663=DIRECTION('',(0.,1.,0.));
#8664=AXIS2_PLACEMENT_3D('',#8661,#8662,#8663);
#8665=CIRCLE('',#8664,25.);
#8666=EDGE_CURVE('',#8652,#8660,#8665,.T.);
#8667=ORIENTED_EDGE('',*,*,#8666,.T.);
#8668=CARTESIAN_POINT('',(-92.5,29.190510639,-140.));
#8669=DIRECTION('',(1.,-0.,0.));
#8670=DIRECTION('',(0.,1.,0.));
#8671=AXIS2_PLACEMENT_3D('',#8668,#8669,#8670);
#8672=CIRCLE('',#8671,150.);
#8673=EDGE_CURVE('',#8660,#8612,#8672,.T.);
#8674=ORIENTED_EDGE('',*,*,#8673,.T.);
#8675=EDGE_LOOP('',(#8618,#8625,#8626,#8634,#8640,#8641,#8650,#8658,#8667,#8674));
#8676=FACE_BOUND('',#8675,.T.);
#8677=ADVANCED_FACE('',(#8676),#8608,.F.);
#8678=CARTESIAN_POINT('',(-87.5,-2.5,0.));
#8679=DIRECTION('',(1.,-0.,0.));
#8680=DIRECTION('',(0.,1.,0.));
#8681=AXIS2_PLACEMENT_3D('',#8678,#8679,#8680);
#8682=PLANE('',#8681);
#8683=CARTESIAN_POINT('',(-87.5,-43.875109611,10.));
#8684=VERTEX_POINT('',#8683);
#8685=CARTESIAN_POINT('',(-87.5,-43.875109611,-140.));
#8686=DIRECTION('',(1.,-0.,0.));
#8687=DIRECTION('',(0.,1.,0.));
#8688=AXIS2_PLACEMENT_3D('',#8685,#8686,#8687);
#8689=CIRCLE('',#8688,150.);
#8690=EDGE_CURVE('',#8684,#541,#8689,.T.);
#8691=ORIENTED_EDGE('',*,*,#8690,.F.);
#8692=CARTESIAN_POINT('',(-87.5,29.190510639,10.));
#8693=VERTEX_POINT('',#8692);
#8694=CARTESIAN_POINT('',(-87.5,-43.875109611,10.));
#8695=DIRECTION('',(0.,1.,0.));
#8696=VECTOR('',#8695,73.06562025);
#8697=LINE('',#8694,#8696);
#8698=EDGE_CURVE('',#8684,#8693,#8697,.T.);
#8699=ORIENTED_EDGE('',*,*,#8698,.T.);
#8700=CARTESIAN_POINT('',(-87.5,79.170098309,1.428571429));
#8701=VERTEX_POINT('',#8700);
#8702=CARTESIAN_POINT('',(-87.5,29.190510639,-140.));
#8703=DIRECTION('',(-1.,0.,-0.));
#8704=DIRECTION('',(0.,1.,0.));
#8705=AXIS2_PLACEMENT_3D('',#8702,#8703,#8704);
#8706=CIRCLE('',#8705,150.);
#8707=EDGE_CURVE('',#8693,#8701,#8706,.T.);
#8708=ORIENTED_EDGE('',*,*,#8707,.T.);
#8709=CARTESIAN_POINT('',(-87.5,112.500029587,25.));
#8710=VERTEX_POINT('',#8709);
#8711=CARTESIAN_POINT('',(-87.5,87.500029587,25.));
#8712=DIRECTION('',(1.,-0.,0.));
#8713=DIRECTION('',(0.,1.,0.));
#8714=AXIS2_PLACEMENT_3D('',#8711,#8712,#8713);
#8715=CIRCLE('',#8714,25.);
#8716=EDGE_CURVE('',#8701,#8710,#8715,.T.);
#8717=ORIENTED_EDGE('',*,*,#8716,.T.);
#8718=CARTESIAN_POINT('',(-87.5,112.500029587,65.782861893));
#8719=VERTEX_POINT('',#8718);
#8720=CARTESIAN_POINT('',(-87.5,112.500029587,65.782861893));
#8721=DIRECTION('',(0.,0.,-1.));
#8722=VECTOR('',#8721,40.782861893);
#8723=LINE('',#8720,#8722);
#8724=EDGE_CURVE('',#8719,#8710,#8723,.T.);
#8725=ORIENTED_EDGE('',*,*,#8724,.F.);
#8726=CARTESIAN_POINT('',(-87.5,87.500029587,65.782861893));
#8727=DIRECTION('',(1.,-0.,0.));
#8728=DIRECTION('',(0.,0.,-1.));
#8729=AXIS2_PLACEMENT_3D('',#8726,#8727,#8728);
#8730=CIRCLE('',#8729,25.);
#8731=EDGE_CURVE('',#8719,#3981,#8730,.T.);
#8732=ORIENTED_EDGE('',*,*,#8731,.T.);
#8733=ORIENTED_EDGE('',*,*,#3986,.T.);
#8734=CARTESIAN_POINT('',(-87.5,78.493370689,80.994045131));
#8735=VERTEX_POINT('',#8734);
#8736=CARTESIAN_POINT('',(-87.5,75.623244947,87.923141625));
#8737=DIRECTION('',(0.,0.382683432,-0.923879533));
#8738=VECTOR('',#8737,7.5);
#8739=LINE('',#8736,#8738);
#8740=EDGE_CURVE('',#3972,#8735,#8739,.T.);
#8741=ORIENTED_EDGE('',*,*,#8740,.T.);
#8742=CARTESIAN_POINT('',(-87.5,78.493370689,80.994045131));
#8743=DIRECTION('',(-0.,-0.923879533,-0.382683432));
#8744=VECTOR('',#8743,202.562850605);
#8745=LINE('',#8742,#8744);
#8746=EDGE_CURVE('',#8735,#549,#8745,.T.);
#8747=ORIENTED_EDGE('',*,*,#8746,.T.);
#8748=ORIENTED_EDGE('',*,*,#555,.T.);
#8749=EDGE_LOOP('',(#8691,#8699,#8708,#8717,#8725,#8732,#8733,#8741,#8747,#8748));
#8750=FACE_BOUND('',#8749,.T.);
#8751=ADVANCED_FACE('',(#8750),#8682,.T.);
#8752=CARTESIAN_POINT('',(-92.5,112.500029587,2.5));
#8753=DIRECTION('',(-0.,-1.,-0.));
#8754=DIRECTION('',(0.,0.,-1.));
#8755=AXIS2_PLACEMENT_3D('',#8752,#8753,#8754);
#8756=PLANE('',#8755);
#8757=ORIENTED_EDGE('',*,*,#8724,.T.);
#8758=CARTESIAN_POINT('',(-87.5,112.500029587,25.));
#8759=DIRECTION('',(-1.,0.,-0.));
#8760=VECTOR('',#8759,5.);
#8761=LINE('',#8758,#8760);
#8762=EDGE_CURVE('',#8710,#8652,#8761,.T.);
#8763=ORIENTED_EDGE('',*,*,#8762,.T.);
#8764=ORIENTED_EDGE('',*,*,#8657,.F.);
#8765=CARTESIAN_POINT('',(-87.5,112.500029587,65.782861893));
#8766=DIRECTION('',(-1.,0.,0.));
#8767=VECTOR('',#8766,5.);
#8768=LINE('',#8765,#8767);
#8769=EDGE_CURVE('',#8719,#8643,#8768,.T.);
#8770=ORIENTED_EDGE('',*,*,#8769,.F.);
#8771=EDGE_LOOP('',(#8757,#8763,#8764,#8770));
#8772=FACE_BOUND('',#8771,.T.);
#8773=ADVANCED_FACE('',(#8772),#8756,.F.);
#8774=CARTESIAN_POINT('',(-87.5,29.375029587,10.));
#8775=DIRECTION('',(-0.,-0.,1.));
#8776=DIRECTION('',(0.,-1.,-0.));
#8777=AXIS2_PLACEMENT_3D('',#8774,#8775,#8776);
#8778=PLANE('',#8777);
#8779=ORIENTED_EDGE('',*,*,#8617,.T.);
#8780=CARTESIAN_POINT('',(-92.5,29.190510639,10.));
#8781=DIRECTION('',(1.,-0.,0.));
#8782=VECTOR('',#8781,5.);
#8783=LINE('',#8780,#8782);
#8784=EDGE_CURVE('',#8612,#8693,#8783,.T.);
#8785=ORIENTED_EDGE('',*,*,#8784,.T.);
#8786=ORIENTED_EDGE('',*,*,#8698,.F.);
#8787=CARTESIAN_POINT('',(-87.5,-43.875109611,10.));
#8788=DIRECTION('',(-1.,0.,0.));
#8789=VECTOR('',#8788,5.);
#8790=LINE('',#8787,#8789);
#8791=EDGE_CURVE('',#8684,#8610,#8790,.T.);
#8792=ORIENTED_EDGE('',*,*,#8791,.T.);
#8793=EDGE_LOOP('',(#8779,#8785,#8786,#8792));
#8794=FACE_BOUND('',#8793,.T.);
#8795=ADVANCED_FACE('',(#8794),#8778,.F.);
#8796=CARTESIAN_POINT('',(-87.5,87.500029587,65.782861893));
#8797=DIRECTION('',(-1.,0.,0.));
#8798=DIRECTION('',(-0.,-1.,0.));
#8799=AXIS2_PLACEMENT_3D('',#8796,#8797,#8798);
#8800=CYLINDRICAL_SURFACE('',#8799,25.);
#8801=ORIENTED_EDGE('',*,*,#8649,.T.);
#8802=ORIENTED_EDGE('',*,*,#3994,.F.);
#8803=ORIENTED_EDGE('',*,*,#8731,.F.);
#8804=ORIENTED_EDGE('',*,*,#8769,.T.);
#8805=EDGE_LOOP('',(#8801,#8802,#8803,#8804));
#8806=FACE_BOUND('',#8805,.T.);
#8807=ADVANCED_FACE('',(#8806),#8800,.T.);
#8808=CARTESIAN_POINT('',(-92.5,87.500029587,25.));
#8809=DIRECTION('',(1.,-0.,0.));
#8810=DIRECTION('',(0.,1.,0.));
#8811=AXIS2_PLACEMENT_3D('',#8808,#8809,#8810);
#8812=CYLINDRICAL_SURFACE('',#8811,25.);
#8813=ORIENTED_EDGE('',*,*,#8716,.F.);
#8814=CARTESIAN_POINT('',(-87.5,79.170098309,1.428571429));
#8815=DIRECTION('',(-1.,0.,-0.));
#8816=VECTOR('',#8815,5.);
#8817=LINE('',#8814,#8816);
#8818=EDGE_CURVE('',#8701,#8660,#8817,.T.);
#8819=ORIENTED_EDGE('',*,*,#8818,.T.);
#8820=ORIENTED_EDGE('',*,*,#8666,.F.);
#8821=ORIENTED_EDGE('',*,*,#8762,.F.);
#8822=EDGE_LOOP('',(#8813,#8819,#8820,#8821));
#8823=FACE_BOUND('',#8822,.T.);
#8824=ADVANCED_FACE('',(#8823),#8812,.T.);
#8825=CARTESIAN_POINT('',(-92.5,29.190510639,-140.));
#8826=DIRECTION('',(1.,-0.,0.));
#8827=DIRECTION('',(0.,1.,0.));
#8828=AXIS2_PLACEMENT_3D('',#8825,#8826,#8827);
#8829=CYLINDRICAL_SURFACE('',#8828,150.);
#8830=ORIENTED_EDGE('',*,*,#8673,.F.);
#8831=ORIENTED_EDGE('',*,*,#8818,.F.);
#8832=ORIENTED_EDGE('',*,*,#8707,.F.);
#8833=ORIENTED_EDGE('',*,*,#8784,.F.);
#8834=EDGE_LOOP('',(#8830,#8831,#8832,#8833));
#8835=FACE_BOUND('',#8834,.T.);
#8836=ADVANCED_FACE('',(#8835),#8829,.F.);
#8837=CARTESIAN_POINT('',(-102.5,-2.5,0.));
#8838=DIRECTION('',(1.,-0.,0.));
#8839=DIRECTION('',(0.,1.,0.));
#8840=AXIS2_PLACEMENT_3D('',#8837,#8838,#8839);
#8841=PLANE('',#8840);
#8842=CARTESIAN_POINT('',(-102.5,-43.875109611,10.));
#8843=VERTEX_POINT('',#8842);
#8844=CARTESIAN_POINT('',(-102.5,29.190510639,10.));
#8845=VERTEX_POINT('',#8844);
#8846=CARTESIAN_POINT('',(-102.5,-43.875109611,10.));
#8847=DIRECTION('',(0.,1.,0.));
#8848=VECTOR('',#8847,73.06562025);
#8849=LINE('',#8846,#8848);
#8850=EDGE_CURVE('',#8843,#8845,#8849,.T.);
#8851=ORIENTED_EDGE('',*,*,#8850,.F.);
#8852=CARTESIAN_POINT('',(-102.5,-43.875109611,-140.));
#8853=DIRECTION('',(1.,-0.,0.));
#8854=DIRECTION('',(-0.,-0.,1.));
#8855=AXIS2_PLACEMENT_3D('',#8852,#8853,#8854);
#8856=CIRCLE('',#8855,150.);
#8857=EDGE_CURVE('',#8843,#398,#8856,.T.);
#8858=ORIENTED_EDGE('',*,*,#8857,.T.);
#8859=ORIENTED_EDGE('',*,*,#404,.F.);
#8860=CARTESIAN_POINT('',(-102.5,78.493370689,80.994045131));
#8861=VERTEX_POINT('',#8860);
#8862=CARTESIAN_POINT('',(-102.5,-108.650301032,3.476598192));
#8863=DIRECTION('',(0.,0.923879533,0.382683432));
#8864=VECTOR('',#8863,202.562850605);
#8865=LINE('',#8862,#8864);
#8866=EDGE_CURVE('',#344,#8861,#8865,.T.);
#8867=ORIENTED_EDGE('',*,*,#8866,.T.);
#8868=CARTESIAN_POINT('',(-102.5,78.493370689,80.994045131));
#8869=DIRECTION('',(-0.,-0.382683432,0.923879533));
#8870=VECTOR('',#8869,7.5);
#8871=LINE('',#8868,#8870);
#8872=EDGE_CURVE('',#8861,#4039,#8871,.T.);
#8873=ORIENTED_EDGE('',*,*,#8872,.T.);
#8874=ORIENTED_EDGE('',*,*,#4044,.F.);
#8875=CARTESIAN_POINT('',(-102.5,112.500029587,65.782861893));
#8876=VERTEX_POINT('',#8875);
#8877=CARTESIAN_POINT('',(-102.5,87.500029587,65.782861893));
#8878=DIRECTION('',(1.,-0.,0.));
#8879=DIRECTION('',(0.,0.,-1.));
#8880=AXIS2_PLACEMENT_3D('',#8877,#8878,#8879);
#8881=CIRCLE('',#8880,25.);
#8882=EDGE_CURVE('',#8876,#4031,#8881,.T.);
#8883=ORIENTED_EDGE('',*,*,#8882,.F.);
#8884=CARTESIAN_POINT('',(-102.5,112.500029587,25.));
#8885=VERTEX_POINT('',#8884);
#8886=CARTESIAN_POINT('',(-102.5,112.500029587,65.782861893));
#8887=DIRECTION('',(0.,0.,-1.));
#8888=VECTOR('',#8887,40.782861893);
#8889=LINE('',#8886,#8888);
#8890=EDGE_CURVE('',#8876,#8885,#8889,.T.);
#8891=ORIENTED_EDGE('',*,*,#8890,.T.);
#8892=CARTESIAN_POINT('',(-102.5,79.170098309,1.428571429));
#8893=VERTEX_POINT('',#8892);
#8894=CARTESIAN_POINT('',(-102.5,87.500029587,25.));
#8895=DIRECTION('',(-1.,0.,-0.));
#8896=DIRECTION('',(0.,1.,0.));
#8897=AXIS2_PLACEMENT_3D('',#8894,#8895,#8896);
#8898=CIRCLE('',#8897,25.);
#8899=EDGE_CURVE('',#8885,#8893,#8898,.T.);
#8900=ORIENTED_EDGE('',*,*,#8899,.T.);
#8901=CARTESIAN_POINT('',(-102.5,29.190510639,-140.));
#8902=DIRECTION('',(1.,-0.,0.));
#8903=DIRECTION('',(0.,1.,0.));
#8904=AXIS2_PLACEMENT_3D('',#8901,#8902,#8903);
#8905=CIRCLE('',#8904,150.);
#8906=EDGE_CURVE('',#8893,#8845,#8905,.T.);
#8907=ORIENTED_EDGE('',*,*,#8906,.T.);
#8908=EDGE_LOOP('',(#8851,#8858,#8859,#8867,#8873,#8874,#8883,#8891,#8900,#8907));
#8909=FACE_BOUND('',#8908,.T.);
#8910=ADVANCED_FACE('',(#8909),#8841,.F.);
#8911=CARTESIAN_POINT('',(-97.5,-2.5,0.));
#8912=DIRECTION('',(1.,-0.,0.));
#8913=DIRECTION('',(0.,1.,0.));
#8914=AXIS2_PLACEMENT_3D('',#8911,#8912,#8913);
#8915=PLANE('',#8914);
#8916=CARTESIAN_POINT('',(-97.5,-43.875109611,10.));
#8917=VERTEX_POINT('',#8916);
#8918=CARTESIAN_POINT('',(-97.5,-43.875109611,-140.));
#8919=DIRECTION('',(1.,-0.,0.));
#8920=DIRECTION('',(0.,1.,0.));
#8921=AXIS2_PLACEMENT_3D('',#8918,#8919,#8920);
#8922=CIRCLE('',#8921,150.);
#8923=EDGE_CURVE('',#8917,#407,#8922,.T.);
#8924=ORIENTED_EDGE('',*,*,#8923,.F.);
#8925=CARTESIAN_POINT('',(-97.5,29.190510639,10.));
#8926=VERTEX_POINT('',#8925);
#8927=CARTESIAN_POINT('',(-97.5,-43.875109611,10.));
#8928=DIRECTION('',(0.,1.,0.));
#8929=VECTOR('',#8928,73.06562025);
#8930=LINE('',#8927,#8929);
#8931=EDGE_CURVE('',#8917,#8926,#8930,.T.);
#8932=ORIENTED_EDGE('',*,*,#8931,.T.);
#8933=CARTESIAN_POINT('',(-97.5,79.170098309,1.428571429));
#8934=VERTEX_POINT('',#8933);
#8935=CARTESIAN_POINT('',(-97.5,29.190510639,-140.));
#8936=DIRECTION('',(-1.,0.,-0.));
#8937=DIRECTION('',(0.,1.,0.));
#8938=AXIS2_PLACEMENT_3D('',#8935,#8936,#8937);
#8939=CIRCLE('',#8938,150.);
#8940=EDGE_CURVE('',#8926,#8934,#8939,.T.);
#8941=ORIENTED_EDGE('',*,*,#8940,.T.);
#8942=CARTESIAN_POINT('',(-97.5,112.500029587,25.));
#8943=VERTEX_POINT('',#8942);
#8944=CARTESIAN_POINT('',(-97.5,87.500029587,25.));
#8945=DIRECTION('',(1.,-0.,0.));
#8946=DIRECTION('',(0.,1.,0.));
#8947=AXIS2_PLACEMENT_3D('',#8944,#8945,#8946);
#8948=CIRCLE('',#8947,25.);
#8949=EDGE_CURVE('',#8934,#8943,#8948,.T.);
#8950=ORIENTED_EDGE('',*,*,#8949,.T.);
#8951=CARTESIAN_POINT('',(-97.5,112.500029587,65.782861893));
#8952=VERTEX_POINT('',#8951);
#8953=CARTESIAN_POINT('',(-97.5,112.500029587,65.782861893));
#8954=DIRECTION('',(0.,0.,-1.));
#8955=VECTOR('',#8954,40.782861893);
#8956=LINE('',#8953,#8955);
#8957=EDGE_CURVE('',#8952,#8943,#8956,.T.);
#8958=ORIENTED_EDGE('',*,*,#8957,.F.);
#8959=CARTESIAN_POINT('',(-97.5,87.500029587,65.782861893));
#8960=DIRECTION('',(1.,-0.,0.));
#8961=DIRECTION('',(0.,0.,-1.));
#8962=AXIS2_PLACEMENT_3D('',#8959,#8960,#8961);
#8963=CIRCLE('',#8962,25.);
#8964=EDGE_CURVE('',#8952,#4023,#8963,.T.);
#8965=ORIENTED_EDGE('',*,*,#8964,.T.);
#8966=ORIENTED_EDGE('',*,*,#4028,.T.);
#8967=CARTESIAN_POINT('',(-97.5,78.493370689,80.994045131));
#8968=VERTEX_POINT('',#8967);
#8969=CARTESIAN_POINT('',(-97.5,75.623244947,87.923141625));
#8970=DIRECTION('',(0.,0.382683432,-0.923879533));
#8971=VECTOR('',#8970,7.5);
#8972=LINE('',#8969,#8971);
#8973=EDGE_CURVE('',#4014,#8968,#8972,.T.);
#8974=ORIENTED_EDGE('',*,*,#8973,.T.);
#8975=CARTESIAN_POINT('',(-97.5,78.493370689,80.994045131));
#8976=DIRECTION('',(-0.,-0.923879533,-0.382683432));
#8977=VECTOR('',#8976,202.562850605);
#8978=LINE('',#8975,#8977);
#8979=EDGE_CURVE('',#8968,#415,#8978,.T.);
#8980=ORIENTED_EDGE('',*,*,#8979,.T.);
#8981=ORIENTED_EDGE('',*,*,#421,.T.);
#8982=EDGE_LOOP('',(#8924,#8932,#8941,#8950,#8958,#8965,#8966,#8974,#8980,#8981));
#8983=FACE_BOUND('',#8982,.T.);
#8984=ADVANCED_FACE('',(#8983),#8915,.T.);
#8985=CARTESIAN_POINT('',(-102.5,112.500029587,2.5));
#8986=DIRECTION('',(-0.,-1.,-0.));
#8987=DIRECTION('',(0.,0.,-1.));
#8988=AXIS2_PLACEMENT_3D('',#8985,#8986,#8987);
#8989=PLANE('',#8988);
#8990=ORIENTED_EDGE('',*,*,#8957,.T.);
#8991=CARTESIAN_POINT('',(-97.5,112.500029587,25.));
#8992=DIRECTION('',(-1.,0.,-0.));
#8993=VECTOR('',#8992,5.);
#8994=LINE('',#8991,#8993);
#8995=EDGE_CURVE('',#8943,#8885,#8994,.T.);
#8996=ORIENTED_EDGE('',*,*,#8995,.T.);
#8997=ORIENTED_EDGE('',*,*,#8890,.F.);
#8998=CARTESIAN_POINT('',(-97.5,112.500029587,65.782861893));
#8999=DIRECTION('',(-1.,0.,0.));
#9000=VECTOR('',#8999,5.);
#9001=LINE('',#8998,#9000);
#9002=EDGE_CURVE('',#8952,#8876,#9001,.T.);
#9003=ORIENTED_EDGE('',*,*,#9002,.F.);
#9004=EDGE_LOOP('',(#8990,#8996,#8997,#9003));
#9005=FACE_BOUND('',#9004,.T.);
#9006=ADVANCED_FACE('',(#9005),#8989,.F.);
#9007=CARTESIAN_POINT('',(-97.5,29.375029587,10.));
#9008=DIRECTION('',(-0.,-0.,1.));
#9009=DIRECTION('',(0.,-1.,-0.));
#9010=AXIS2_PLACEMENT_3D('',#9007,#9008,#9009);
#9011=PLANE('',#9010);
#9012=ORIENTED_EDGE('',*,*,#8850,.T.);
#9013=CARTESIAN_POINT('',(-102.5,29.190510639,10.));
#9014=DIRECTION('',(1.,-0.,0.));
#9015=VECTOR('',#9014,5.);
#9016=LINE('',#9013,#9015);
#9017=EDGE_CURVE('',#8845,#8926,#9016,.T.);
#9018=ORIENTED_EDGE('',*,*,#9017,.T.);
#9019=ORIENTED_EDGE('',*,*,#8931,.F.);
#9020=CARTESIAN_POINT('',(-97.5,-43.875109611,10.));
#9021=DIRECTION('',(-1.,0.,0.));
#9022=VECTOR('',#9021,5.);
#9023=LINE('',#9020,#9022);
#9024=EDGE_CURVE('',#8917,#8843,#9023,.T.);
#9025=ORIENTED_EDGE('',*,*,#9024,.T.);
#9026=EDGE_LOOP('',(#9012,#9018,#9019,#9025));
#9027=FACE_BOUND('',#9026,.T.);
#9028=ADVANCED_FACE('',(#9027),#9011,.F.);
#9029=CARTESIAN_POINT('',(-97.5,87.500029587,65.782861893));
#9030=DIRECTION('',(-1.,0.,0.));
#9031=DIRECTION('',(-0.,-1.,0.));
#9032=AXIS2_PLACEMENT_3D('',#9029,#9030,#9031);
#9033=CYLINDRICAL_SURFACE('',#9032,25.);
#9034=ORIENTED_EDGE('',*,*,#8882,.T.);
#9035=ORIENTED_EDGE('',*,*,#4036,.F.);
#9036=ORIENTED_EDGE('',*,*,#8964,.F.);
#9037=ORIENTED_EDGE('',*,*,#9002,.T.);
#9038=EDGE_LOOP('',(#9034,#9035,#9036,#9037));
#9039=FACE_BOUND('',#9038,.T.);
#9040=ADVANCED_FACE('',(#9039),#9033,.T.);
#9041=CARTESIAN_POINT('',(-102.5,87.500029587,25.));
#9042=DIRECTION('',(1.,-0.,0.));
#9043=DIRECTION('',(0.,1.,0.));
#9044=AXIS2_PLACEMENT_3D('',#9041,#9042,#9043);
#9045=CYLINDRICAL_SURFACE('',#9044,25.);
#9046=ORIENTED_EDGE('',*,*,#8949,.F.);
#9047=CARTESIAN_POINT('',(-97.5,79.170098309,1.428571429));
#9048=DIRECTION('',(-1.,0.,-0.));
#9049=VECTOR('',#9048,5.);
#9050=LINE('',#9047,#9049);
#9051=EDGE_CURVE('',#8934,#8893,#9050,.T.);
#9052=ORIENTED_EDGE('',*,*,#9051,.T.);
#9053=ORIENTED_EDGE('',*,*,#8899,.F.);
#9054=ORIENTED_EDGE('',*,*,#8995,.F.);
#9055=EDGE_LOOP('',(#9046,#9052,#9053,#9054));
#9056=FACE_BOUND('',#9055,.T.);
#9057=ADVANCED_FACE('',(#9056),#9045,.T.);
#9058=CARTESIAN_POINT('',(-102.5,29.190510639,-140.));
#9059=DIRECTION('',(1.,-0.,0.));
#9060=DIRECTION('',(0.,1.,0.));
#9061=AXIS2_PLACEMENT_3D('',#9058,#9059,#9060);
#9062=CYLINDRICAL_SURFACE('',#9061,150.);
#9063=ORIENTED_EDGE('',*,*,#8906,.F.);
#9064=ORIENTED_EDGE('',*,*,#9051,.F.);
#9065=ORIENTED_EDGE('',*,*,#8940,.F.);
#9066=ORIENTED_EDGE('',*,*,#9017,.F.);
#9067=EDGE_LOOP('',(#9063,#9064,#9065,#9066));
#9068=FACE_BOUND('',#9067,.T.);
#9069=ADVANCED_FACE('',(#9068),#9062,.F.);
#9070=CARTESIAN_POINT('',(-112.5,112.500029587,2.5));
#9071=DIRECTION('',(-0.,-1.,-0.));
#9072=DIRECTION('',(0.,0.,-1.));
#9073=AXIS2_PLACEMENT_3D('',#9070,#9071,#9072);
#9074=PLANE('',#9073);
#9075=ORIENTED_EDGE('',*,*,#134,.T.);
#9076=CARTESIAN_POINT('',(-107.5,112.500029587,25.));
#9077=DIRECTION('',(-1.,0.,-0.));
#9078=VECTOR('',#9077,5.);
#9079=LINE('',#9076,#9078);
#9080=EDGE_CURVE('',#120,#230,#9079,.T.);
#9081=ORIENTED_EDGE('',*,*,#9080,.T.);
#9082=ORIENTED_EDGE('',*,*,#235,.F.);
#9083=CARTESIAN_POINT('',(-107.5,112.500029587,65.782861893));
#9084=DIRECTION('',(-1.,0.,0.));
#9085=VECTOR('',#9084,5.);
#9086=LINE('',#9083,#9085);
#9087=EDGE_CURVE('',#129,#221,#9086,.T.);
#9088=ORIENTED_EDGE('',*,*,#9087,.F.);
#9089=EDGE_LOOP('',(#9075,#9081,#9082,#9088));
#9090=FACE_BOUND('',#9089,.T.);
#9091=ADVANCED_FACE('',(#9090),#9074,.F.);
#9092=CARTESIAN_POINT('',(-107.5,87.500029587,65.782861893));
#9093=DIRECTION('',(-1.,0.,0.));
#9094=DIRECTION('',(-0.,-1.,0.));
#9095=AXIS2_PLACEMENT_3D('',#9092,#9093,#9094);
#9096=CYLINDRICAL_SURFACE('',#9095,25.);
#9097=ORIENTED_EDGE('',*,*,#227,.T.);
#9098=ORIENTED_EDGE('',*,*,#4058,.F.);
#9099=ORIENTED_EDGE('',*,*,#143,.F.);
#9100=ORIENTED_EDGE('',*,*,#9087,.T.);
#9101=EDGE_LOOP('',(#9097,#9098,#9099,#9100));
#9102=FACE_BOUND('',#9101,.T.);
#9103=ADVANCED_FACE('',(#9102),#9096,.T.);
#9104=CARTESIAN_POINT('',(-112.5,87.500029587,25.));
#9105=DIRECTION('',(1.,-0.,0.));
#9106=DIRECTION('',(0.,1.,0.));
#9107=AXIS2_PLACEMENT_3D('',#9104,#9105,#9106);
#9108=CYLINDRICAL_SURFACE('',#9107,25.);
#9109=ORIENTED_EDGE('',*,*,#126,.F.);
#9110=CARTESIAN_POINT('',(-107.5,79.170098309,1.428571429));
#9111=DIRECTION('',(-1.,0.,-0.));
#9112=VECTOR('',#9111,5.);
#9113=LINE('',#9110,#9112);
#9114=EDGE_CURVE('',#111,#238,#9113,.T.);
#9115=ORIENTED_EDGE('',*,*,#9114,.T.);
#9116=ORIENTED_EDGE('',*,*,#244,.F.);
#9117=ORIENTED_EDGE('',*,*,#9080,.F.);
#9118=EDGE_LOOP('',(#9109,#9115,#9116,#9117));
#9119=FACE_BOUND('',#9118,.T.);
#9120=ADVANCED_FACE('',(#9119),#9108,.T.);
#9121=CARTESIAN_POINT('',(-112.5,29.190510639,-140.));
#9122=DIRECTION('',(1.,-0.,0.));
#9123=DIRECTION('',(0.,1.,0.));
#9124=AXIS2_PLACEMENT_3D('',#9121,#9122,#9123);
#9125=CYLINDRICAL_SURFACE('',#9124,150.);
#9126=ORIENTED_EDGE('',*,*,#251,.F.);
#9127=ORIENTED_EDGE('',*,*,#9114,.F.);
#9128=ORIENTED_EDGE('',*,*,#117,.F.);
#9129=ORIENTED_EDGE('',*,*,#76,.F.);
#9130=EDGE_LOOP('',(#9126,#9127,#9128,#9129));
#9131=FACE_BOUND('',#9130,.T.);
#9132=ADVANCED_FACE('',(#9131),#9125,.F.);
#9133=CARTESIAN_POINT('',(108.3,-108.137475924,12.67287257));
#9134=DIRECTION('',(0.,0.923879533,0.382683432));
#9135=DIRECTION('',(0.,-0.382683432,0.923879533));
#9136=AXIS2_PLACEMENT_3D('',#9133,#9134,#9135);
#9137=CYLINDRICAL_SURFACE('',#9136,4.2);
#9138=ORIENTED_EDGE('',*,*,#2923,.F.);
#9139=ORIENTED_EDGE('',*,*,#3108,.F.);
#9140=ORIENTED_EDGE('',*,*,#4100,.F.);
#9141=ORIENTED_EDGE('',*,*,#4135,.F.);
#9142=ORIENTED_EDGE('',*,*,#3178,.F.);
#9143=ORIENTED_EDGE('',*,*,#3208,.F.);
#9144=EDGE_LOOP('',(#9138,#9139,#9140,#9141,#9142,#9143));
#9145=FACE_BOUND('',#9144,.T.);
#9146=ADVANCED_FACE('',(#9145),#9137,.T.);
#9147=CARTESIAN_POINT('',(-108.3,-22.450787241,48.165461137));
#9148=DIRECTION('',(-0.,-0.923879533,-0.382683432));
#9149=DIRECTION('',(-0.,0.382683432,-0.923879533));
#9150=AXIS2_PLACEMENT_3D('',#9147,#9148,#9149);
#9151=CYLINDRICAL_SURFACE('',#9150,4.2);
#9152=ORIENTED_EDGE('',*,*,#3216,.F.);
#9153=ORIENTED_EDGE('',*,*,#3192,.F.);
#9154=ORIENTED_EDGE('',*,*,#4143,.F.);
#9155=ORIENTED_EDGE('',*,*,#4119,.F.);
#9156=ORIENTED_EDGE('',*,*,#201,.F.);
#9157=ORIENTED_EDGE('',*,*,#279,.F.);
#9158=EDGE_LOOP('',(#9152,#9153,#9154,#9155,#9156,#9157));
#9159=FACE_BOUND('',#9158,.T.);
#9160=ADVANCED_FACE('',(#9159),#9151,.T.);
#9161=CARTESIAN_POINT('',(-15.,95.267885442,40.496784114));
#9162=DIRECTION('',(0.,0.382683432,-0.923879533));
#9163=DIRECTION('',(-0.,0.923879533,0.382683432));
#9164=AXIS2_PLACEMENT_3D('',#9161,#9162,#9163);
#9165=CYLINDRICAL_SURFACE('',#9164,2.5);
#9166=ORIENTED_EDGE('',*,*,#7109,.F.);
#9167=ORIENTED_EDGE('',*,*,#3720,.F.);
#9168=ORIENTED_EDGE('',*,*,#6775,.F.);
#9169=CARTESIAN_POINT('',(-15.,78.493370689,80.994045131));
#9170=DIRECTION('',(0.,0.382683432,0.923879533));
#9171=DIRECTION('',(-0.,-0.923879533,0.382683432));
#9172=AXIS2_PLACEMENT_3D('',#9169,#9170,#9171);
#9173=ELLIPSE('',#9172,3.535533906,2.5);
#9174=EDGE_CURVE('',#7104,#6764,#9173,.T.);
#9175=ORIENTED_EDGE('',*,*,#9174,.F.);
#9176=EDGE_LOOP('',(#9166,#9167,#9168,#9175));
#9177=FACE_BOUND('',#9176,.T.);
#9178=ADVANCED_FACE('',(#9177),#9165,.F.);
#9179=CARTESIAN_POINT('',(-15.,-19.274514752,40.497261017));
#9180=DIRECTION('',(-0.,-0.923879533,-0.382683432));
#9181=DIRECTION('',(0.,0.382683432,-0.923879533));
#9182=AXIS2_PLACEMENT_3D('',#9179,#9180,#9181);
#9183=CYLINDRICAL_SURFACE('',#9182,2.5);
#9184=ORIENTED_EDGE('',*,*,#7115,.F.);
#9185=ORIENTED_EDGE('',*,*,#9174,.T.);
#9186=ORIENTED_EDGE('',*,*,#6769,.F.);
#9187=ORIENTED_EDGE('',*,*,#1385,.F.);
#9188=EDGE_LOOP('',(#9184,#9185,#9186,#9187));
#9189=FACE_BOUND('',#9188,.T.);
#9190=ADVANCED_FACE('',(#9189),#9183,.F.);
#9191=CARTESIAN_POINT('',(35.,76.579953528,85.613442794));
#9192=DIRECTION('',(-0.,-0.382683432,0.923879533));
#9193=DIRECTION('',(0.,-0.923879533,-0.382683432));
#9194=AXIS2_PLACEMENT_3D('',#9191,#9192,#9193);
#9195=CYLINDRICAL_SURFACE('',#9194,2.5);
#9196=CARTESIAN_POINT('',(35.,75.226963277,82.347035382));
#9197=VERTEX_POINT('',#9196);
#9198=CARTESIAN_POINT('',(35.,73.313546115,86.966433044));
#9199=DIRECTION('',(0.,0.382683432,-0.923879533));
#9200=VECTOR('',#9199,5.);
#9201=LINE('',#9198,#9200);
#9202=EDGE_CURVE('',#3513,#9197,#9201,.T.);
#9203=ORIENTED_EDGE('',*,*,#9202,.F.);
#9204=ORIENTED_EDGE('',*,*,#3519,.F.);
#9205=ORIENTED_EDGE('',*,*,#5610,.F.);
#9206=CARTESIAN_POINT('',(35.,78.493370689,80.994045131));
#9207=DIRECTION('',(-0.,-0.382683432,-0.923879533));
#9208=DIRECTION('',(-0.,-0.923879533,0.382683432));
#9209=AXIS2_PLACEMENT_3D('',#9206,#9207,#9208);
#9210=ELLIPSE('',#9209,3.535533906,2.5);
#9211=EDGE_CURVE('',#5599,#9197,#9210,.T.);
#9212=ORIENTED_EDGE('',*,*,#9211,.T.);
#9213=EDGE_LOOP('',(#9203,#9204,#9205,#9212));
#9214=FACE_BOUND('',#9213,.T.);
#9215=ADVANCED_FACE('',(#9214),#9195,.F.);
#9216=CARTESIAN_POINT('',(35.,-107.150261781,4.097934794));
#9217=DIRECTION('',(0.,0.923879533,0.382683432));
#9218=DIRECTION('',(0.,-0.382683432,0.923879533));
#9219=AXIS2_PLACEMENT_3D('',#9216,#9217,#9218);
#9220=CYLINDRICAL_SURFACE('',#9219,2.5);
#9221=CARTESIAN_POINT('',(35.,75.226963277,82.347035382));
#9222=DIRECTION('',(-0.,-0.923879533,-0.382683432));
#9223=VECTOR('',#9222,200.859952687);
#9224=LINE('',#9221,#9223);
#9225=EDGE_CURVE('',#9197,#1950,#9224,.T.);
#9226=ORIENTED_EDGE('',*,*,#9225,.F.);
#9227=ORIENTED_EDGE('',*,*,#9211,.F.);
#9228=ORIENTED_EDGE('',*,*,#5604,.F.);
#9229=ORIENTED_EDGE('',*,*,#2055,.F.);
#9230=EDGE_LOOP('',(#9226,#9227,#9228,#9229));
#9231=FACE_BOUND('',#9230,.T.);
#9232=ADVANCED_FACE('',(#9231),#9220,.F.);
#9233=CARTESIAN_POINT('',(-75.,95.267885442,40.496784114));
#9234=DIRECTION('',(0.,0.382683432,-0.923879533));
#9235=DIRECTION('',(-0.,0.923879533,0.382683432));
#9236=AXIS2_PLACEMENT_3D('',#9233,#9234,#9235);
#9237=CYLINDRICAL_SURFACE('',#9236,2.5);
#9238=ORIENTED_EDGE('',*,*,#3945,.F.);
#9239=ORIENTED_EDGE('',*,*,#8173,.F.);
#9240=CARTESIAN_POINT('',(-75.,75.226963277,82.347035382));
#9241=VERTEX_POINT('',#9240);
#9242=CARTESIAN_POINT('',(-75.,78.493370689,80.994045131));
#9243=DIRECTION('',(0.,0.382683432,0.923879533));
#9244=DIRECTION('',(-0.,-0.923879533,0.382683432));
#9245=AXIS2_PLACEMENT_3D('',#9242,#9243,#9244);
#9246=ELLIPSE('',#9245,3.535533906,2.5);
#9247=EDGE_CURVE('',#9241,#8162,#9246,.T.);
#9248=ORIENTED_EDGE('',*,*,#9247,.F.);
#9249=CARTESIAN_POINT('',(-75.,78.493370689,80.994045131));
#9250=DIRECTION('',(0.,0.382683432,0.923879533));
#9251=DIRECTION('',(-0.,-0.923879533,0.382683432));
#9252=AXIS2_PLACEMENT_3D('',#9249,#9250,#9251);
#9253=ELLIPSE('',#9252,3.535533906,2.5);
#9254=EDGE_CURVE('',#8502,#9241,#9253,.T.);
#9255=ORIENTED_EDGE('',*,*,#9254,.F.);
#9256=ORIENTED_EDGE('',*,*,#8507,.F.);
#9257=EDGE_LOOP('',(#9238,#9239,#9248,#9255,#9256));
#9258=FACE_BOUND('',#9257,.T.);
#9259=ADVANCED_FACE('',(#9258),#9237,.F.);
#9260=CARTESIAN_POINT('',(-75.,-107.150261781,4.097934794));
#9261=DIRECTION('',(0.,0.923879533,0.382683432));
#9262=DIRECTION('',(0.,-0.382683432,0.923879533));
#9263=AXIS2_PLACEMENT_3D('',#9260,#9261,#9262);
#9264=CYLINDRICAL_SURFACE('',#9263,2.5);
#9265=CARTESIAN_POINT('',(-75.,75.226963277,82.347035382));
#9266=DIRECTION('',(-0.,-0.923879533,-0.382683432));
#9267=VECTOR('',#9266,200.859952687);
#9268=LINE('',#9265,#9267);
#9269=EDGE_CURVE('',#9241,#638,#9268,.T.);
#9270=ORIENTED_EDGE('',*,*,#9269,.F.);
#9271=ORIENTED_EDGE('',*,*,#9247,.T.);
#9272=ORIENTED_EDGE('',*,*,#8167,.F.);
#9273=ORIENTED_EDGE('',*,*,#743,.F.);
#9274=EDGE_LOOP('',(#9270,#9271,#9272,#9273));
#9275=FACE_BOUND('',#9274,.T.);
#9276=ADVANCED_FACE('',(#9275),#9264,.F.);
#9277=CARTESIAN_POINT('',(-55.,76.579953528,85.613442794));
#9278=DIRECTION('',(-0.,-0.382683432,0.923879533));
#9279=DIRECTION('',(0.,-0.923879533,-0.382683432));
#9280=AXIS2_PLACEMENT_3D('',#9277,#9278,#9279);
#9281=CYLINDRICAL_SURFACE('',#9280,2.5);
#9282=CARTESIAN_POINT('',(-55.,75.226963277,82.347035382));
#9283=VERTEX_POINT('',#9282);
#9284=CARTESIAN_POINT('',(-55.,73.313546115,86.966433044));
#9285=DIRECTION('',(0.,0.382683432,-0.923879533));
#9286=VECTOR('',#9285,5.);
#9287=LINE('',#9284,#9286);
#9288=EDGE_CURVE('',#3864,#9283,#9287,.T.);
#9289=ORIENTED_EDGE('',*,*,#9288,.F.);
#9290=ORIENTED_EDGE('',*,*,#3870,.F.);
#9291=ORIENTED_EDGE('',*,*,#7707,.F.);
#9292=CARTESIAN_POINT('',(-55.,78.493370689,80.994045131));
#9293=DIRECTION('',(-0.,-0.382683432,-0.923879533));
#9294=DIRECTION('',(-0.,-0.923879533,0.382683432));
#9295=AXIS2_PLACEMENT_3D('',#9292,#9293,#9294);
#9296=ELLIPSE('',#9295,3.535533906,2.5);
#9297=EDGE_CURVE('',#7696,#9283,#9296,.T.);
#9298=ORIENTED_EDGE('',*,*,#9297,.T.);
#9299=EDGE_LOOP('',(#9289,#9290,#9291,#9298));
#9300=FACE_BOUND('',#9299,.T.);
#9301=ADVANCED_FACE('',(#9300),#9281,.F.);
#9302=CARTESIAN_POINT('',(-55.,-107.150261781,4.097934794));
#9303=DIRECTION('',(0.,0.923879533,0.382683432));
#9304=DIRECTION('',(0.,-0.382683432,0.923879533));
#9305=AXIS2_PLACEMENT_3D('',#9302,#9303,#9304);
#9306=CYLINDRICAL_SURFACE('',#9305,2.5);
#9307=CARTESIAN_POINT('',(-55.,75.226963277,82.347035382));
#9308=DIRECTION('',(-0.,-0.923879533,-0.382683432));
#9309=VECTOR('',#9308,200.859952687);
#9310=LINE('',#9307,#9309);
#9311=EDGE_CURVE('',#9283,#852,#9310,.T.);
#9312=ORIENTED_EDGE('',*,*,#9311,.F.);
#9313=ORIENTED_EDGE('',*,*,#9297,.F.);
#9314=ORIENTED_EDGE('',*,*,#7701,.F.);
#9315=ORIENTED_EDGE('',*,*,#957,.F.);
#9316=EDGE_LOOP('',(#9312,#9313,#9314,#9315));
#9317=FACE_BOUND('',#9316,.T.);
#9318=ADVANCED_FACE('',(#9317),#9306,.F.);
#9319=CARTESIAN_POINT('',(-105.,95.267885442,40.496784114));
#9320=DIRECTION('',(0.,0.382683432,-0.923879533));
#9321=DIRECTION('',(-0.,0.923879533,0.382683432));
#9322=AXIS2_PLACEMENT_3D('',#9319,#9320,#9321);
#9323=CYLINDRICAL_SURFACE('',#9322,2.5);
#9324=ORIENTED_EDGE('',*,*,#4051,.F.);
#9325=ORIENTED_EDGE('',*,*,#8872,.F.);
#9326=CARTESIAN_POINT('',(-105.,75.226963277,82.347035382));
#9327=VERTEX_POINT('',#9326);
#9328=CARTESIAN_POINT('',(-105.,78.493370689,80.994045131));
#9329=DIRECTION('',(0.,0.382683432,0.923879533));
#9330=DIRECTION('',(-0.,-0.923879533,0.382683432));
#9331=AXIS2_PLACEMENT_3D('',#9328,#9329,#9330);
#9332=ELLIPSE('',#9331,3.535533906,2.5);
#9333=EDGE_CURVE('',#9327,#8861,#9332,.T.);
#9334=ORIENTED_EDGE('',*,*,#9333,.F.);
#9335=CARTESIAN_POINT('',(-105.,78.493370689,80.994045131));
#9336=DIRECTION('',(0.,0.382683432,0.923879533));
#9337=DIRECTION('',(-0.,-0.923879533,0.382683432));
#9338=AXIS2_PLACEMENT_3D('',#9335,#9336,#9337);
#9339=ELLIPSE('',#9338,3.535533906,2.5);
#9340=EDGE_CURVE('',#154,#9327,#9339,.T.);
#9341=ORIENTED_EDGE('',*,*,#9340,.F.);
#9342=ORIENTED_EDGE('',*,*,#159,.F.);
#9343=EDGE_LOOP('',(#9324,#9325,#9334,#9341,#9342));
#9344=FACE_BOUND('',#9343,.T.);
#9345=ADVANCED_FACE('',(#9344),#9323,.F.);
#9346=CARTESIAN_POINT('',(-105.,-107.150261781,4.097934794));
#9347=DIRECTION('',(0.,0.923879533,0.382683432));
#9348=DIRECTION('',(0.,-0.382683432,0.923879533));
#9349=AXIS2_PLACEMENT_3D('',#9346,#9347,#9348);
#9350=CYLINDRICAL_SURFACE('',#9349,2.5);
#9351=CARTESIAN_POINT('',(-105.,75.226963277,82.347035382));
#9352=DIRECTION('',(-0.,-0.923879533,-0.382683432));
#9353=VECTOR('',#9352,200.859952687);
#9354=LINE('',#9351,#9353);
#9355=EDGE_CURVE('',#9327,#290,#9354,.T.);
#9356=ORIENTED_EDGE('',*,*,#9355,.F.);
#9357=ORIENTED_EDGE('',*,*,#9333,.T.);
#9358=ORIENTED_EDGE('',*,*,#8866,.F.);
#9359=ORIENTED_EDGE('',*,*,#395,.F.);
#9360=EDGE_LOOP('',(#9356,#9357,#9358,#9359));
#9361=FACE_BOUND('',#9360,.T.);
#9362=ADVANCED_FACE('',(#9361),#9350,.F.);
#9363=CARTESIAN_POINT('',(-85.,95.267885442,40.496784114));
#9364=DIRECTION('',(0.,0.382683432,-0.923879533));
#9365=DIRECTION('',(-0.,0.923879533,0.382683432));
#9366=AXIS2_PLACEMENT_3D('',#9363,#9364,#9365);
#9367=CYLINDRICAL_SURFACE('',#9366,2.5);
#9368=ORIENTED_EDGE('',*,*,#8740,.F.);
#9369=ORIENTED_EDGE('',*,*,#3978,.F.);
#9370=ORIENTED_EDGE('',*,*,#8406,.F.);
#9371=CARTESIAN_POINT('',(-85.,78.493370689,80.994045131));
#9372=DIRECTION('',(0.,0.382683432,0.923879533));
#9373=DIRECTION('',(-0.,-0.923879533,0.382683432));
#9374=AXIS2_PLACEMENT_3D('',#9371,#9372,#9373);
#9375=ELLIPSE('',#9374,3.535533906,2.5);
#9376=EDGE_CURVE('',#8735,#8395,#9375,.T.);
#9377=ORIENTED_EDGE('',*,*,#9376,.F.);
#9378=EDGE_LOOP('',(#9368,#9369,#9370,#9377));
#9379=FACE_BOUND('',#9378,.T.);
#9380=ADVANCED_FACE('',(#9379),#9367,.F.);
#9381=CARTESIAN_POINT('',(-85.,-19.274514752,40.497261017));
#9382=DIRECTION('',(-0.,-0.923879533,-0.382683432));
#9383=DIRECTION('',(0.,0.382683432,-0.923879533));
#9384=AXIS2_PLACEMENT_3D('',#9381,#9382,#9383);
#9385=CYLINDRICAL_SURFACE('',#9384,2.5);
#9386=ORIENTED_EDGE('',*,*,#8746,.F.);
#9387=ORIENTED_EDGE('',*,*,#9376,.T.);
#9388=ORIENTED_EDGE('',*,*,#8400,.F.);
#9389=ORIENTED_EDGE('',*,*,#609,.F.);
#9390=EDGE_LOOP('',(#9386,#9387,#9388,#9389));
#9391=FACE_BOUND('',#9390,.T.);
#9392=ADVANCED_FACE('',(#9391),#9385,.F.);
#9393=CARTESIAN_POINT('',(105.,76.579953528,85.613442794));
#9394=DIRECTION('',(-0.,-0.382683432,0.923879533));
#9395=DIRECTION('',(0.,-0.923879533,-0.382683432));
#9396=AXIS2_PLACEMENT_3D('',#9393,#9394,#9395);
#9397=CYLINDRICAL_SURFACE('',#9396,2.5);
#9398=CARTESIAN_POINT('',(105.,75.226963277,82.347035382));
#9399=VERTEX_POINT('',#9398);
#9400=CARTESIAN_POINT('',(105.,73.313546115,86.966433044));
#9401=DIRECTION('',(0.,0.382683432,-0.923879533));
#9402=VECTOR('',#9401,5.);
#9403=LINE('',#9400,#9402);
#9404=EDGE_CURVE('',#3246,#9399,#9403,.T.);
#9405=ORIENTED_EDGE('',*,*,#9404,.F.);
#9406=ORIENTED_EDGE('',*,*,#3252,.F.);
#9407=ORIENTED_EDGE('',*,*,#2983,.F.);
#9408=CARTESIAN_POINT('',(105.,78.493370689,80.994045131));
#9409=DIRECTION('',(-0.,-0.382683432,-0.923879533));
#9410=DIRECTION('',(-0.,-0.923879533,0.382683432));
#9411=AXIS2_PLACEMENT_3D('',#9408,#9409,#9410);
#9412=ELLIPSE('',#9411,3.535533906,2.5);
#9413=EDGE_CURVE('',#2970,#9399,#9412,.T.);
#9414=ORIENTED_EDGE('',*,*,#9413,.T.);
#9415=EDGE_LOOP('',(#9405,#9406,#9407,#9414));
#9416=FACE_BOUND('',#9415,.T.);
#9417=ADVANCED_FACE('',(#9416),#9397,.F.);
#9418=CARTESIAN_POINT('',(105.,-107.150261781,4.097934794));
#9419=DIRECTION('',(0.,0.923879533,0.382683432));
#9420=DIRECTION('',(0.,-0.382683432,0.923879533));
#9421=AXIS2_PLACEMENT_3D('',#9418,#9419,#9420);
#9422=CYLINDRICAL_SURFACE('',#9421,2.5);
#9423=CARTESIAN_POINT('',(105.,75.226963277,82.347035382));
#9424=DIRECTION('',(-0.,-0.923879533,-0.382683432));
#9425=VECTOR('',#9424,200.859952687);
#9426=LINE('',#9423,#9425);
#9427=EDGE_CURVE('',#9399,#2780,#9426,.T.);
#9428=ORIENTED_EDGE('',*,*,#9427,.F.);
#9429=ORIENTED_EDGE('',*,*,#9413,.F.);
#9430=ORIENTED_EDGE('',*,*,#2975,.F.);
#9431=ORIENTED_EDGE('',*,*,#2885,.F.);
#9432=EDGE_LOOP('',(#9428,#9429,#9430,#9431));
#9433=FACE_BOUND('',#9432,.T.);
#9434=ADVANCED_FACE('',(#9433),#9422,.F.);
#9435=CARTESIAN_POINT('',(65.,76.579953528,85.613442794));
#9436=DIRECTION('',(-0.,-0.382683432,0.923879533));
#9437=DIRECTION('',(0.,-0.923879533,-0.382683432));
#9438=AXIS2_PLACEMENT_3D('',#9435,#9436,#9437);
#9439=CYLINDRICAL_SURFACE('',#9438,2.5);
#9440=CARTESIAN_POINT('',(65.,75.226963277,82.347035382));
#9441=VERTEX_POINT('',#9440);
#9442=CARTESIAN_POINT('',(65.,73.313546115,86.966433044));
#9443=DIRECTION('',(0.,0.382683432,-0.923879533));
#9444=VECTOR('',#9443,5.);
#9445=LINE('',#9442,#9444);
#9446=EDGE_CURVE('',#3396,#9441,#9445,.T.);
#9447=ORIENTED_EDGE('',*,*,#9446,.F.);
#9448=ORIENTED_EDGE('',*,*,#3402,.F.);
#9449=ORIENTED_EDGE('',*,*,#4911,.F.);
#9450=CARTESIAN_POINT('',(65.,78.493370689,80.994045131));
#9451=DIRECTION('',(-0.,-0.382683432,-0.923879533));
#9452=DIRECTION('',(-0.,-0.923879533,0.382683432));
#9453=AXIS2_PLACEMENT_3D('',#9450,#9451,#9452);
#9454=ELLIPSE('',#9453,3.535533906,2.5);
#9455=EDGE_CURVE('',#4900,#9441,#9454,.T.);
#9456=ORIENTED_EDGE('',*,*,#9455,.T.);
#9457=EDGE_LOOP('',(#9447,#9448,#9449,#9456));
#9458=FACE_BOUND('',#9457,.T.);
#9459=ADVANCED_FACE('',(#9458),#9439,.F.);
#9460=CARTESIAN_POINT('',(65.,-107.150261781,4.097934794));
#9461=DIRECTION('',(0.,0.923879533,0.382683432));
#9462=DIRECTION('',(0.,-0.382683432,0.923879533));
#9463=AXIS2_PLACEMENT_3D('',#9460,#9461,#9462);
#9464=CYLINDRICAL_SURFACE('',#9463,2.5);
#9465=CARTESIAN_POINT('',(65.,75.226963277,82.347035382));
#9466=DIRECTION('',(-0.,-0.923879533,-0.382683432));
#9467=VECTOR('',#9466,200.859952687);
#9468=LINE('',#9465,#9467);
#9469=EDGE_CURVE('',#9441,#2298,#9468,.T.);
#9470=ORIENTED_EDGE('',*,*,#9469,.F.);
#9471=ORIENTED_EDGE('',*,*,#9455,.F.);
#9472=ORIENTED_EDGE('',*,*,#4905,.F.);
#9473=ORIENTED_EDGE('',*,*,#2403,.F.);
#9474=EDGE_LOOP('',(#9470,#9471,#9472,#9473));
#9475=FACE_BOUND('',#9474,.T.);
#9476=ADVANCED_FACE('',(#9475),#9464,.F.);
#9477=CARTESIAN_POINT('',(85.,95.267885442,40.496784114));
#9478=DIRECTION('',(0.,0.382683432,-0.923879533));
#9479=DIRECTION('',(-0.,0.923879533,0.382683432));
#9480=AXIS2_PLACEMENT_3D('',#9477,#9478,#9479);
#9481=CYLINDRICAL_SURFACE('',#9480,2.5);
#9482=ORIENTED_EDGE('',*,*,#3327,.F.);
#9483=ORIENTED_EDGE('',*,*,#4445,.F.);
#9484=CARTESIAN_POINT('',(85.,75.226963277,82.347035382));
#9485=VERTEX_POINT('',#9484);
#9486=CARTESIAN_POINT('',(85.,78.493370689,80.994045131));
#9487=DIRECTION('',(0.,0.382683432,0.923879533));
#9488=DIRECTION('',(-0.,-0.923879533,0.382683432));
#9489=AXIS2_PLACEMENT_3D('',#9486,#9487,#9488);
#9490=ELLIPSE('',#9489,3.535533906,2.5);
#9491=EDGE_CURVE('',#9485,#4434,#9490,.T.);
#9492=ORIENTED_EDGE('',*,*,#9491,.F.);
#9493=CARTESIAN_POINT('',(85.,78.493370689,80.994045131));
#9494=DIRECTION('',(0.,0.382683432,0.923879533));
#9495=DIRECTION('',(-0.,-0.923879533,0.382683432));
#9496=AXIS2_PLACEMENT_3D('',#9493,#9494,#9495);
#9497=ELLIPSE('',#9496,3.535533906,2.5);
#9498=EDGE_CURVE('',#4774,#9485,#9497,.T.);
#9499=ORIENTED_EDGE('',*,*,#9498,.F.);
#9500=ORIENTED_EDGE('',*,*,#4779,.F.);
#9501=EDGE_LOOP('',(#9482,#9483,#9492,#9499,#9500));
#9502=FACE_BOUND('',#9501,.T.);
#9503=ADVANCED_FACE('',(#9502),#9481,.F.);
#9504=CARTESIAN_POINT('',(85.,-107.150261781,4.097934794));
#9505=DIRECTION('',(0.,0.923879533,0.382683432));
#9506=DIRECTION('',(0.,-0.382683432,0.923879533));
#9507=AXIS2_PLACEMENT_3D('',#9504,#9505,#9506);
#9508=CYLINDRICAL_SURFACE('',#9507,2.5);
#9509=CARTESIAN_POINT('',(85.,75.226963277,82.347035382));
#9510=DIRECTION('',(-0.,-0.923879533,-0.382683432));
#9511=VECTOR('',#9510,200.859952687);
#9512=LINE('',#9509,#9511);
#9513=EDGE_CURVE('',#9485,#2566,#9512,.T.);
#9514=ORIENTED_EDGE('',*,*,#9513,.F.);
#9515=ORIENTED_EDGE('',*,*,#9491,.T.);
#9516=ORIENTED_EDGE('',*,*,#4439,.F.);
#9517=ORIENTED_EDGE('',*,*,#2671,.F.);
#9518=EDGE_LOOP('',(#9514,#9515,#9516,#9517));
#9519=FACE_BOUND('',#9518,.T.);
#9520=ADVANCED_FACE('',(#9519),#9508,.F.);
#9521=CARTESIAN_POINT('',(25.,76.579953528,85.613442794));
#9522=DIRECTION('',(-0.,-0.382683432,0.923879533));
#9523=DIRECTION('',(0.,-0.923879533,-0.382683432));
#9524=AXIS2_PLACEMENT_3D('',#9521,#9522,#9523);
#9525=CYLINDRICAL_SURFACE('',#9524,2.5);
#9526=CARTESIAN_POINT('',(25.,75.226963277,82.347035382));
#9527=VERTEX_POINT('',#9526);
#9528=CARTESIAN_POINT('',(25.,73.313546115,86.966433044));
#9529=DIRECTION('',(0.,0.382683432,-0.923879533));
#9530=VECTOR('',#9529,5.);
#9531=LINE('',#9528,#9530);
#9532=EDGE_CURVE('',#3555,#9527,#9531,.T.);
#9533=ORIENTED_EDGE('',*,*,#9532,.F.);
#9534=ORIENTED_EDGE('',*,*,#3561,.F.);
#9535=ORIENTED_EDGE('',*,*,#5843,.F.);
#9536=CARTESIAN_POINT('',(25.,78.493370689,80.994045131));
#9537=DIRECTION('',(-0.,-0.382683432,-0.923879533));
#9538=DIRECTION('',(-0.,-0.923879533,0.382683432));
#9539=AXIS2_PLACEMENT_3D('',#9536,#9537,#9538);
#9540=ELLIPSE('',#9539,3.535533906,2.5);
#9541=EDGE_CURVE('',#5832,#9527,#9540,.T.);
#9542=ORIENTED_EDGE('',*,*,#9541,.T.);
#9543=EDGE_LOOP('',(#9533,#9534,#9535,#9542));
#9544=FACE_BOUND('',#9543,.T.);
#9545=ADVANCED_FACE('',(#9544),#9525,.F.);
#9546=CARTESIAN_POINT('',(25.,-107.150261781,4.097934794));
#9547=DIRECTION('',(0.,0.923879533,0.382683432));
#9548=DIRECTION('',(0.,-0.382683432,0.923879533));
#9549=AXIS2_PLACEMENT_3D('',#9546,#9547,#9548);
#9550=CYLINDRICAL_SURFACE('',#9549,2.5);
#9551=CARTESIAN_POINT('',(25.,75.226963277,82.347035382));
#9552=DIRECTION('',(-0.,-0.923879533,-0.382683432));
#9553=VECTOR('',#9552,200.859952687);
#9554=LINE('',#9551,#9553);
#9555=EDGE_CURVE('',#9527,#1816,#9554,.T.);
#9556=ORIENTED_EDGE('',*,*,#9555,.F.);
#9557=ORIENTED_EDGE('',*,*,#9541,.F.);
#9558=ORIENTED_EDGE('',*,*,#5837,.F.);
#9559=ORIENTED_EDGE('',*,*,#1921,.F.);
#9560=EDGE_LOOP('',(#9556,#9557,#9558,#9559));
#9561=FACE_BOUND('',#9560,.T.);
#9562=ADVANCED_FACE('',(#9561),#9550,.F.);
#9563=CARTESIAN_POINT('',(-5.,95.267885442,40.496784114));
#9564=DIRECTION('',(0.,0.382683432,-0.923879533));
#9565=DIRECTION('',(-0.,0.923879533,0.382683432));
#9566=AXIS2_PLACEMENT_3D('',#9563,#9564,#9565);
#9567=CYLINDRICAL_SURFACE('',#9566,2.5);
#9568=ORIENTED_EDGE('',*,*,#3687,.F.);
#9569=ORIENTED_EDGE('',*,*,#6542,.F.);
#9570=CARTESIAN_POINT('',(-5.,75.226963277,82.347035382));
#9571=VERTEX_POINT('',#9570);
#9572=CARTESIAN_POINT('',(-5.,78.493370689,80.994045131));
#9573=DIRECTION('',(0.,0.382683432,0.923879533));
#9574=DIRECTION('',(-0.,-0.923879533,0.382683432));
#9575=AXIS2_PLACEMENT_3D('',#9572,#9573,#9574);
#9576=ELLIPSE('',#9575,3.535533906,2.5);
#9577=EDGE_CURVE('',#9571,#6531,#9576,.T.);
#9578=ORIENTED_EDGE('',*,*,#9577,.F.);
#9579=CARTESIAN_POINT('',(-5.,78.493370689,80.994045131));
#9580=DIRECTION('',(0.,0.382683432,0.923879533));
#9581=DIRECTION('',(-0.,-0.923879533,0.382683432));
#9582=AXIS2_PLACEMENT_3D('',#9579,#9580,#9581);
#9583=ELLIPSE('',#9582,3.535533906,2.5);
#9584=EDGE_CURVE('',#6871,#9571,#9583,.T.);
#9585=ORIENTED_EDGE('',*,*,#9584,.F.);
#9586=ORIENTED_EDGE('',*,*,#6876,.F.);
#9587=EDGE_LOOP('',(#9568,#9569,#9578,#9585,#9586));
#9588=FACE_BOUND('',#9587,.T.);
#9589=ADVANCED_FACE('',(#9588),#9567,.F.);
#9590=CARTESIAN_POINT('',(-5.,-107.150261781,4.097934794));
#9591=DIRECTION('',(0.,0.923879533,0.382683432));
#9592=DIRECTION('',(0.,-0.382683432,0.923879533));
#9593=AXIS2_PLACEMENT_3D('',#9590,#9591,#9592);
#9594=CYLINDRICAL_SURFACE('',#9593,2.5);
#9595=CARTESIAN_POINT('',(-5.,75.226963277,82.347035382));
#9596=DIRECTION('',(-0.,-0.923879533,-0.382683432));
#9597=VECTOR('',#9596,200.859952687);
#9598=LINE('',#9595,#9597);
#9599=EDGE_CURVE('',#9571,#1414,#9598,.T.);
#9600=ORIENTED_EDGE('',*,*,#9599,.F.);
#9601=ORIENTED_EDGE('',*,*,#9577,.T.);
#9602=ORIENTED_EDGE('',*,*,#6536,.F.);
#9603=ORIENTED_EDGE('',*,*,#1519,.F.);
#9604=EDGE_LOOP('',(#9600,#9601,#9602,#9603));
#9605=FACE_BOUND('',#9604,.T.);
#9606=ADVANCED_FACE('',(#9605),#9594,.F.);
#9607=CARTESIAN_POINT('',(-95.,76.579953528,85.613442794));
#9608=DIRECTION('',(-0.,-0.382683432,0.923879533));
#9609=DIRECTION('',(0.,-0.923879533,-0.382683432));
#9610=AXIS2_PLACEMENT_3D('',#9607,#9608,#9609);
#9611=CYLINDRICAL_SURFACE('',#9610,2.5);
#9612=CARTESIAN_POINT('',(-95.,75.226963277,82.347035382));
#9613=VERTEX_POINT('',#9612);
#9614=CARTESIAN_POINT('',(-95.,73.313546115,86.966433044));
#9615=DIRECTION('',(0.,0.382683432,-0.923879533));
#9616=VECTOR('',#9615,5.);
#9617=LINE('',#9614,#9616);
#9618=EDGE_CURVE('',#4005,#9613,#9617,.T.);
#9619=ORIENTED_EDGE('',*,*,#9618,.F.);
#9620=ORIENTED_EDGE('',*,*,#4011,.F.);
#9621=ORIENTED_EDGE('',*,*,#8639,.F.);
#9622=CARTESIAN_POINT('',(-95.,78.493370689,80.994045131));
#9623=DIRECTION('',(-0.,-0.382683432,-0.923879533));
#9624=DIRECTION('',(-0.,-0.923879533,0.382683432));
#9625=AXIS2_PLACEMENT_3D('',#9622,#9623,#9624);
#9626=ELLIPSE('',#9625,3.535533906,2.5);
#9627=EDGE_CURVE('',#8628,#9613,#9626,.T.);
#9628=ORIENTED_EDGE('',*,*,#9627,.T.);
#9629=EDGE_LOOP('',(#9619,#9620,#9621,#9628));
#9630=FACE_BOUND('',#9629,.T.);
#9631=ADVANCED_FACE('',(#9630),#9611,.F.);
#9632=CARTESIAN_POINT('',(-95.,-107.150261781,4.097934794));
#9633=DIRECTION('',(0.,0.923879533,0.382683432));
#9634=DIRECTION('',(0.,-0.382683432,0.923879533));
#9635=AXIS2_PLACEMENT_3D('',#9632,#9633,#9634);
#9636=CYLINDRICAL_SURFACE('',#9635,2.5);
#9637=CARTESIAN_POINT('',(-95.,75.226963277,82.347035382));
#9638=DIRECTION('',(-0.,-0.923879533,-0.382683432));
#9639=VECTOR('',#9638,200.859952687);
#9640=LINE('',#9637,#9639);
#9641=EDGE_CURVE('',#9613,#424,#9640,.T.);
#9642=ORIENTED_EDGE('',*,*,#9641,.F.);
#9643=ORIENTED_EDGE('',*,*,#9627,.F.);
#9644=ORIENTED_EDGE('',*,*,#8633,.F.);
#9645=ORIENTED_EDGE('',*,*,#529,.F.);
#9646=EDGE_LOOP('',(#9642,#9643,#9644,#9645));
#9647=FACE_BOUND('',#9646,.T.);
#9648=ADVANCED_FACE('',(#9647),#9636,.F.);
#9649=CARTESIAN_POINT('',(-35.,76.579953528,85.613442794));
#9650=DIRECTION('',(-0.,-0.382683432,0.923879533));
#9651=DIRECTION('',(0.,-0.923879533,-0.382683432));
#9652=AXIS2_PLACEMENT_3D('',#9649,#9650,#9651);
#9653=CYLINDRICAL_SURFACE('',#9652,2.5);
#9654=CARTESIAN_POINT('',(-35.,75.226963277,82.347035382));
#9655=VERTEX_POINT('',#9654);
#9656=CARTESIAN_POINT('',(-35.,73.313546115,86.966433044));
#9657=DIRECTION('',(0.,0.382683432,-0.923879533));
#9658=VECTOR('',#9657,5.);
#9659=LINE('',#9656,#9658);
#9660=EDGE_CURVE('',#3789,#9655,#9659,.T.);
#9661=ORIENTED_EDGE('',*,*,#9660,.F.);
#9662=ORIENTED_EDGE('',*,*,#3795,.F.);
#9663=ORIENTED_EDGE('',*,*,#7241,.F.);
#9664=CARTESIAN_POINT('',(-35.,78.493370689,80.994045131));
#9665=DIRECTION('',(-0.,-0.382683432,-0.923879533));
#9666=DIRECTION('',(-0.,-0.923879533,0.382683432));
#9667=AXIS2_PLACEMENT_3D('',#9664,#9665,#9666);
#9668=ELLIPSE('',#9667,3.535533906,2.5);
#9669=EDGE_CURVE('',#7230,#9655,#9668,.T.);
#9670=ORIENTED_EDGE('',*,*,#9669,.T.);
#9671=EDGE_LOOP('',(#9661,#9662,#9663,#9670));
#9672=FACE_BOUND('',#9671,.T.);
#9673=ADVANCED_FACE('',(#9672),#9653,.F.);
#9674=CARTESIAN_POINT('',(-35.,-107.150261781,4.097934794));
#9675=DIRECTION('',(0.,0.923879533,0.382683432));
#9676=DIRECTION('',(0.,-0.382683432,0.923879533));
#9677=AXIS2_PLACEMENT_3D('',#9674,#9675,#9676);
#9678=CYLINDRICAL_SURFACE('',#9677,2.5);
#9679=CARTESIAN_POINT('',(-35.,75.226963277,82.347035382));
#9680=DIRECTION('',(-0.,-0.923879533,-0.382683432));
#9681=VECTOR('',#9680,200.859952687);
#9682=LINE('',#9679,#9681);
#9683=EDGE_CURVE('',#9655,#1066,#9682,.T.);
#9684=ORIENTED_EDGE('',*,*,#9683,.F.);
#9685=ORIENTED_EDGE('',*,*,#9669,.F.);
#9686=ORIENTED_EDGE('',*,*,#7235,.F.);
#9687=ORIENTED_EDGE('',*,*,#1171,.F.);
#9688=EDGE_LOOP('',(#9684,#9685,#9686,#9687));
#9689=FACE_BOUND('',#9688,.T.);
#9690=ADVANCED_FACE('',(#9689),#9678,.F.);
#9691=CARTESIAN_POINT('',(15.,76.579953528,85.613442794));
#9692=DIRECTION('',(-0.,-0.382683432,0.923879533));
#9693=DIRECTION('',(0.,-0.923879533,-0.382683432));
#9694=AXIS2_PLACEMENT_3D('',#9691,#9692,#9693);
#9695=CYLINDRICAL_SURFACE('',#9694,2.5);
#9696=CARTESIAN_POINT('',(15.,75.226963277,82.347035382));
#9697=VERTEX_POINT('',#9696);
#9698=CARTESIAN_POINT('',(15.,73.313546115,86.966433044));
#9699=DIRECTION('',(0.,0.382683432,-0.923879533));
#9700=VECTOR('',#9699,5.);
#9701=LINE('',#9698,#9700);
#9702=EDGE_CURVE('',#3597,#9697,#9701,.T.);
#9703=ORIENTED_EDGE('',*,*,#9702,.F.);
#9704=ORIENTED_EDGE('',*,*,#3603,.F.);
#9705=ORIENTED_EDGE('',*,*,#6076,.F.);
#9706=CARTESIAN_POINT('',(15.,78.493370689,80.994045131));
#9707=DIRECTION('',(-0.,-0.382683432,-0.923879533));
#9708=DIRECTION('',(-0.,-0.923879533,0.382683432));
#9709=AXIS2_PLACEMENT_3D('',#9706,#9707,#9708);
#9710=ELLIPSE('',#9709,3.535533906,2.5);
#9711=EDGE_CURVE('',#6065,#9697,#9710,.T.);
#9712=ORIENTED_EDGE('',*,*,#9711,.T.);
#9713=EDGE_LOOP('',(#9703,#9704,#9705,#9712));
#9714=FACE_BOUND('',#9713,.T.);
#9715=ADVANCED_FACE('',(#9714),#9695,.F.);
#9716=CARTESIAN_POINT('',(15.,-107.150261781,4.097934794));
#9717=DIRECTION('',(0.,0.923879533,0.382683432));
#9718=DIRECTION('',(0.,-0.382683432,0.923879533));
#9719=AXIS2_PLACEMENT_3D('',#9716,#9717,#9718);
#9720=CYLINDRICAL_SURFACE('',#9719,2.5);
#9721=CARTESIAN_POINT('',(15.,75.226963277,82.347035382));
#9722=DIRECTION('',(-0.,-0.923879533,-0.382683432));
#9723=VECTOR('',#9722,200.859952687);
#9724=LINE('',#9721,#9723);
#9725=EDGE_CURVE('',#9697,#1682,#9724,.T.);
#9726=ORIENTED_EDGE('',*,*,#9725,.F.);
#9727=ORIENTED_EDGE('',*,*,#9711,.F.);
#9728=ORIENTED_EDGE('',*,*,#6070,.F.);
#9729=ORIENTED_EDGE('',*,*,#1787,.F.);
#9730=EDGE_LOOP('',(#9726,#9727,#9728,#9729));
#9731=FACE_BOUND('',#9730,.T.);
#9732=ADVANCED_FACE('',(#9731),#9720,.F.);
#9733=CARTESIAN_POINT('',(-45.,95.267885442,40.496784114));
#9734=DIRECTION('',(0.,0.382683432,-0.923879533));
#9735=DIRECTION('',(-0.,0.923879533,0.382683432));
#9736=AXIS2_PLACEMENT_3D('',#9733,#9734,#9735);
#9737=CYLINDRICAL_SURFACE('',#9736,2.5);
#9738=ORIENTED_EDGE('',*,*,#7808,.F.);
#9739=ORIENTED_EDGE('',*,*,#3837,.F.);
#9740=ORIENTED_EDGE('',*,*,#7474,.F.);
#9741=CARTESIAN_POINT('',(-45.,78.493370689,80.994045131));
#9742=DIRECTION('',(0.,0.382683432,0.923879533));
#9743=DIRECTION('',(-0.,-0.923879533,0.382683432));
#9744=AXIS2_PLACEMENT_3D('',#9741,#9742,#9743);
#9745=ELLIPSE('',#9744,3.535533906,2.5);
#9746=EDGE_CURVE('',#7803,#7463,#9745,.T.);
#9747=ORIENTED_EDGE('',*,*,#9746,.F.);
#9748=EDGE_LOOP('',(#9738,#9739,#9740,#9747));
#9749=FACE_BOUND('',#9748,.T.);
#9750=ADVANCED_FACE('',(#9749),#9737,.F.);
#9751=CARTESIAN_POINT('',(-45.,-19.274514752,40.497261017));
#9752=DIRECTION('',(-0.,-0.923879533,-0.382683432));
#9753=DIRECTION('',(0.,0.382683432,-0.923879533));
#9754=AXIS2_PLACEMENT_3D('',#9751,#9752,#9753);
#9755=CYLINDRICAL_SURFACE('',#9754,2.5);
#9756=ORIENTED_EDGE('',*,*,#7814,.F.);
#9757=ORIENTED_EDGE('',*,*,#9746,.T.);
#9758=ORIENTED_EDGE('',*,*,#7468,.F.);
#9759=ORIENTED_EDGE('',*,*,#1037,.F.);
#9760=EDGE_LOOP('',(#9756,#9757,#9758,#9759));
#9761=FACE_BOUND('',#9760,.T.);
#9762=ADVANCED_FACE('',(#9761),#9755,.F.);
#9763=CARTESIAN_POINT('',(75.,76.579953528,85.613442794));
#9764=DIRECTION('',(-0.,-0.382683432,0.923879533));
#9765=DIRECTION('',(0.,-0.923879533,-0.382683432));
#9766=AXIS2_PLACEMENT_3D('',#9763,#9764,#9765);
#9767=CYLINDRICAL_SURFACE('',#9766,2.5);
#9768=CARTESIAN_POINT('',(75.,75.226963277,82.347035382));
#9769=VERTEX_POINT('',#9768);
#9770=CARTESIAN_POINT('',(75.,73.313546115,86.966433044));
#9771=DIRECTION('',(0.,0.382683432,-0.923879533));
#9772=VECTOR('',#9771,5.);
#9773=LINE('',#9770,#9772);
#9774=EDGE_CURVE('',#3354,#9769,#9773,.T.);
#9775=ORIENTED_EDGE('',*,*,#9774,.F.);
#9776=ORIENTED_EDGE('',*,*,#3360,.F.);
#9777=ORIENTED_EDGE('',*,*,#4678,.F.);
#9778=CARTESIAN_POINT('',(75.,78.493370689,80.994045131));
#9779=DIRECTION('',(-0.,-0.382683432,-0.923879533));
#9780=DIRECTION('',(-0.,-0.923879533,0.382683432));
#9781=AXIS2_PLACEMENT_3D('',#9778,#9779,#9780);
#9782=ELLIPSE('',#9781,3.535533906,2.5);
#9783=EDGE_CURVE('',#4667,#9769,#9782,.T.);
#9784=ORIENTED_EDGE('',*,*,#9783,.T.);
#9785=EDGE_LOOP('',(#9775,#9776,#9777,#9784));
#9786=FACE_BOUND('',#9785,.T.);
#9787=ADVANCED_FACE('',(#9786),#9767,.F.);
#9788=CARTESIAN_POINT('',(75.,-107.150261781,4.097934794));
#9789=DIRECTION('',(0.,0.923879533,0.382683432));
#9790=DIRECTION('',(0.,-0.382683432,0.923879533));
#9791=AXIS2_PLACEMENT_3D('',#9788,#9789,#9790);
#9792=CYLINDRICAL_SURFACE('',#9791,2.5);
#9793=CARTESIAN_POINT('',(75.,75.226963277,82.347035382));
#9794=DIRECTION('',(-0.,-0.923879533,-0.382683432));
#9795=VECTOR('',#9794,200.859952687);
#9796=LINE('',#9793,#9795);
#9797=EDGE_CURVE('',#9769,#2432,#9796,.T.);
#9798=ORIENTED_EDGE('',*,*,#9797,.F.);
#9799=ORIENTED_EDGE('',*,*,#9783,.F.);
#9800=ORIENTED_EDGE('',*,*,#4672,.F.);
#9801=ORIENTED_EDGE('',*,*,#2537,.F.);
#9802=EDGE_LOOP('',(#9798,#9799,#9800,#9801));
#9803=FACE_BOUND('',#9802,.T.);
#9804=ADVANCED_FACE('',(#9803),#9792,.F.);
#9805=CARTESIAN_POINT('',(45.,76.579953528,85.613442794));
#9806=DIRECTION('',(-0.,-0.382683432,0.923879533));
#9807=DIRECTION('',(0.,-0.923879533,-0.382683432));
#9808=AXIS2_PLACEMENT_3D('',#9805,#9806,#9807);
#9809=CYLINDRICAL_SURFACE('',#9808,2.5);
#9810=CARTESIAN_POINT('',(45.,75.226963277,82.347035382));
#9811=VERTEX_POINT('',#9810);
#9812=CARTESIAN_POINT('',(45.,73.313546115,86.966433044));
#9813=DIRECTION('',(0.,0.382683432,-0.923879533));
#9814=VECTOR('',#9813,5.);
#9815=LINE('',#9812,#9814);
#9816=EDGE_CURVE('',#3471,#9811,#9815,.T.);
#9817=ORIENTED_EDGE('',*,*,#9816,.F.);
#9818=ORIENTED_EDGE('',*,*,#3477,.F.);
#9819=ORIENTED_EDGE('',*,*,#5377,.F.);
#9820=CARTESIAN_POINT('',(45.,78.493370689,80.994045131));
#9821=DIRECTION('',(-0.,-0.382683432,-0.923879533));
#9822=DIRECTION('',(-0.,-0.923879533,0.382683432));
#9823=AXIS2_PLACEMENT_3D('',#9820,#9821,#9822);
#9824=ELLIPSE('',#9823,3.535533906,2.5);
#9825=EDGE_CURVE('',#5366,#9811,#9824,.T.);
#9826=ORIENTED_EDGE('',*,*,#9825,.T.);
#9827=EDGE_LOOP('',(#9817,#9818,#9819,#9826));
#9828=FACE_BOUND('',#9827,.T.);
#9829=ADVANCED_FACE('',(#9828),#9809,.F.);
#9830=CARTESIAN_POINT('',(45.,-107.150261781,4.097934794));
#9831=DIRECTION('',(0.,0.923879533,0.382683432));
#9832=DIRECTION('',(0.,-0.382683432,0.923879533));
#9833=AXIS2_PLACEMENT_3D('',#9830,#9831,#9832);
#9834=CYLINDRICAL_SURFACE('',#9833,2.5);
#9835=CARTESIAN_POINT('',(45.,75.226963277,82.347035382));
#9836=DIRECTION('',(-0.,-0.923879533,-0.382683432));
#9837=VECTOR('',#9836,200.859952687);
#9838=LINE('',#9835,#9837);
#9839=EDGE_CURVE('',#9811,#2084,#9838,.T.);
#9840=ORIENTED_EDGE('',*,*,#9839,.F.);
#9841=ORIENTED_EDGE('',*,*,#9825,.F.);
#9842=ORIENTED_EDGE('',*,*,#5371,.F.);
#9843=ORIENTED_EDGE('',*,*,#2189,.F.);
#9844=EDGE_LOOP('',(#9840,#9841,#9842,#9843));
#9845=FACE_BOUND('',#9844,.T.);
#9846=ADVANCED_FACE('',(#9845),#9834,.F.);
#9847=CARTESIAN_POINT('',(5.,76.579953528,85.613442794));
#9848=DIRECTION('',(-0.,-0.382683432,0.923879533));
#9849=DIRECTION('',(0.,-0.923879533,-0.382683432));
#9850=AXIS2_PLACEMENT_3D('',#9847,#9848,#9849);
#9851=CYLINDRICAL_SURFACE('',#9850,2.5);
#9852=CARTESIAN_POINT('',(5.,75.226963277,82.347035382));
#9853=VERTEX_POINT('',#9852);
#9854=CARTESIAN_POINT('',(5.,73.313546115,86.966433044));
#9855=DIRECTION('',(0.,0.382683432,-0.923879533));
#9856=VECTOR('',#9855,5.);
#9857=LINE('',#9854,#9856);
#9858=EDGE_CURVE('',#3639,#9853,#9857,.T.);
#9859=ORIENTED_EDGE('',*,*,#9858,.F.);
#9860=ORIENTED_EDGE('',*,*,#3645,.F.);
#9861=ORIENTED_EDGE('',*,*,#6309,.F.);
#9862=CARTESIAN_POINT('',(5.,78.493370689,80.994045131));
#9863=DIRECTION('',(-0.,-0.382683432,-0.923879533));
#9864=DIRECTION('',(-0.,-0.923879533,0.382683432));
#9865=AXIS2_PLACEMENT_3D('',#9862,#9863,#9864);
#9866=ELLIPSE('',#9865,3.535533906,2.5);
#9867=EDGE_CURVE('',#6298,#9853,#9866,.T.);
#9868=ORIENTED_EDGE('',*,*,#9867,.T.);
#9869=EDGE_LOOP('',(#9859,#9860,#9861,#9868));
#9870=FACE_BOUND('',#9869,.T.);
#9871=ADVANCED_FACE('',(#9870),#9851,.F.);
#9872=CARTESIAN_POINT('',(5.,-107.150261781,4.097934794));
#9873=DIRECTION('',(0.,0.923879533,0.382683432));
#9874=DIRECTION('',(0.,-0.382683432,0.923879533));
#9875=AXIS2_PLACEMENT_3D('',#9872,#9873,#9874);
#9876=CYLINDRICAL_SURFACE('',#9875,2.5);
#9877=CARTESIAN_POINT('',(5.,75.226963277,82.347035382));
#9878=DIRECTION('',(-0.,-0.923879533,-0.382683432));
#9879=VECTOR('',#9878,200.859952687);
#9880=LINE('',#9877,#9879);
#9881=EDGE_CURVE('',#9853,#1548,#9880,.T.);
#9882=ORIENTED_EDGE('',*,*,#9881,.F.);
#9883=ORIENTED_EDGE('',*,*,#9867,.F.);
#9884=ORIENTED_EDGE('',*,*,#6303,.F.);
#9885=ORIENTED_EDGE('',*,*,#1653,.F.);
#9886=EDGE_LOOP('',(#9882,#9883,#9884,#9885));
#9887=FACE_BOUND('',#9886,.T.);
#9888=ADVANCED_FACE('',(#9887),#9876,.F.);
#9889=CARTESIAN_POINT('',(95.,95.267885442,40.496784114));
#9890=DIRECTION('',(0.,0.382683432,-0.923879533));
#9891=DIRECTION('',(-0.,0.923879533,0.382683432));
#9892=AXIS2_PLACEMENT_3D('',#9889,#9890,#9891);
#9893=CYLINDRICAL_SURFACE('',#9892,2.5);
#9894=ORIENTED_EDGE('',*,*,#4546,.F.);
#9895=ORIENTED_EDGE('',*,*,#3294,.F.);
#9896=ORIENTED_EDGE('',*,*,#4212,.F.);
#9897=CARTESIAN_POINT('',(95.,78.493370689,80.994045131));
#9898=DIRECTION('',(0.,0.382683432,0.923879533));
#9899=DIRECTION('',(-0.,-0.923879533,0.382683432));
#9900=AXIS2_PLACEMENT_3D('',#9897,#9898,#9899);
#9901=ELLIPSE('',#9900,3.535533906,2.5);
#9902=EDGE_CURVE('',#4541,#4201,#9901,.T.);
#9903=ORIENTED_EDGE('',*,*,#9902,.F.);
#9904=EDGE_LOOP('',(#9894,#9895,#9896,#9903));
#9905=FACE_BOUND('',#9904,.T.);
#9906=ADVANCED_FACE('',(#9905),#9893,.F.);
#9907=CARTESIAN_POINT('',(95.,-19.274514752,40.497261017));
#9908=DIRECTION('',(-0.,-0.923879533,-0.382683432));
#9909=DIRECTION('',(0.,0.382683432,-0.923879533));
#9910=AXIS2_PLACEMENT_3D('',#9907,#9908,#9909);
#9911=CYLINDRICAL_SURFACE('',#9910,2.5);
#9912=ORIENTED_EDGE('',*,*,#4552,.F.);
#9913=ORIENTED_EDGE('',*,*,#9902,.T.);
#9914=ORIENTED_EDGE('',*,*,#4206,.F.);
#9915=ORIENTED_EDGE('',*,*,#2751,.F.);
#9916=EDGE_LOOP('',(#9912,#9913,#9914,#9915));
#9917=FACE_BOUND('',#9916,.T.);
#9918=ADVANCED_FACE('',(#9917),#9911,.F.);
#9919=CARTESIAN_POINT('',(55.,95.267885442,40.496784114));
#9920=DIRECTION('',(0.,0.382683432,-0.923879533));
#9921=DIRECTION('',(-0.,0.923879533,0.382683432));
#9922=AXIS2_PLACEMENT_3D('',#9919,#9920,#9921);
#9923=CYLINDRICAL_SURFACE('',#9922,2.5);
#9924=ORIENTED_EDGE('',*,*,#5478,.F.);
#9925=ORIENTED_EDGE('',*,*,#3444,.F.);
#9926=ORIENTED_EDGE('',*,*,#5144,.F.);
#9927=CARTESIAN_POINT('',(55.,78.493370689,80.994045131));
#9928=DIRECTION('',(0.,0.382683432,0.923879533));
#9929=DIRECTION('',(-0.,-0.923879533,0.382683432));
#9930=AXIS2_PLACEMENT_3D('',#9927,#9928,#9929);
#9931=ELLIPSE('',#9930,3.535533906,2.5);
#9932=EDGE_CURVE('',#5473,#5133,#9931,.T.);
#9933=ORIENTED_EDGE('',*,*,#9932,.F.);
#9934=EDGE_LOOP('',(#9924,#9925,#9926,#9933));
#9935=FACE_BOUND('',#9934,.T.);
#9936=ADVANCED_FACE('',(#9935),#9923,.F.);
#9937=CARTESIAN_POINT('',(55.,-19.274514752,40.497261017));
#9938=DIRECTION('',(-0.,-0.923879533,-0.382683432));
#9939=DIRECTION('',(0.,0.382683432,-0.923879533));
#9940=AXIS2_PLACEMENT_3D('',#9937,#9938,#9939);
#9941=CYLINDRICAL_SURFACE('',#9940,2.5);
#9942=ORIENTED_EDGE('',*,*,#5484,.F.);
#9943=ORIENTED_EDGE('',*,*,#9932,.T.);
#9944=ORIENTED_EDGE('',*,*,#5138,.F.);
#9945=ORIENTED_EDGE('',*,*,#2269,.F.);
#9946=EDGE_LOOP('',(#9942,#9943,#9944,#9945));
#9947=FACE_BOUND('',#9946,.T.);
#9948=ADVANCED_FACE('',(#9947),#9941,.F.);
#9949=CARTESIAN_POINT('',(-25.,76.579953528,85.613442794));
#9950=DIRECTION('',(-0.,-0.382683432,0.923879533));
#9951=DIRECTION('',(0.,-0.923879533,-0.382683432));
#9952=AXIS2_PLACEMENT_3D('',#9949,#9950,#9951);
#9953=CYLINDRICAL_SURFACE('',#9952,2.5);
#9954=CARTESIAN_POINT('',(-25.,75.226963277,82.347035382));
#9955=VERTEX_POINT('',#9954);
#9956=CARTESIAN_POINT('',(-25.,73.313546115,86.966433044));
#9957=DIRECTION('',(0.,0.382683432,-0.923879533));
#9958=VECTOR('',#9957,5.);
#9959=LINE('',#9956,#9958);
#9960=EDGE_CURVE('',#3747,#9955,#9959,.T.);
#9961=ORIENTED_EDGE('',*,*,#9960,.F.);
#9962=ORIENTED_EDGE('',*,*,#3753,.F.);
#9963=ORIENTED_EDGE('',*,*,#7008,.F.);
#9964=CARTESIAN_POINT('',(-25.,78.493370689,80.994045131));
#9965=DIRECTION('',(-0.,-0.382683432,-0.923879533));
#9966=DIRECTION('',(-0.,-0.923879533,0.382683432));
#9967=AXIS2_PLACEMENT_3D('',#9964,#9965,#9966);
#9968=ELLIPSE('',#9967,3.535533906,2.5);
#9969=EDGE_CURVE('',#6997,#9955,#9968,.T.);
#9970=ORIENTED_EDGE('',*,*,#9969,.T.);
#9971=EDGE_LOOP('',(#9961,#9962,#9963,#9970));
#9972=FACE_BOUND('',#9971,.T.);
#9973=ADVANCED_FACE('',(#9972),#9953,.F.);
#9974=CARTESIAN_POINT('',(-25.,-107.150261781,4.097934794));
#9975=DIRECTION('',(0.,0.923879533,0.382683432));
#9976=DIRECTION('',(0.,-0.382683432,0.923879533));
#9977=AXIS2_PLACEMENT_3D('',#9974,#9975,#9976);
#9978=CYLINDRICAL_SURFACE('',#9977,2.5);
#9979=CARTESIAN_POINT('',(-25.,75.226963277,82.347035382));
#9980=DIRECTION('',(-0.,-0.923879533,-0.382683432));
#9981=VECTOR('',#9980,200.859952687);
#9982=LINE('',#9979,#9981);
#9983=EDGE_CURVE('',#9955,#1200,#9982,.T.);
#9984=ORIENTED_EDGE('',*,*,#9983,.F.);
#9985=ORIENTED_EDGE('',*,*,#9969,.F.);
#9986=ORIENTED_EDGE('',*,*,#7002,.F.);
#9987=ORIENTED_EDGE('',*,*,#1305,.F.);
#9988=EDGE_LOOP('',(#9984,#9985,#9986,#9987));
#9989=FACE_BOUND('',#9988,.T.);
#9990=ADVANCED_FACE('',(#9989),#9978,.F.);
#9991=CARTESIAN_POINT('',(-65.,95.267885442,40.496784114));
#9992=DIRECTION('',(0.,0.382683432,-0.923879533));
#9993=DIRECTION('',(-0.,0.923879533,0.382683432));
#9994=AXIS2_PLACEMENT_3D('',#9991,#9992,#9993);
#9995=CYLINDRICAL_SURFACE('',#9994,2.5);
#9996=ORIENTED_EDGE('',*,*,#8274,.F.);
#9997=ORIENTED_EDGE('',*,*,#3912,.F.);
#9998=ORIENTED_EDGE('',*,*,#7940,.F.);
#9999=CARTESIAN_POINT('',(-65.,78.493370689,80.994045131));
#10000=DIRECTION('',(0.,0.382683432,0.923879533));
#10001=DIRECTION('',(-0.,-0.923879533,0.382683432));
#10002=AXIS2_PLACEMENT_3D('',#9999,#10000,#10001);
#10003=ELLIPSE('',#10002,3.535533906,2.5);
#10004=EDGE_CURVE('',#8269,#7929,#10003,.T.);
#10005=ORIENTED_EDGE('',*,*,#10004,.F.);
#10006=EDGE_LOOP('',(#9996,#9997,#9998,#10005));
#10007=FACE_BOUND('',#10006,.T.);
#10008=ADVANCED_FACE('',(#10007),#9995,.F.);
#10009=CARTESIAN_POINT('',(-65.,-19.274514752,40.497261017));
#10010=DIRECTION('',(-0.,-0.923879533,-0.382683432));
#10011=DIRECTION('',(0.,0.382683432,-0.923879533));
#10012=AXIS2_PLACEMENT_3D('',#10009,#10010,#10011);
#10013=CYLINDRICAL_SURFACE('',#10012,2.5);
#10014=ORIENTED_EDGE('',*,*,#8280,.F.);
#10015=ORIENTED_EDGE('',*,*,#10004,.T.);
#10016=ORIENTED_EDGE('',*,*,#7934,.F.);
#10017=ORIENTED_EDGE('',*,*,#823,.F.);
#10018=EDGE_LOOP('',(#10014,#10015,#10016,#10017));
#10019=FACE_BOUND('',#10018,.T.);
#10020=ADVANCED_FACE('',(#10019),#10013,.F.);
#10021=CARTESIAN_POINT('',(117.5,-43.875109611,-140.));
#10022=DIRECTION('',(-1.,0.,0.));
#10023=DIRECTION('',(-0.,-1.,0.));
#10024=AXIS2_PLACEMENT_3D('',#10021,#10022,#10023);
#10025=CYLINDRICAL_SURFACE('',#10024,150.);
#10026=ORIENTED_EDGE('',*,*,#2966,.F.);
#10027=ORIENTED_EDGE('',*,*,#3152,.F.);
#10028=ORIENTED_EDGE('',*,*,#3042,.T.);
#10029=ORIENTED_EDGE('',*,*,#2902,.T.);
#10030=EDGE_LOOP('',(#10026,#10027,#10028,#10029));
#10031=FACE_BOUND('',#10030,.T.);
#10032=ADVANCED_FACE('',(#10031),#10025,.F.);
#10033=CARTESIAN_POINT('',(107.5,-43.875109611,-140.));
#10034=DIRECTION('',(-1.,0.,0.));
#10035=DIRECTION('',(-0.,-1.,0.));
#10036=AXIS2_PLACEMENT_3D('',#10033,#10034,#10035);
#10037=CYLINDRICAL_SURFACE('',#10036,150.);
#10038=ORIENTED_EDGE('',*,*,#4197,.F.);
#10039=ORIENTED_EDGE('',*,*,#4364,.F.);
#10040=ORIENTED_EDGE('',*,*,#4263,.T.);
#10041=ORIENTED_EDGE('',*,*,#2768,.T.);
#10042=EDGE_LOOP('',(#10038,#10039,#10040,#10041));
#10043=FACE_BOUND('',#10042,.T.);
#10044=ADVANCED_FACE('',(#10043),#10037,.F.);
#10045=CARTESIAN_POINT('',(97.5,-43.875109611,-140.));
#10046=DIRECTION('',(-1.,0.,0.));
#10047=DIRECTION('',(-0.,-1.,0.));
#10048=AXIS2_PLACEMENT_3D('',#10045,#10046,#10047);
#10049=CYLINDRICAL_SURFACE('',#10048,150.);
#10050=ORIENTED_EDGE('',*,*,#4430,.F.);
#10051=ORIENTED_EDGE('',*,*,#4597,.F.);
#10052=ORIENTED_EDGE('',*,*,#4496,.T.);
#10053=ORIENTED_EDGE('',*,*,#2688,.T.);
#10054=EDGE_LOOP('',(#10050,#10051,#10052,#10053));
#10055=FACE_BOUND('',#10054,.T.);
#10056=ADVANCED_FACE('',(#10055),#10049,.F.);
#10057=CARTESIAN_POINT('',(87.5,-43.875109611,-140.));
#10058=DIRECTION('',(-1.,0.,0.));
#10059=DIRECTION('',(-0.,-1.,0.));
#10060=AXIS2_PLACEMENT_3D('',#10057,#10058,#10059);
#10061=CYLINDRICAL_SURFACE('',#10060,150.);
#10062=ORIENTED_EDGE('',*,*,#4663,.F.);
#10063=ORIENTED_EDGE('',*,*,#4830,.F.);
#10064=ORIENTED_EDGE('',*,*,#4729,.T.);
#10065=ORIENTED_EDGE('',*,*,#2554,.T.);
#10066=EDGE_LOOP('',(#10062,#10063,#10064,#10065));
#10067=FACE_BOUND('',#10066,.T.);
#10068=ADVANCED_FACE('',(#10067),#10061,.F.);
#10069=CARTESIAN_POINT('',(77.5,-43.875109611,-140.));
#10070=DIRECTION('',(-1.,0.,0.));
#10071=DIRECTION('',(-0.,-1.,0.));
#10072=AXIS2_PLACEMENT_3D('',#10069,#10070,#10071);
#10073=CYLINDRICAL_SURFACE('',#10072,150.);
#10074=ORIENTED_EDGE('',*,*,#4896,.F.);
#10075=ORIENTED_EDGE('',*,*,#5063,.F.);
#10076=ORIENTED_EDGE('',*,*,#4962,.T.);
#10077=ORIENTED_EDGE('',*,*,#2420,.T.);
#10078=EDGE_LOOP('',(#10074,#10075,#10076,#10077));
#10079=FACE_BOUND('',#10078,.T.);
#10080=ADVANCED_FACE('',(#10079),#10073,.F.);
#10081=CARTESIAN_POINT('',(67.5,-43.875109611,-140.));
#10082=DIRECTION('',(-1.,0.,0.));
#10083=DIRECTION('',(-0.,-1.,0.));
#10084=AXIS2_PLACEMENT_3D('',#10081,#10082,#10083);
#10085=CYLINDRICAL_SURFACE('',#10084,150.);
#10086=ORIENTED_EDGE('',*,*,#5129,.F.);
#10087=ORIENTED_EDGE('',*,*,#5296,.F.);
#10088=ORIENTED_EDGE('',*,*,#5195,.T.);
#10089=ORIENTED_EDGE('',*,*,#2286,.T.);
#10090=EDGE_LOOP('',(#10086,#10087,#10088,#10089));
#10091=FACE_BOUND('',#10090,.T.);
#10092=ADVANCED_FACE('',(#10091),#10085,.F.);
#10093=CARTESIAN_POINT('',(57.5,-43.875109611,-140.));
#10094=DIRECTION('',(-1.,0.,0.));
#10095=DIRECTION('',(-0.,-1.,0.));
#10096=AXIS2_PLACEMENT_3D('',#10093,#10094,#10095);
#10097=CYLINDRICAL_SURFACE('',#10096,150.);
#10098=ORIENTED_EDGE('',*,*,#5362,.F.);
#10099=ORIENTED_EDGE('',*,*,#5529,.F.);
#10100=ORIENTED_EDGE('',*,*,#5428,.T.);
#10101=ORIENTED_EDGE('',*,*,#2206,.T.);
#10102=EDGE_LOOP('',(#10098,#10099,#10100,#10101));
#10103=FACE_BOUND('',#10102,.T.);
#10104=ADVANCED_FACE('',(#10103),#10097,.F.);
#10105=CARTESIAN_POINT('',(47.5,-43.875109611,-140.));
#10106=DIRECTION('',(-1.,0.,0.));
#10107=DIRECTION('',(-0.,-1.,0.));
#10108=AXIS2_PLACEMENT_3D('',#10105,#10106,#10107);
#10109=CYLINDRICAL_SURFACE('',#10108,150.);
#10110=ORIENTED_EDGE('',*,*,#5595,.F.);
#10111=ORIENTED_EDGE('',*,*,#5762,.F.);
#10112=ORIENTED_EDGE('',*,*,#5661,.T.);
#10113=ORIENTED_EDGE('',*,*,#2072,.T.);
#10114=EDGE_LOOP('',(#10110,#10111,#10112,#10113));
#10115=FACE_BOUND('',#10114,.T.);
#10116=ADVANCED_FACE('',(#10115),#10109,.F.);
#10117=CARTESIAN_POINT('',(37.5,-43.875109611,-140.));
#10118=DIRECTION('',(-1.,0.,0.));
#10119=DIRECTION('',(-0.,-1.,0.));
#10120=AXIS2_PLACEMENT_3D('',#10117,#10118,#10119);
#10121=CYLINDRICAL_SURFACE('',#10120,150.);
#10122=ORIENTED_EDGE('',*,*,#5828,.F.);
#10123=ORIENTED_EDGE('',*,*,#5995,.F.);
#10124=ORIENTED_EDGE('',*,*,#5894,.T.);
#10125=ORIENTED_EDGE('',*,*,#1938,.T.);
#10126=EDGE_LOOP('',(#10122,#10123,#10124,#10125));
#10127=FACE_BOUND('',#10126,.T.);
#10128=ADVANCED_FACE('',(#10127),#10121,.F.);
#10129=CARTESIAN_POINT('',(27.5,-43.875109611,-140.));
#10130=DIRECTION('',(-1.,0.,0.));
#10131=DIRECTION('',(-0.,-1.,0.));
#10132=AXIS2_PLACEMENT_3D('',#10129,#10130,#10131);
#10133=CYLINDRICAL_SURFACE('',#10132,150.);
#10134=ORIENTED_EDGE('',*,*,#6061,.F.);
#10135=ORIENTED_EDGE('',*,*,#6228,.F.);
#10136=ORIENTED_EDGE('',*,*,#6127,.T.);
#10137=ORIENTED_EDGE('',*,*,#1804,.T.);
#10138=EDGE_LOOP('',(#10134,#10135,#10136,#10137));
#10139=FACE_BOUND('',#10138,.T.);
#10140=ADVANCED_FACE('',(#10139),#10133,.F.);
#10141=CARTESIAN_POINT('',(17.5,-43.875109611,-140.));
#10142=DIRECTION('',(-1.,0.,0.));
#10143=DIRECTION('',(-0.,-1.,0.));
#10144=AXIS2_PLACEMENT_3D('',#10141,#10142,#10143);
#10145=CYLINDRICAL_SURFACE('',#10144,150.);
#10146=ORIENTED_EDGE('',*,*,#6294,.F.);
#10147=ORIENTED_EDGE('',*,*,#6461,.F.);
#10148=ORIENTED_EDGE('',*,*,#6360,.T.);
#10149=ORIENTED_EDGE('',*,*,#1670,.T.);
#10150=EDGE_LOOP('',(#10146,#10147,#10148,#10149));
#10151=FACE_BOUND('',#10150,.T.);
#10152=ADVANCED_FACE('',(#10151),#10145,.F.);
#10153=CARTESIAN_POINT('',(7.5,-43.875109611,-140.));
#10154=DIRECTION('',(-1.,0.,0.));
#10155=DIRECTION('',(-0.,-1.,0.));
#10156=AXIS2_PLACEMENT_3D('',#10153,#10154,#10155);
#10157=CYLINDRICAL_SURFACE('',#10156,150.);
#10158=ORIENTED_EDGE('',*,*,#6527,.F.);
#10159=ORIENTED_EDGE('',*,*,#6694,.F.);
#10160=ORIENTED_EDGE('',*,*,#6593,.T.);
#10161=ORIENTED_EDGE('',*,*,#1536,.T.);
#10162=EDGE_LOOP('',(#10158,#10159,#10160,#10161));
#10163=FACE_BOUND('',#10162,.T.);
#10164=ADVANCED_FACE('',(#10163),#10157,.F.);
#10165=CARTESIAN_POINT('',(-2.5,-43.875109611,-140.));
#10166=DIRECTION('',(-1.,0.,0.));
#10167=DIRECTION('',(-0.,-1.,0.));
#10168=AXIS2_PLACEMENT_3D('',#10165,#10166,#10167);
#10169=CYLINDRICAL_SURFACE('',#10168,150.);
#10170=ORIENTED_EDGE('',*,*,#6760,.F.);
#10171=ORIENTED_EDGE('',*,*,#6927,.F.);
#10172=ORIENTED_EDGE('',*,*,#6826,.T.);
#10173=ORIENTED_EDGE('',*,*,#1402,.T.);
#10174=EDGE_LOOP('',(#10170,#10171,#10172,#10173));
#10175=FACE_BOUND('',#10174,.T.);
#10176=ADVANCED_FACE('',(#10175),#10169,.F.);
#10177=CARTESIAN_POINT('',(-12.5,-43.875109611,-140.));
#10178=DIRECTION('',(-1.,0.,0.));
#10179=DIRECTION('',(-0.,-1.,0.));
#10180=AXIS2_PLACEMENT_3D('',#10177,#10178,#10179);
#10181=CYLINDRICAL_SURFACE('',#10180,150.);
#10182=ORIENTED_EDGE('',*,*,#6993,.F.);
#10183=ORIENTED_EDGE('',*,*,#7160,.F.);
#10184=ORIENTED_EDGE('',*,*,#7059,.T.);
#10185=ORIENTED_EDGE('',*,*,#1322,.T.);
#10186=EDGE_LOOP('',(#10182,#10183,#10184,#10185));
#10187=FACE_BOUND('',#10186,.T.);
#10188=ADVANCED_FACE('',(#10187),#10181,.F.);
#10189=CARTESIAN_POINT('',(-22.5,-43.875109611,-140.));
#10190=DIRECTION('',(-1.,0.,0.));
#10191=DIRECTION('',(-0.,-1.,0.));
#10192=AXIS2_PLACEMENT_3D('',#10189,#10190,#10191);
#10193=CYLINDRICAL_SURFACE('',#10192,150.);
#10194=ORIENTED_EDGE('',*,*,#7226,.F.);
#10195=ORIENTED_EDGE('',*,*,#7393,.F.);
#10196=ORIENTED_EDGE('',*,*,#7292,.T.);
#10197=ORIENTED_EDGE('',*,*,#1188,.T.);
#10198=EDGE_LOOP('',(#10194,#10195,#10196,#10197));
#10199=FACE_BOUND('',#10198,.T.);
#10200=ADVANCED_FACE('',(#10199),#10193,.F.);
#10201=CARTESIAN_POINT('',(-32.5,-43.875109611,-140.));
#10202=DIRECTION('',(-1.,0.,0.));
#10203=DIRECTION('',(-0.,-1.,0.));
#10204=AXIS2_PLACEMENT_3D('',#10201,#10202,#10203);
#10205=CYLINDRICAL_SURFACE('',#10204,150.);
#10206=ORIENTED_EDGE('',*,*,#7459,.F.);
#10207=ORIENTED_EDGE('',*,*,#7626,.F.);
#10208=ORIENTED_EDGE('',*,*,#7525,.T.);
#10209=ORIENTED_EDGE('',*,*,#1054,.T.);
#10210=EDGE_LOOP('',(#10206,#10207,#10208,#10209));
#10211=FACE_BOUND('',#10210,.T.);
#10212=ADVANCED_FACE('',(#10211),#10205,.F.);
#10213=CARTESIAN_POINT('',(-42.5,-43.875109611,-140.));
#10214=DIRECTION('',(-1.,0.,0.));
#10215=DIRECTION('',(-0.,-1.,0.));
#10216=AXIS2_PLACEMENT_3D('',#10213,#10214,#10215);
#10217=CYLINDRICAL_SURFACE('',#10216,150.);
#10218=ORIENTED_EDGE('',*,*,#7692,.F.);
#10219=ORIENTED_EDGE('',*,*,#7859,.F.);
#10220=ORIENTED_EDGE('',*,*,#7758,.T.);
#10221=ORIENTED_EDGE('',*,*,#974,.T.);
#10222=EDGE_LOOP('',(#10218,#10219,#10220,#10221));
#10223=FACE_BOUND('',#10222,.T.);
#10224=ADVANCED_FACE('',(#10223),#10217,.F.);
#10225=CARTESIAN_POINT('',(-52.5,-43.875109611,-140.));
#10226=DIRECTION('',(-1.,0.,0.));
#10227=DIRECTION('',(-0.,-1.,0.));
#10228=AXIS2_PLACEMENT_3D('',#10225,#10226,#10227);
#10229=CYLINDRICAL_SURFACE('',#10228,150.);
#10230=ORIENTED_EDGE('',*,*,#7925,.F.);
#10231=ORIENTED_EDGE('',*,*,#8092,.F.);
#10232=ORIENTED_EDGE('',*,*,#7991,.T.);
#10233=ORIENTED_EDGE('',*,*,#840,.T.);
#10234=EDGE_LOOP('',(#10230,#10231,#10232,#10233));
#10235=FACE_BOUND('',#10234,.T.);
#10236=ADVANCED_FACE('',(#10235),#10229,.F.);
#10237=CARTESIAN_POINT('',(-62.5,-43.875109611,-140.));
#10238=DIRECTION('',(-1.,0.,0.));
#10239=DIRECTION('',(-0.,-1.,0.));
#10240=AXIS2_PLACEMENT_3D('',#10237,#10238,#10239);
#10241=CYLINDRICAL_SURFACE('',#10240,150.);
#10242=ORIENTED_EDGE('',*,*,#8158,.F.);
#10243=ORIENTED_EDGE('',*,*,#8325,.F.);
#10244=ORIENTED_EDGE('',*,*,#8224,.T.);
#10245=ORIENTED_EDGE('',*,*,#760,.T.);
#10246=EDGE_LOOP('',(#10242,#10243,#10244,#10245));
#10247=FACE_BOUND('',#10246,.T.);
#10248=ADVANCED_FACE('',(#10247),#10241,.F.);
#10249=CARTESIAN_POINT('',(-72.5,-43.875109611,-140.));
#10250=DIRECTION('',(-1.,0.,0.));
#10251=DIRECTION('',(-0.,-1.,0.));
#10252=AXIS2_PLACEMENT_3D('',#10249,#10250,#10251);
#10253=CYLINDRICAL_SURFACE('',#10252,150.);
#10254=ORIENTED_EDGE('',*,*,#8391,.F.);
#10255=ORIENTED_EDGE('',*,*,#8558,.F.);
#10256=ORIENTED_EDGE('',*,*,#8457,.T.);
#10257=ORIENTED_EDGE('',*,*,#626,.T.);
#10258=EDGE_LOOP('',(#10254,#10255,#10256,#10257));
#10259=FACE_BOUND('',#10258,.T.);
#10260=ADVANCED_FACE('',(#10259),#10253,.F.);
#10261=CARTESIAN_POINT('',(-82.5,-43.875109611,-140.));
#10262=DIRECTION('',(-1.,0.,0.));
#10263=DIRECTION('',(-0.,-1.,0.));
#10264=AXIS2_PLACEMENT_3D('',#10261,#10262,#10263);
#10265=CYLINDRICAL_SURFACE('',#10264,150.);
#10266=ORIENTED_EDGE('',*,*,#8624,.F.);
#10267=ORIENTED_EDGE('',*,*,#8791,.F.);
#10268=ORIENTED_EDGE('',*,*,#8690,.T.);
#10269=ORIENTED_EDGE('',*,*,#546,.T.);
#10270=EDGE_LOOP('',(#10266,#10267,#10268,#10269));
#10271=FACE_BOUND('',#10270,.T.);
#10272=ADVANCED_FACE('',(#10271),#10265,.F.);
#10273=CARTESIAN_POINT('',(-92.5,-43.875109611,-140.));
#10274=DIRECTION('',(-1.,0.,0.));
#10275=DIRECTION('',(-0.,-1.,0.));
#10276=AXIS2_PLACEMENT_3D('',#10273,#10274,#10275);
#10277=CYLINDRICAL_SURFACE('',#10276,150.);
#10278=ORIENTED_EDGE('',*,*,#8857,.F.);
#10279=ORIENTED_EDGE('',*,*,#9024,.F.);
#10280=ORIENTED_EDGE('',*,*,#8923,.T.);
#10281=ORIENTED_EDGE('',*,*,#412,.T.);
#10282=EDGE_LOOP('',(#10278,#10279,#10280,#10281));
#10283=FACE_BOUND('',#10282,.T.);
#10284=ADVANCED_FACE('',(#10283),#10277,.F.);
#10285=CARTESIAN_POINT('',(35.,76.579953528,85.613442794));
#10286=DIRECTION('',(-0.,-0.382683432,0.923879533));
#10287=DIRECTION('',(0.,-0.923879533,-0.382683432));
#10288=AXIS2_PLACEMENT_3D('',#10285,#10286,#10287);
#10289=CYLINDRICAL_SURFACE('',#10288,2.5);
#10290=ORIENTED_EDGE('',*,*,#9202,.T.);
#10291=CARTESIAN_POINT('',(35.,78.493370689,80.994045131));
#10292=DIRECTION('',(-0.,-0.382683432,-0.923879533));
#10293=DIRECTION('',(-0.,-0.923879533,0.382683432));
#10294=AXIS2_PLACEMENT_3D('',#10291,#10292,#10293);
#10295=ELLIPSE('',#10294,3.535533906,2.5);
#10296=EDGE_CURVE('',#9197,#5939,#10295,.T.);
#10297=ORIENTED_EDGE('',*,*,#10296,.T.);
#10298=ORIENTED_EDGE('',*,*,#5944,.F.);
#10299=ORIENTED_EDGE('',*,*,#3528,.F.);
#10300=EDGE_LOOP('',(#10290,#10297,#10298,#10299));
#10301=FACE_BOUND('',#10300,.T.);
#10302=ADVANCED_FACE('',(#10301),#10289,.F.);
#10303=CARTESIAN_POINT('',(35.,-107.150261781,4.097934794));
#10304=DIRECTION('',(0.,0.923879533,0.382683432));
#10305=DIRECTION('',(0.,-0.382683432,0.923879533));
#10306=AXIS2_PLACEMENT_3D('',#10303,#10304,#10305);
#10307=CYLINDRICAL_SURFACE('',#10306,2.5);
#10308=ORIENTED_EDGE('',*,*,#9225,.T.);
#10309=ORIENTED_EDGE('',*,*,#2001,.F.);
#10310=ORIENTED_EDGE('',*,*,#5950,.F.);
#10311=ORIENTED_EDGE('',*,*,#10296,.F.);
#10312=EDGE_LOOP('',(#10308,#10309,#10310,#10311));
#10313=FACE_BOUND('',#10312,.T.);
#10314=ADVANCED_FACE('',(#10313),#10307,.F.);
#10315=CARTESIAN_POINT('',(-75.,-107.150261781,4.097934794));
#10316=DIRECTION('',(0.,0.923879533,0.382683432));
#10317=DIRECTION('',(0.,-0.382683432,0.923879533));
#10318=AXIS2_PLACEMENT_3D('',#10315,#10316,#10317);
#10319=CYLINDRICAL_SURFACE('',#10318,2.5);
#10320=ORIENTED_EDGE('',*,*,#9269,.T.);
#10321=ORIENTED_EDGE('',*,*,#689,.F.);
#10322=ORIENTED_EDGE('',*,*,#8513,.F.);
#10323=ORIENTED_EDGE('',*,*,#9254,.T.);
#10324=EDGE_LOOP('',(#10320,#10321,#10322,#10323));
#10325=FACE_BOUND('',#10324,.T.);
#10326=ADVANCED_FACE('',(#10325),#10319,.F.);
#10327=CARTESIAN_POINT('',(-55.,76.579953528,85.613442794));
#10328=DIRECTION('',(-0.,-0.382683432,0.923879533));
#10329=DIRECTION('',(0.,-0.923879533,-0.382683432));
#10330=AXIS2_PLACEMENT_3D('',#10327,#10328,#10329);
#10331=CYLINDRICAL_SURFACE('',#10330,2.5);
#10332=ORIENTED_EDGE('',*,*,#9288,.T.);
#10333=CARTESIAN_POINT('',(-55.,78.493370689,80.994045131));
#10334=DIRECTION('',(-0.,-0.382683432,-0.923879533));
#10335=DIRECTION('',(-0.,-0.923879533,0.382683432));
#10336=AXIS2_PLACEMENT_3D('',#10333,#10334,#10335);
#10337=ELLIPSE('',#10336,3.535533906,2.5);
#10338=EDGE_CURVE('',#9283,#8036,#10337,.T.);
#10339=ORIENTED_EDGE('',*,*,#10338,.T.);
#10340=ORIENTED_EDGE('',*,*,#8041,.F.);
#10341=ORIENTED_EDGE('',*,*,#3879,.F.);
#10342=EDGE_LOOP('',(#10332,#10339,#10340,#10341));
#10343=FACE_BOUND('',#10342,.T.);
#10344=ADVANCED_FACE('',(#10343),#10331,.F.);
#10345=CARTESIAN_POINT('',(-55.,-107.150261781,4.097934794));
#10346=DIRECTION('',(0.,0.923879533,0.382683432));
#10347=DIRECTION('',(0.,-0.382683432,0.923879533));
#10348=AXIS2_PLACEMENT_3D('',#10345,#10346,#10347);
#10349=CYLINDRICAL_SURFACE('',#10348,2.5);
#10350=ORIENTED_EDGE('',*,*,#9311,.T.);
#10351=ORIENTED_EDGE('',*,*,#903,.F.);
#10352=ORIENTED_EDGE('',*,*,#8047,.F.);
#10353=ORIENTED_EDGE('',*,*,#10338,.F.);
#10354=EDGE_LOOP('',(#10350,#10351,#10352,#10353));
#10355=FACE_BOUND('',#10354,.T.);
#10356=ADVANCED_FACE('',(#10355),#10349,.F.);
#10357=CARTESIAN_POINT('',(-105.,-107.150261781,4.097934794));
#10358=DIRECTION('',(0.,0.923879533,0.382683432));
#10359=DIRECTION('',(0.,-0.382683432,0.923879533));
#10360=AXIS2_PLACEMENT_3D('',#10357,#10358,#10359);
#10361=CYLINDRICAL_SURFACE('',#10360,2.5);
#10362=ORIENTED_EDGE('',*,*,#9355,.T.);
#10363=ORIENTED_EDGE('',*,*,#341,.F.);
#10364=ORIENTED_EDGE('',*,*,#167,.F.);
#10365=ORIENTED_EDGE('',*,*,#9340,.T.);
#10366=EDGE_LOOP('',(#10362,#10363,#10364,#10365));
#10367=FACE_BOUND('',#10366,.T.);
#10368=ADVANCED_FACE('',(#10367),#10361,.F.);
#10369=CARTESIAN_POINT('',(105.,76.579953528,85.613442794));
#10370=DIRECTION('',(-0.,-0.382683432,0.923879533));
#10371=DIRECTION('',(0.,-0.923879533,-0.382683432));
#10372=AXIS2_PLACEMENT_3D('',#10369,#10370,#10371);
#10373=CYLINDRICAL_SURFACE('',#10372,2.5);
#10374=ORIENTED_EDGE('',*,*,#9404,.T.);
#10375=CARTESIAN_POINT('',(105.,78.493370689,80.994045131));
#10376=DIRECTION('',(-0.,-0.382683432,-0.923879533));
#10377=DIRECTION('',(-0.,-0.923879533,0.382683432));
#10378=AXIS2_PLACEMENT_3D('',#10375,#10376,#10377);
#10379=ELLIPSE('',#10378,3.535533906,2.5);
#10380=EDGE_CURVE('',#9399,#4308,#10379,.T.);
#10381=ORIENTED_EDGE('',*,*,#10380,.T.);
#10382=ORIENTED_EDGE('',*,*,#4313,.F.);
#10383=ORIENTED_EDGE('',*,*,#3261,.F.);
#10384=EDGE_LOOP('',(#10374,#10381,#10382,#10383));
#10385=FACE_BOUND('',#10384,.T.);
#10386=ADVANCED_FACE('',(#10385),#10373,.F.);
#10387=CARTESIAN_POINT('',(105.,-107.150261781,4.097934794));
#10388=DIRECTION('',(0.,0.923879533,0.382683432));
#10389=DIRECTION('',(0.,-0.382683432,0.923879533));
#10390=AXIS2_PLACEMENT_3D('',#10387,#10388,#10389);
#10391=CYLINDRICAL_SURFACE('',#10390,2.5);
#10392=ORIENTED_EDGE('',*,*,#9427,.T.);
#10393=ORIENTED_EDGE('',*,*,#2831,.F.);
#10394=ORIENTED_EDGE('',*,*,#4319,.F.);
#10395=ORIENTED_EDGE('',*,*,#10380,.F.);
#10396=EDGE_LOOP('',(#10392,#10393,#10394,#10395));
#10397=FACE_BOUND('',#10396,.T.);
#10398=ADVANCED_FACE('',(#10397),#10391,.F.);
#10399=CARTESIAN_POINT('',(65.,76.579953528,85.613442794));
#10400=DIRECTION('',(-0.,-0.382683432,0.923879533));
#10401=DIRECTION('',(0.,-0.923879533,-0.382683432));
#10402=AXIS2_PLACEMENT_3D('',#10399,#10400,#10401);
#10403=CYLINDRICAL_SURFACE('',#10402,2.5);
#10404=ORIENTED_EDGE('',*,*,#9446,.T.);
#10405=CARTESIAN_POINT('',(65.,78.493370689,80.994045131));
#10406=DIRECTION('',(-0.,-0.382683432,-0.923879533));
#10407=DIRECTION('',(-0.,-0.923879533,0.382683432));
#10408=AXIS2_PLACEMENT_3D('',#10405,#10406,#10407);
#10409=ELLIPSE('',#10408,3.535533906,2.5);
#10410=EDGE_CURVE('',#9441,#5240,#10409,.T.);
#10411=ORIENTED_EDGE('',*,*,#10410,.T.);
#10412=ORIENTED_EDGE('',*,*,#5245,.F.);
#10413=ORIENTED_EDGE('',*,*,#3411,.F.);
#10414=EDGE_LOOP('',(#10404,#10411,#10412,#10413));
#10415=FACE_BOUND('',#10414,.T.);
#10416=ADVANCED_FACE('',(#10415),#10403,.F.);
#10417=CARTESIAN_POINT('',(65.,-107.150261781,4.097934794));
#10418=DIRECTION('',(0.,0.923879533,0.382683432));
#10419=DIRECTION('',(0.,-0.382683432,0.923879533));
#10420=AXIS2_PLACEMENT_3D('',#10417,#10418,#10419);
#10421=CYLINDRICAL_SURFACE('',#10420,2.5);
#10422=ORIENTED_EDGE('',*,*,#9469,.T.);
#10423=ORIENTED_EDGE('',*,*,#2349,.F.);
#10424=ORIENTED_EDGE('',*,*,#5251,.F.);
#10425=ORIENTED_EDGE('',*,*,#10410,.F.);
#10426=EDGE_LOOP('',(#10422,#10423,#10424,#10425));
#10427=FACE_BOUND('',#10426,.T.);
#10428=ADVANCED_FACE('',(#10427),#10421,.F.);
#10429=CARTESIAN_POINT('',(85.,-107.150261781,4.097934794));
#10430=DIRECTION('',(0.,0.923879533,0.382683432));
#10431=DIRECTION('',(0.,-0.382683432,0.923879533));
#10432=AXIS2_PLACEMENT_3D('',#10429,#10430,#10431);
#10433=CYLINDRICAL_SURFACE('',#10432,2.5);
#10434=ORIENTED_EDGE('',*,*,#9513,.T.);
#10435=ORIENTED_EDGE('',*,*,#2617,.F.);
#10436=ORIENTED_EDGE('',*,*,#4785,.F.);
#10437=ORIENTED_EDGE('',*,*,#9498,.T.);
#10438=EDGE_LOOP('',(#10434,#10435,#10436,#10437));
#10439=FACE_BOUND('',#10438,.T.);
#10440=ADVANCED_FACE('',(#10439),#10433,.F.);
#10441=CARTESIAN_POINT('',(25.,76.579953528,85.613442794));
#10442=DIRECTION('',(-0.,-0.382683432,0.923879533));
#10443=DIRECTION('',(0.,-0.923879533,-0.382683432));
#10444=AXIS2_PLACEMENT_3D('',#10441,#10442,#10443);
#10445=CYLINDRICAL_SURFACE('',#10444,2.5);
#10446=ORIENTED_EDGE('',*,*,#9532,.T.);
#10447=CARTESIAN_POINT('',(25.,78.493370689,80.994045131));
#10448=DIRECTION('',(-0.,-0.382683432,-0.923879533));
#10449=DIRECTION('',(-0.,-0.923879533,0.382683432));
#10450=AXIS2_PLACEMENT_3D('',#10447,#10448,#10449);
#10451=ELLIPSE('',#10450,3.535533906,2.5);
#10452=EDGE_CURVE('',#9527,#6172,#10451,.T.);
#10453=ORIENTED_EDGE('',*,*,#10452,.T.);
#10454=ORIENTED_EDGE('',*,*,#6177,.F.);
#10455=ORIENTED_EDGE('',*,*,#3570,.F.);
#10456=EDGE_LOOP('',(#10446,#10453,#10454,#10455));
#10457=FACE_BOUND('',#10456,.T.);
#10458=ADVANCED_FACE('',(#10457),#10445,.F.);
#10459=CARTESIAN_POINT('',(25.,-107.150261781,4.097934794));
#10460=DIRECTION('',(0.,0.923879533,0.382683432));
#10461=DIRECTION('',(0.,-0.382683432,0.923879533));
#10462=AXIS2_PLACEMENT_3D('',#10459,#10460,#10461);
#10463=CYLINDRICAL_SURFACE('',#10462,2.5);
#10464=ORIENTED_EDGE('',*,*,#9555,.T.);
#10465=ORIENTED_EDGE('',*,*,#1867,.F.);
#10466=ORIENTED_EDGE('',*,*,#6183,.F.);
#10467=ORIENTED_EDGE('',*,*,#10452,.F.);
#10468=EDGE_LOOP('',(#10464,#10465,#10466,#10467));
#10469=FACE_BOUND('',#10468,.T.);
#10470=ADVANCED_FACE('',(#10469),#10463,.F.);
#10471=CARTESIAN_POINT('',(-5.,-107.150261781,4.097934794));
#10472=DIRECTION('',(0.,0.923879533,0.382683432));
#10473=DIRECTION('',(0.,-0.382683432,0.923879533));
#10474=AXIS2_PLACEMENT_3D('',#10471,#10472,#10473);
#10475=CYLINDRICAL_SURFACE('',#10474,2.5);
#10476=ORIENTED_EDGE('',*,*,#9599,.T.);
#10477=ORIENTED_EDGE('',*,*,#1465,.F.);
#10478=ORIENTED_EDGE('',*,*,#6882,.F.);
#10479=ORIENTED_EDGE('',*,*,#9584,.T.);
#10480=EDGE_LOOP('',(#10476,#10477,#10478,#10479));
#10481=FACE_BOUND('',#10480,.T.);
#10482=ADVANCED_FACE('',(#10481),#10475,.F.);
#10483=CARTESIAN_POINT('',(-95.,76.579953528,85.613442794));
#10484=DIRECTION('',(-0.,-0.382683432,0.923879533));
#10485=DIRECTION('',(0.,-0.923879533,-0.382683432));
#10486=AXIS2_PLACEMENT_3D('',#10483,#10484,#10485);
#10487=CYLINDRICAL_SURFACE('',#10486,2.5);
#10488=ORIENTED_EDGE('',*,*,#9618,.T.);
#10489=CARTESIAN_POINT('',(-95.,78.493370689,80.994045131));
#10490=DIRECTION('',(-0.,-0.382683432,-0.923879533));
#10491=DIRECTION('',(-0.,-0.923879533,0.382683432));
#10492=AXIS2_PLACEMENT_3D('',#10489,#10490,#10491);
#10493=ELLIPSE('',#10492,3.535533906,2.5);
#10494=EDGE_CURVE('',#9613,#8968,#10493,.T.);
#10495=ORIENTED_EDGE('',*,*,#10494,.T.);
#10496=ORIENTED_EDGE('',*,*,#8973,.F.);
#10497=ORIENTED_EDGE('',*,*,#4020,.F.);
#10498=EDGE_LOOP('',(#10488,#10495,#10496,#10497));
#10499=FACE_BOUND('',#10498,.T.);
#10500=ADVANCED_FACE('',(#10499),#10487,.F.);
#10501=CARTESIAN_POINT('',(-95.,-107.150261781,4.097934794));
#10502=DIRECTION('',(0.,0.923879533,0.382683432));
#10503=DIRECTION('',(0.,-0.382683432,0.923879533));
#10504=AXIS2_PLACEMENT_3D('',#10501,#10502,#10503);
#10505=CYLINDRICAL_SURFACE('',#10504,2.5);
#10506=ORIENTED_EDGE('',*,*,#9641,.T.);
#10507=ORIENTED_EDGE('',*,*,#475,.F.);
#10508=ORIENTED_EDGE('',*,*,#8979,.F.);
#10509=ORIENTED_EDGE('',*,*,#10494,.F.);
#10510=EDGE_LOOP('',(#10506,#10507,#10508,#10509));
#10511=FACE_BOUND('',#10510,.T.);
#10512=ADVANCED_FACE('',(#10511),#10505,.F.);
#10513=CARTESIAN_POINT('',(-35.,76.579953528,85.613442794));
#10514=DIRECTION('',(-0.,-0.382683432,0.923879533));
#10515=DIRECTION('',(0.,-0.923879533,-0.382683432));
#10516=AXIS2_PLACEMENT_3D('',#10513,#10514,#10515);
#10517=CYLINDRICAL_SURFACE('',#10516,2.5);
#10518=ORIENTED_EDGE('',*,*,#9660,.T.);
#10519=CARTESIAN_POINT('',(-35.,78.493370689,80.994045131));
#10520=DIRECTION('',(-0.,-0.382683432,-0.923879533));
#10521=DIRECTION('',(-0.,-0.923879533,0.382683432));
#10522=AXIS2_PLACEMENT_3D('',#10519,#10520,#10521);
#10523=ELLIPSE('',#10522,3.535533906,2.5);
#10524=EDGE_CURVE('',#9655,#7570,#10523,.T.);
#10525=ORIENTED_EDGE('',*,*,#10524,.T.);
#10526=ORIENTED_EDGE('',*,*,#7575,.F.);
#10527=ORIENTED_EDGE('',*,*,#3804,.F.);
#10528=EDGE_LOOP('',(#10518,#10525,#10526,#10527));
#10529=FACE_BOUND('',#10528,.T.);
#10530=ADVANCED_FACE('',(#10529),#10517,.F.);
#10531=CARTESIAN_POINT('',(-35.,-107.150261781,4.097934794));
#10532=DIRECTION('',(0.,0.923879533,0.382683432));
#10533=DIRECTION('',(0.,-0.382683432,0.923879533));
#10534=AXIS2_PLACEMENT_3D('',#10531,#10532,#10533);
#10535=CYLINDRICAL_SURFACE('',#10534,2.5);
#10536=ORIENTED_EDGE('',*,*,#9683,.T.);
#10537=ORIENTED_EDGE('',*,*,#1117,.F.);
#10538=ORIENTED_EDGE('',*,*,#7581,.F.);
#10539=ORIENTED_EDGE('',*,*,#10524,.F.);
#10540=EDGE_LOOP('',(#10536,#10537,#10538,#10539));
#10541=FACE_BOUND('',#10540,.T.);
#10542=ADVANCED_FACE('',(#10541),#10535,.F.);
#10543=CARTESIAN_POINT('',(15.,76.579953528,85.613442794));
#10544=DIRECTION('',(-0.,-0.382683432,0.923879533));
#10545=DIRECTION('',(0.,-0.923879533,-0.382683432));
#10546=AXIS2_PLACEMENT_3D('',#10543,#10544,#10545);
#10547=CYLINDRICAL_SURFACE('',#10546,2.5);
#10548=ORIENTED_EDGE('',*,*,#9702,.T.);
#10549=CARTESIAN_POINT('',(15.,78.493370689,80.994045131));
#10550=DIRECTION('',(-0.,-0.382683432,-0.923879533));
#10551=DIRECTION('',(-0.,-0.923879533,0.382683432));
#10552=AXIS2_PLACEMENT_3D('',#10549,#10550,#10551);
#10553=ELLIPSE('',#10552,3.535533906,2.5);
#10554=EDGE_CURVE('',#9697,#6405,#10553,.T.);
#10555=ORIENTED_EDGE('',*,*,#10554,.T.);
#10556=ORIENTED_EDGE('',*,*,#6410,.F.);
#10557=ORIENTED_EDGE('',*,*,#3612,.F.);
#10558=EDGE_LOOP('',(#10548,#10555,#10556,#10557));
#10559=FACE_BOUND('',#10558,.T.);
#10560=ADVANCED_FACE('',(#10559),#10547,.F.);
#10561=CARTESIAN_POINT('',(15.,-107.150261781,4.097934794));
#10562=DIRECTION('',(0.,0.923879533,0.382683432));
#10563=DIRECTION('',(0.,-0.382683432,0.923879533));
#10564=AXIS2_PLACEMENT_3D('',#10561,#10562,#10563);
#10565=CYLINDRICAL_SURFACE('',#10564,2.5);
#10566=ORIENTED_EDGE('',*,*,#9725,.T.);
#10567=ORIENTED_EDGE('',*,*,#1733,.F.);
#10568=ORIENTED_EDGE('',*,*,#6416,.F.);
#10569=ORIENTED_EDGE('',*,*,#10554,.F.);
#10570=EDGE_LOOP('',(#10566,#10567,#10568,#10569));
#10571=FACE_BOUND('',#10570,.T.);
#10572=ADVANCED_FACE('',(#10571),#10565,.F.);
#10573=CARTESIAN_POINT('',(75.,76.579953528,85.613442794));
#10574=DIRECTION('',(-0.,-0.382683432,0.923879533));
#10575=DIRECTION('',(0.,-0.923879533,-0.382683432));
#10576=AXIS2_PLACEMENT_3D('',#10573,#10574,#10575);
#10577=CYLINDRICAL_SURFACE('',#10576,2.5);
#10578=ORIENTED_EDGE('',*,*,#9774,.T.);
#10579=CARTESIAN_POINT('',(75.,78.493370689,80.994045131));
#10580=DIRECTION('',(-0.,-0.382683432,-0.923879533));
#10581=DIRECTION('',(-0.,-0.923879533,0.382683432));
#10582=AXIS2_PLACEMENT_3D('',#10579,#10580,#10581);
#10583=ELLIPSE('',#10582,3.535533906,2.5);
#10584=EDGE_CURVE('',#9769,#5007,#10583,.T.);
#10585=ORIENTED_EDGE('',*,*,#10584,.T.);
#10586=ORIENTED_EDGE('',*,*,#5012,.F.);
#10587=ORIENTED_EDGE('',*,*,#3369,.F.);
#10588=EDGE_LOOP('',(#10578,#10585,#10586,#10587));
#10589=FACE_BOUND('',#10588,.T.);
#10590=ADVANCED_FACE('',(#10589),#10577,.F.);
#10591=CARTESIAN_POINT('',(75.,-107.150261781,4.097934794));
#10592=DIRECTION('',(0.,0.923879533,0.382683432));
#10593=DIRECTION('',(0.,-0.382683432,0.923879533));
#10594=AXIS2_PLACEMENT_3D('',#10591,#10592,#10593);
#10595=CYLINDRICAL_SURFACE('',#10594,2.5);
#10596=ORIENTED_EDGE('',*,*,#9797,.T.);
#10597=ORIENTED_EDGE('',*,*,#2483,.F.);
#10598=ORIENTED_EDGE('',*,*,#5018,.F.);
#10599=ORIENTED_EDGE('',*,*,#10584,.F.);
#10600=EDGE_LOOP('',(#10596,#10597,#10598,#10599));
#10601=FACE_BOUND('',#10600,.T.);
#10602=ADVANCED_FACE('',(#10601),#10595,.F.);
#10603=CARTESIAN_POINT('',(45.,76.579953528,85.613442794));
#10604=DIRECTION('',(-0.,-0.382683432,0.923879533));
#10605=DIRECTION('',(0.,-0.923879533,-0.382683432));
#10606=AXIS2_PLACEMENT_3D('',#10603,#10604,#10605);
#10607=CYLINDRICAL_SURFACE('',#10606,2.5);
#10608=ORIENTED_EDGE('',*,*,#9816,.T.);
#10609=CARTESIAN_POINT('',(45.,78.493370689,80.994045131));
#10610=DIRECTION('',(-0.,-0.382683432,-0.923879533));
#10611=DIRECTION('',(-0.,-0.923879533,0.382683432));
#10612=AXIS2_PLACEMENT_3D('',#10609,#10610,#10611);
#10613=ELLIPSE('',#10612,3.535533906,2.5);
#10614=EDGE_CURVE('',#9811,#5706,#10613,.T.);
#10615=ORIENTED_EDGE('',*,*,#10614,.T.);
#10616=ORIENTED_EDGE('',*,*,#5711,.F.);
#10617=ORIENTED_EDGE('',*,*,#3486,.F.);
#10618=EDGE_LOOP('',(#10608,#10615,#10616,#10617));
#10619=FACE_BOUND('',#10618,.T.);
#10620=ADVANCED_FACE('',(#10619),#10607,.F.);
#10621=CARTESIAN_POINT('',(45.,-107.150261781,4.097934794));
#10622=DIRECTION('',(0.,0.923879533,0.382683432));
#10623=DIRECTION('',(0.,-0.382683432,0.923879533));
#10624=AXIS2_PLACEMENT_3D('',#10621,#10622,#10623);
#10625=CYLINDRICAL_SURFACE('',#10624,2.5);
#10626=ORIENTED_EDGE('',*,*,#9839,.T.);
#10627=ORIENTED_EDGE('',*,*,#2135,.F.);
#10628=ORIENTED_EDGE('',*,*,#5717,.F.);
#10629=ORIENTED_EDGE('',*,*,#10614,.F.);
#10630=EDGE_LOOP('',(#10626,#10627,#10628,#10629));
#10631=FACE_BOUND('',#10630,.T.);
#10632=ADVANCED_FACE('',(#10631),#10625,.F.);
#10633=CARTESIAN_POINT('',(5.,76.579953528,85.613442794));
#10634=DIRECTION('',(-0.,-0.382683432,0.923879533));
#10635=DIRECTION('',(0.,-0.923879533,-0.382683432));
#10636=AXIS2_PLACEMENT_3D('',#10633,#10634,#10635);
#10637=CYLINDRICAL_SURFACE('',#10636,2.5);
#10638=ORIENTED_EDGE('',*,*,#9858,.T.);
#10639=CARTESIAN_POINT('',(5.,78.493370689,80.994045131));
#10640=DIRECTION('',(-0.,-0.382683432,-0.923879533));
#10641=DIRECTION('',(-0.,-0.923879533,0.382683432));
#10642=AXIS2_PLACEMENT_3D('',#10639,#10640,#10641);
#10643=ELLIPSE('',#10642,3.535533906,2.5);
#10644=EDGE_CURVE('',#9853,#6638,#10643,.T.);
#10645=ORIENTED_EDGE('',*,*,#10644,.T.);
#10646=ORIENTED_EDGE('',*,*,#6643,.F.);
#10647=ORIENTED_EDGE('',*,*,#3654,.F.);
#10648=EDGE_LOOP('',(#10638,#10645,#10646,#10647));
#10649=FACE_BOUND('',#10648,.T.);
#10650=ADVANCED_FACE('',(#10649),#10637,.F.);
#10651=CARTESIAN_POINT('',(5.,-107.150261781,4.097934794));
#10652=DIRECTION('',(0.,0.923879533,0.382683432));
#10653=DIRECTION('',(0.,-0.382683432,0.923879533));
#10654=AXIS2_PLACEMENT_3D('',#10651,#10652,#10653);
#10655=CYLINDRICAL_SURFACE('',#10654,2.5);
#10656=ORIENTED_EDGE('',*,*,#9881,.T.);
#10657=ORIENTED_EDGE('',*,*,#1599,.F.);
#10658=ORIENTED_EDGE('',*,*,#6649,.F.);
#10659=ORIENTED_EDGE('',*,*,#10644,.F.);
#10660=EDGE_LOOP('',(#10656,#10657,#10658,#10659));
#10661=FACE_BOUND('',#10660,.T.);
#10662=ADVANCED_FACE('',(#10661),#10655,.F.);
#10663=CARTESIAN_POINT('',(-25.,76.579953528,85.613442794));
#10664=DIRECTION('',(-0.,-0.382683432,0.923879533));
#10665=DIRECTION('',(0.,-0.923879533,-0.382683432));
#10666=AXIS2_PLACEMENT_3D('',#10663,#10664,#10665);
#10667=CYLINDRICAL_SURFACE('',#10666,2.5);
#10668=ORIENTED_EDGE('',*,*,#9960,.T.);
#10669=CARTESIAN_POINT('',(-25.,78.493370689,80.994045131));
#10670=DIRECTION('',(-0.,-0.382683432,-0.923879533));
#10671=DIRECTION('',(-0.,-0.923879533,0.382683432));
#10672=AXIS2_PLACEMENT_3D('',#10669,#10670,#10671);
#10673=ELLIPSE('',#10672,3.535533906,2.5);
#10674=EDGE_CURVE('',#9955,#7337,#10673,.T.);
#10675=ORIENTED_EDGE('',*,*,#10674,.T.);
#10676=ORIENTED_EDGE('',*,*,#7342,.F.);
#10677=ORIENTED_EDGE('',*,*,#3762,.F.);
#10678=EDGE_LOOP('',(#10668,#10675,#10676,#10677));
#10679=FACE_BOUND('',#10678,.T.);
#10680=ADVANCED_FACE('',(#10679),#10667,.F.);
#10681=CARTESIAN_POINT('',(-25.,-107.150261781,4.097934794));
#10682=DIRECTION('',(0.,0.923879533,0.382683432));
#10683=DIRECTION('',(0.,-0.382683432,0.923879533));
#10684=AXIS2_PLACEMENT_3D('',#10681,#10682,#10683);
#10685=CYLINDRICAL_SURFACE('',#10684,2.5);
#10686=ORIENTED_EDGE('',*,*,#9983,.T.);
#10687=ORIENTED_EDGE('',*,*,#1251,.F.);
#10688=ORIENTED_EDGE('',*,*,#7348,.F.);
#10689=ORIENTED_EDGE('',*,*,#10674,.F.);
#10690=EDGE_LOOP('',(#10686,#10687,#10688,#10689));
#10691=FACE_BOUND('',#10690,.T.);
#10692=ADVANCED_FACE('',(#10691),#10685,.F.);
#10693=CLOSED_SHELL('',(#94,#178,#263,#2933,#2945,#3028,#3112,#3134,#3156,#3196,#3220,#3237,#4070,#4123,#4147,#4164,#4176,#4250,#4324,#4346,#4368,#4380,#4397,#4409,#4483,#4557,
#4579,#4601,#4613,#4630,#4642,#4716,#4790,#4812,#4834,#4846,#4863,#4875,#4949,#5023,#5045,#5067,#5079,#5096,#5108,#5182,#5256,#5278,#5300,#5312,#5329,
#5341,#5415,#5489,#5511,#5533,#5545,#5562,#5574,#5648,#5722,#5744,#5766,#5778,#5795,#5807,#5881,#5955,#5977,#5999,#6011,#6028,#6040,#6114,#6188,#6210,
#6232,#6244,#6261,#6273,#6347,#6421,#6443,#6465,#6477,#6494,#6506,#6580,#6654,#6676,#6698,#6710,#6727,#6739,#6813,#6887,#6909,#6931,#6943,#6960,#6972,
#7046,#7120,#7142,#7164,#7176,#7193,#7205,#7279,#7353,#7375,#7397,#7409,#7426,#7438,#7512,#7586,#7608,#7630,#7642,#7659,#7671,#7745,#7819,#7841,#7863,
#7875,#7892,#7904,#7978,#8052,#8074,#8096,#8108,#8125,#8137,#8211,#8285,#8307,#8329,#8341,#8358,#8370,#8444,#8518,#8540,#8562,#8574,#8591,#8603,#8677,
#8751,#8773,#8795,#8807,#8824,#8836,#8910,#8984,#9006,#9028,#9040,#9057,#9069,#9091,#9103,#9120,#9132,#9146,#9160,#9178,#9190,#9215,#9232,#9259,#9276,
#9301,#9318,#9345,#9362,#9380,#9392,#9417,#9434,#9459,#9476,#9503,#9520,#9545,#9562,#9589,#9606,#9631,#9648,#9673,#9690,#9715,#9732,#9750,#9762,#9787,
#9804,#9829,#9846,#9871,#9888,#9906,#9918,#9936,#9948,#9973,#9990,#10008,#10020,#10032,#10044,#10056,#10068,#10080,#10092,#10104,#10116,#10128,#10140,#10152,#10164,
#10176,#10188,#10200,#10212,#10224,#10236,#10248,#10260,#10272,#10284,#10302,#10314,#10326,#10344,#10356,#10368,#10386,#10398,#10416,#10428,#10440,#10458,#10470,#10482,#10500,
#10512,#10530,#10542,#10560,#10572,#10590,#10602,#10620,#10632,#10650,#10662,#10680,#10692));
#10694=MANIFOLD_SOLID_BREP('Monolithic Laptop Passive Cooler 3704g',#10693);
#10695=COLOUR_RGB('',0.925490201,0.925490201,0.925490201);
#10696=FILL_AREA_STYLE_COLOUR('',#10695);
#10697=FILL_AREA_STYLE('',(#10696));
#10698=SURFACE_STYLE_FILL_AREA(#10697);
#10699=SURFACE_SIDE_STYLE('',(#10698));
#10700=SURFACE_STYLE_USAGE(.BOTH.,#10699);
#10701=PRESENTATION_STYLE_ASSIGNMENT((#10700));
#54=STYLED_ITEM('',(#10701),#10694);
#35=SHAPE_REPRESENTATION('Monolithic Laptop Passive Cooler',(#15),#33);
#36=ADVANCED_BREP_SHAPE_REPRESENTATION('Monolithic Laptop Passive Cooler',(#10694),#33);
#10709=SHAPE_REPRESENTATION_RELATIONSHIP('','',#35,#36);
#10710=CARTESIAN_POINT('',(0.,0.,0.));
#10711=DIRECTION('',(0.,0.,1.));
#10712=DIRECTION('',(1.,0.,0.));
#10713=AXIS2_PLACEMENT_3D('',#10710,#10711,#10712);
#10715=MAPPED_ITEM('',#10714,#10713);
#10714=REPRESENTATION_MAP(#10713,#35);
#10716=APPLICATION_CONTEXT('Managed model based 3d engineering');
#10717=APPLICATION_PROTOCOL_DEFINITION('international standard','ap242_managed_model_based_3d_engineering',2014,#10716);
#10718=PRODUCT_CONTEXT('',#10716,'mechanical');
#10719=PRODUCT_DEFINITION_CONTEXT('part definition',#10716,'design');
#43=PRODUCT('Monolithic Laptop Passive Cooler','Monolithic Laptop Passive Cooler','',(#10718));
#10720=PRODUCT_RELATED_PRODUCT_CATEGORY('part','',(#43));
#10721=PRODUCT_DEFINITION_FORMATION_WITH_SPECIFIED_SOURCE('','',#43,.NOT_KNOWN.);
#44=PRODUCT_DEFINITION('design','',#10721,#10719);
#42=PRODUCT_DEFINITION_SHAPE('','',#44);
#10722=SHAPE_DEFINITION_REPRESENTATION(#42,#35);
#34=DRAUGHTING_MODEL('',(#10715),#33);
#16=SHAPE_REPRESENTATION('root',(#15,#48),#10);
#10723=CARTESIAN_POINT('',(0.,0.,0.));
#10724=DIRECTION('',(0.,0.,1.));
#10725=DIRECTION('',(1.,0.,0.));
#10726=AXIS2_PLACEMENT_3D('',#10723,#10724,#10725);
#10728=MAPPED_ITEM('',#10727,#10726);
#10727=REPRESENTATION_MAP(#10726,#16);
#24=PRODUCT('root','root','',(#10718));
#10729=PRODUCT_RELATED_PRODUCT_CATEGORY('part','',(#24));
#10730=PRODUCT_DEFINITION_FORMATION_WITH_SPECIFIED_SOURCE('','',#24,.NOT_KNOWN.);
#25=PRODUCT_DEFINITION('design','',#10730,#10719);
#23=PRODUCT_DEFINITION_SHAPE('','',#25);
#10731=SHAPE_DEFINITION_REPRESENTATION(#23,#16);
#11=DRAUGHTING_MODEL('',(#10728),#10);
#10732=DESCRIPTIVE_REPRESENTATION_ITEM('KEY','/Users/user/Library/Containers/com.shapr3d.shapr/Data/tmp/5F2BA113-2D06-4BC8-9AF9-A1DF9160D61B.tmp');
#10733=PROPERTY_DEFINITION('KEY','',#25);
#10734=REPRESENTATION('',(#10732),#10);
#10735=PROPERTY_DEFINITION_REPRESENTATION(#10733,#10734);
#10736=GENERAL_PROPERTY('','KEY','');
#10737=GENERAL_PROPERTY_ASSOCIATION('','',#10736,#10733);
#1=MECHANICAL_DESIGN_GEOMETRIC_PRESENTATION_REPRESENTATION('',(#54),#10);
ENDSEC;
END-ISO-10303-21;
